ref_date,industry,retail_sales_dollars,retail_sales_mom_percent,retail_sales_yoy_percent
2017-01-01,Automobile dealers [4411],11980440000.0,,
2017-02-01,Automobile dealers [4411],11470757000.0,-4.2543,
2017-03-01,Automobile dealers [4411],11789541000.0,2.7791,
2017-04-01,Automobile dealers [4411],11858711000.0,0.5867,
2017-05-01,Automobile dealers [4411],12071414000.0,1.7936,
2017-06-01,Automobile dealers [4411],11882498000.0,-1.565,
2017-07-01,Automobile dealers [4411],12058705000.0,1.4829,
2017-08-01,Automobile dealers [4411],12191935000.0,1.1048,
2017-09-01,Automobile dealers [4411],11854808000.0,-2.7652,
2017-10-01,Automobile dealers [4411],13027825000.0,9.8949,
2017-11-01,Automobile dealers [4411],11874709000.0,-8.8512,
2017-12-01,Automobile dealers [4411],12205161000.0,2.7828,
2018-01-01,Automobile dealers [4411],11962776000.0,-1.9859,-0.1474
2018-02-01,Automobile dealers [4411],12001585000.0,0.3244,4.6277
2018-03-01,Automobile dealers [4411],12223071000.0,1.8455,3.6772
2018-04-01,Automobile dealers [4411],12165426000.0,-0.4716,2.5864
2018-05-01,Automobile dealers [4411],12376079000.0,1.7316,2.5239
2018-06-01,Automobile dealers [4411],12560264000.0,1.4882,5.7039
2018-07-01,Automobile dealers [4411],12156762000.0,-3.2125,0.8132
2018-08-01,Automobile dealers [4411],12333731000.0,1.4557,1.163
2018-09-01,Automobile dealers [4411],12410608000.0,0.6233,4.6884
2018-10-01,Automobile dealers [4411],12589125000.0,1.4384,-3.3674
2018-11-01,Automobile dealers [4411],12242476000.0,-2.7536,3.0971
2018-12-01,Automobile dealers [4411],12614075000.0,3.0353,3.3503
2019-01-01,Automobile dealers [4411],12437311000.0,-1.4013,3.9668
2019-02-01,Automobile dealers [4411],12561896000.0,1.0017,4.6686
2019-03-01,Automobile dealers [4411],12683296000.0,0.9664,3.7652
2019-04-01,Automobile dealers [4411],12676954000.0,-0.05,4.2048
2019-05-01,Automobile dealers [4411],12965978000.0,2.2799,4.7664
2019-06-01,Automobile dealers [4411],12550127000.0,-3.2072,-0.0807
2019-07-01,Automobile dealers [4411],12813553000.0,2.099,5.4027
2019-08-01,Automobile dealers [4411],12962211000.0,1.1602,5.0956
2019-09-01,Automobile dealers [4411],12850003000.0,-0.8657,3.5405
2019-10-01,Automobile dealers [4411],12336624000.0,-3.9952,-2.0057
2019-11-01,Automobile dealers [4411],12734029000.0,3.2213,4.0151
2019-12-01,Automobile dealers [4411],13080013000.0,2.717,3.6938
2020-01-01,Automobile dealers [4411],12669298000.0,-3.14,1.8653
2020-02-01,Automobile dealers [4411],12877925000.0,1.6467,2.5158
2020-03-01,Automobile dealers [4411],8107704000.0,-37.0418,-36.0757
2020-04-01,Automobile dealers [4411],4571873000.0,-43.6108,-63.9356
2020-05-01,Automobile dealers [4411],8132554000.0,77.8823,-37.2777
2020-06-01,Automobile dealers [4411],12537922000.0,54.1696,-0.0973
2020-07-01,Automobile dealers [4411],12727068000.0,1.5086,-0.6749
2020-08-01,Automobile dealers [4411],12699572000.0,-0.216,-2.0262
2020-09-01,Automobile dealers [4411],13802802000.0,8.6871,7.4148
2020-10-01,Automobile dealers [4411],14259596000.0,3.3094,15.5875
2020-11-01,Automobile dealers [4411],13780145000.0,-3.3623,8.2151
2020-12-01,Automobile dealers [4411],12533137000.0,-9.0493,-4.181
2021-01-01,Automobile dealers [4411],12290158000.0,-1.9387,-2.9926
2021-02-01,Automobile dealers [4411],13040714000.0,6.107,1.2641
2021-03-01,Automobile dealers [4411],13980043000.0,7.203,72.4291
2021-04-01,Automobile dealers [4411],14081599000.0,0.7264,208.005
2021-05-01,Automobile dealers [4411],13725510000.0,-2.5288,68.7724
2021-06-01,Automobile dealers [4411],13832310000.0,0.7781,10.3238
2021-07-01,Automobile dealers [4411],14203201000.0,2.6813,11.5984
2021-08-01,Automobile dealers [4411],14307964000.0,0.7376,12.6649
2021-09-01,Automobile dealers [4411],13921951000.0,-2.6979,0.8632
2021-10-01,Automobile dealers [4411],14238346000.0,2.2726,-0.149
2021-11-01,Automobile dealers [4411],14246150000.0,0.0548,3.3817
2021-12-01,Automobile dealers [4411],14134617000.0,-0.7829,12.778
2022-01-01,Automobile dealers [4411],14664344000.0,3.7477,19.3178
2022-02-01,Automobile dealers [4411],13964649000.0,-4.7714,7.085
2022-03-01,Automobile dealers [4411],13447961000.0,-3.7,-3.806
2022-04-01,Automobile dealers [4411],13443598000.0,-0.0324,-4.5307
2022-05-01,Automobile dealers [4411],14014826000.0,4.2491,2.1079
2022-06-01,Automobile dealers [4411],14278549000.0,1.8817,3.2261
2022-07-01,Automobile dealers [4411],14136362000.0,-0.9958,-0.4706
2022-08-01,Automobile dealers [4411],14134544000.0,-0.0129,-1.2121
2022-09-01,Automobile dealers [4411],14251356000.0,0.8264,2.3661
2022-10-01,Automobile dealers [4411],14361513000.0,0.773,0.865
2022-11-01,Automobile dealers [4411],14348727000.0,-0.089,0.72
2022-12-01,Automobile dealers [4411],14459704000.0,0.7734,2.2999
2023-01-01,Automobile dealers [4411],15621311000.0,8.0334,6.5258
2023-02-01,Automobile dealers [4411],15222233000.0,-2.5547,9.0055
2023-03-01,Automobile dealers [4411],14799635000.0,-2.7762,10.0511
2023-04-01,Automobile dealers [4411],14961300000.0,1.0924,11.2894
2023-05-01,Automobile dealers [4411],15003284000.0,0.2806,7.0529
2023-06-01,Automobile dealers [4411],15590057000.0,3.911,9.1852
2023-07-01,Automobile dealers [4411],15243618000.0,-2.2222,7.8327
2023-08-01,Automobile dealers [4411],14927491000.0,-2.0738,5.61
2023-09-01,Automobile dealers [4411],15746206000.0,5.4846,10.4892
2023-10-01,Automobile dealers [4411],15619496000.0,-0.8047,8.7594
2023-11-01,Automobile dealers [4411],15544052000.0,-0.483,8.3305
2023-12-01,Automobile dealers [4411],15699463000.0,0.9998,8.5739
2024-01-01,Automobile dealers [4411],15588655000.0,-0.7058,-0.209
2024-02-01,Automobile dealers [4411],15772048000.0,1.1765,3.6119
2024-03-01,Automobile dealers [4411],15451756000.0,-2.0308,4.4063
2024-04-01,Automobile dealers [4411],15061942000.0,-2.5228,0.6727
2024-05-01,Automobile dealers [4411],15390584000.0,2.1819,2.5814
2024-06-01,Automobile dealers [4411],15111788000.0,-1.8115,-3.0678
2024-07-01,Automobile dealers [4411],15703514000.0,3.9157,3.017
2024-08-01,Automobile dealers [4411],16012640000.0,1.9685,7.2695
2024-09-01,Automobile dealers [4411],16172626000.0,0.9991,2.7081
2024-10-01,Automobile dealers [4411],16682207000.0,3.1509,6.8037
2024-11-01,Automobile dealers [4411],17293209000.0,3.6626,11.2529
2024-12-01,Automobile dealers [4411],17479372000.0,1.0765,11.3374
2025-01-01,Automobile dealers [4411],17070214000.0,-2.3408,9.5041
2025-02-01,Automobile dealers [4411],15817511000.0,-7.3385,0.2883
2025-03-01,Automobile dealers [4411],17010731000.0,7.5437,10.0893
2025-04-01,Automobile dealers [4411],17402407000.0,2.3025,15.5389
2025-05-01,Automobile dealers [4411],16704789000.0,-4.0087,8.539
2025-06-01,Automobile dealers [4411],16698244000.0,-0.0392,10.4981
2025-07-01,Automobile dealers [4411],16640058000.0,-0.3485,5.9639
2025-08-01,Automobile dealers [4411],16921130000.0,1.6891,5.6736
2025-09-01,Automobile dealers [4411],16256441000.0,-3.9282,0.5183
2025-10-01,Automobile dealers [4411],16519469000.0,1.618,-0.9755
2025-11-01,Automobile dealers [4411],16460376000.0,-0.3577,-4.816
2025-12-01,Automobile dealers [4411],16283643000.0,-1.0737,-6.8408
2026-01-01,Automobile dealers [4411],16590358000.0,1.8836,-2.8111
2026-02-01,Automobile dealers [4411],16751376000.0,0.9706,5.904
2026-03-01,Automobile dealers [4411],16757896000.0,0.0389,-1.4863
2026-04-01,Automobile dealers [4411],17073205000.0,1.8816,-1.8917
2026-05-01,Automobile dealers [4411],17156909000.0,0.4903,2.7065
2026-06-01,Automobile dealers [4411],17349547000.0,1.1228,3.9004
2017-01-01,"Automotive parts, accessories and tire retailers [4413]",725113000.0,,
2017-02-01,"Automotive parts, accessories and tire retailers [4413]",749320000.0,3.3384,
2017-03-01,"Automotive parts, accessories and tire retailers [4413]",764892000.0,2.0782,
2017-04-01,"Automotive parts, accessories and tire retailers [4413]",799310000.0,4.4997,
2017-05-01,"Automotive parts, accessories and tire retailers [4413]",808854000.0,1.194,
2017-06-01,"Automotive parts, accessories and tire retailers [4413]",810939000.0,0.2578,
2017-07-01,"Automotive parts, accessories and tire retailers [4413]",810474000.0,-0.0573,
2017-08-01,"Automotive parts, accessories and tire retailers [4413]",803574000.0,-0.8514,
2017-09-01,"Automotive parts, accessories and tire retailers [4413]",804831000.0,0.1564,
2017-10-01,"Automotive parts, accessories and tire retailers [4413]",816246000.0,1.4183,
2017-11-01,"Automotive parts, accessories and tire retailers [4413]",841501000.0,3.094,
2017-12-01,"Automotive parts, accessories and tire retailers [4413]",873883000.0,3.8481,
2018-01-01,"Automotive parts, accessories and tire retailers [4413]",846696000.0,-3.1111,16.7675
2018-02-01,"Automotive parts, accessories and tire retailers [4413]",842375000.0,-0.5103,12.4186
2018-03-01,"Automotive parts, accessories and tire retailers [4413]",833000000.0,-1.1129,8.9043
2018-04-01,"Automotive parts, accessories and tire retailers [4413]",840876000.0,0.9455,5.2002
2018-05-01,"Automotive parts, accessories and tire retailers [4413]",921919000.0,9.6379,13.9784
2018-06-01,"Automotive parts, accessories and tire retailers [4413]",872374000.0,-5.3741,7.5758
2018-07-01,"Automotive parts, accessories and tire retailers [4413]",882352000.0,1.1438,8.8686
2018-08-01,"Automotive parts, accessories and tire retailers [4413]",887807000.0,0.6182,10.4823
2018-09-01,"Automotive parts, accessories and tire retailers [4413]",883456000.0,-0.4901,9.7691
2018-10-01,"Automotive parts, accessories and tire retailers [4413]",894481000.0,1.2479,9.5847
2018-11-01,"Automotive parts, accessories and tire retailers [4413]",849854000.0,-4.9892,0.9926
2018-12-01,"Automotive parts, accessories and tire retailers [4413]",856120000.0,0.7373,-2.0327
2019-01-01,"Automotive parts, accessories and tire retailers [4413]",900579000.0,5.1931,6.3639
2019-02-01,"Automotive parts, accessories and tire retailers [4413]",879493000.0,-2.3414,4.4064
2019-03-01,"Automotive parts, accessories and tire retailers [4413]",901740000.0,2.5295,8.2521
2019-04-01,"Automotive parts, accessories and tire retailers [4413]",909164000.0,0.8233,8.1211
2019-05-01,"Automotive parts, accessories and tire retailers [4413]",917398000.0,0.9057,-0.4904
2019-06-01,"Automotive parts, accessories and tire retailers [4413]",906762000.0,-1.1594,3.9419
2019-07-01,"Automotive parts, accessories and tire retailers [4413]",882022000.0,-2.7284,-0.0374
2019-08-01,"Automotive parts, accessories and tire retailers [4413]",874865000.0,-0.8114,-1.4577
2019-09-01,"Automotive parts, accessories and tire retailers [4413]",926698000.0,5.9247,4.8946
2019-10-01,"Automotive parts, accessories and tire retailers [4413]",893742000.0,-3.5563,-0.0826
2019-11-01,"Automotive parts, accessories and tire retailers [4413]",900531000.0,0.7596,5.963
2019-12-01,"Automotive parts, accessories and tire retailers [4413]",848567000.0,-5.7704,-0.8822
2020-01-01,"Automotive parts, accessories and tire retailers [4413]",904647000.0,6.6088,0.4517
2020-02-01,"Automotive parts, accessories and tire retailers [4413]",900245000.0,-0.4866,2.3595
2020-03-01,"Automotive parts, accessories and tire retailers [4413]",819620000.0,-8.9559,-9.1068
2020-04-01,"Automotive parts, accessories and tire retailers [4413]",707296000.0,-13.7044,-22.2037
2020-05-01,"Automotive parts, accessories and tire retailers [4413]",913756000.0,29.19,-0.397
2020-06-01,"Automotive parts, accessories and tire retailers [4413]",969064000.0,6.0528,6.8708
2020-07-01,"Automotive parts, accessories and tire retailers [4413]",1002537000.0,3.4542,13.6635
2020-08-01,"Automotive parts, accessories and tire retailers [4413]",981502000.0,-2.0982,12.189
2020-09-01,"Automotive parts, accessories and tire retailers [4413]",977952000.0,-0.3617,5.5308
2020-10-01,"Automotive parts, accessories and tire retailers [4413]",1063049000.0,8.7016,18.9436
2020-11-01,"Automotive parts, accessories and tire retailers [4413]",1035201000.0,-2.6196,14.9545
2020-12-01,"Automotive parts, accessories and tire retailers [4413]",1014867000.0,-1.9643,19.5977
2021-01-01,"Automotive parts, accessories and tire retailers [4413]",987635000.0,-2.6833,9.1735
2021-02-01,"Automotive parts, accessories and tire retailers [4413]",1104765000.0,11.8596,22.7183
2021-03-01,"Automotive parts, accessories and tire retailers [4413]",1093445000.0,-1.0247,33.4088
2021-04-01,"Automotive parts, accessories and tire retailers [4413]",1056938000.0,-3.3387,49.4336
2021-05-01,"Automotive parts, accessories and tire retailers [4413]",962416000.0,-8.943,5.3253
2021-06-01,"Automotive parts, accessories and tire retailers [4413]",1038940000.0,7.9512,7.2107
2021-07-01,"Automotive parts, accessories and tire retailers [4413]",1051964000.0,1.2536,4.9302
2021-08-01,"Automotive parts, accessories and tire retailers [4413]",1098887000.0,4.4605,11.9597
2021-09-01,"Automotive parts, accessories and tire retailers [4413]",1084132000.0,-1.3427,10.8574
2021-10-01,"Automotive parts, accessories and tire retailers [4413]",1058639000.0,-2.3515,-0.4148
2021-11-01,"Automotive parts, accessories and tire retailers [4413]",1071169000.0,1.1836,3.4745
2021-12-01,"Automotive parts, accessories and tire retailers [4413]",1165022000.0,8.7617,14.7955
2022-01-01,"Automotive parts, accessories and tire retailers [4413]",1166243000.0,0.1048,18.0844
2022-02-01,"Automotive parts, accessories and tire retailers [4413]",1131212000.0,-3.0037,2.3939
2022-03-01,"Automotive parts, accessories and tire retailers [4413]",1126413000.0,-0.4242,3.0151
2022-04-01,"Automotive parts, accessories and tire retailers [4413]",1111329000.0,-1.3391,5.1461
2022-05-01,"Automotive parts, accessories and tire retailers [4413]",1171490000.0,5.4134,21.7239
2022-06-01,"Automotive parts, accessories and tire retailers [4413]",1202902000.0,2.6814,15.7817
2022-07-01,"Automotive parts, accessories and tire retailers [4413]",1181622000.0,-1.7691,12.3253
2022-08-01,"Automotive parts, accessories and tire retailers [4413]",1202960000.0,1.8058,9.4708
2022-09-01,"Automotive parts, accessories and tire retailers [4413]",1205521000.0,0.2129,11.1969
2022-10-01,"Automotive parts, accessories and tire retailers [4413]",1216140000.0,0.8809,14.8777
2022-11-01,"Automotive parts, accessories and tire retailers [4413]",1211021000.0,-0.4209,13.056
2022-12-01,"Automotive parts, accessories and tire retailers [4413]",1224377000.0,1.1029,5.0948
2023-01-01,"Automotive parts, accessories and tire retailers [4413]",1217591000.0,-0.5542,4.4029
2023-02-01,"Automotive parts, accessories and tire retailers [4413]",1279566000.0,5.09,13.1146
2023-03-01,"Automotive parts, accessories and tire retailers [4413]",1244278000.0,-2.7578,10.4637
2023-04-01,"Automotive parts, accessories and tire retailers [4413]",1292188000.0,3.8504,16.2741
2023-05-01,"Automotive parts, accessories and tire retailers [4413]",1310428000.0,1.4116,11.8599
2023-06-01,"Automotive parts, accessories and tire retailers [4413]",1266874000.0,-3.3236,5.3181
2023-07-01,"Automotive parts, accessories and tire retailers [4413]",1271400000.0,0.3573,7.5979
2023-08-01,"Automotive parts, accessories and tire retailers [4413]",1270781000.0,-0.0487,5.6378
2023-09-01,"Automotive parts, accessories and tire retailers [4413]",1248689000.0,-1.7385,3.5809
2023-10-01,"Automotive parts, accessories and tire retailers [4413]",1262642000.0,1.1174,3.8237
2023-11-01,"Automotive parts, accessories and tire retailers [4413]",1283391000.0,1.6433,5.9759
2023-12-01,"Automotive parts, accessories and tire retailers [4413]",1234958000.0,-3.7738,0.8642
2024-01-01,"Automotive parts, accessories and tire retailers [4413]",1279465000.0,3.6039,5.0817
2024-02-01,"Automotive parts, accessories and tire retailers [4413]",1275224000.0,-0.3315,-0.3393
2024-03-01,"Automotive parts, accessories and tire retailers [4413]",1272664000.0,-0.2007,2.2813
2024-04-01,"Automotive parts, accessories and tire retailers [4413]",1285175000.0,0.9831,-0.5427
2024-05-01,"Automotive parts, accessories and tire retailers [4413]",1240460000.0,-3.4793,-5.3393
2024-06-01,"Automotive parts, accessories and tire retailers [4413]",1247211000.0,0.5442,-1.5521
2024-07-01,"Automotive parts, accessories and tire retailers [4413]",1275560000.0,2.273,0.3272
2024-08-01,"Automotive parts, accessories and tire retailers [4413]",1268209000.0,-0.5763,-0.2024
2024-09-01,"Automotive parts, accessories and tire retailers [4413]",1331897000.0,5.0219,6.6636
2024-10-01,"Automotive parts, accessories and tire retailers [4413]",1305460000.0,-1.9849,3.3911
2024-11-01,"Automotive parts, accessories and tire retailers [4413]",1287078000.0,-1.4081,0.2873
2024-12-01,"Automotive parts, accessories and tire retailers [4413]",1359697000.0,5.6422,10.1007
2025-01-01,"Automotive parts, accessories and tire retailers [4413]",1324225000.0,-2.6088,3.4983
2025-02-01,"Automotive parts, accessories and tire retailers [4413]",1305340000.0,-1.4261,2.3616
2025-03-01,"Automotive parts, accessories and tire retailers [4413]",1402238000.0,7.4232,10.1813
2025-04-01,"Automotive parts, accessories and tire retailers [4413]",1331127000.0,-5.0713,3.5755
2025-05-01,"Automotive parts, accessories and tire retailers [4413]",1342696000.0,0.8691,8.2418
2025-06-01,"Automotive parts, accessories and tire retailers [4413]",1356236000.0,1.0084,8.7415
2025-07-01,"Automotive parts, accessories and tire retailers [4413]",1349624000.0,-0.4875,5.8064
2025-08-01,"Automotive parts, accessories and tire retailers [4413]",1353622000.0,0.2962,6.7349
2025-09-01,"Automotive parts, accessories and tire retailers [4413]",1327869000.0,-1.9025,-0.3024
2025-10-01,"Automotive parts, accessories and tire retailers [4413]",1308365000.0,-1.4688,0.2225
2025-11-01,"Automotive parts, accessories and tire retailers [4413]",1354874000.0,3.5547,5.2674
2025-12-01,"Automotive parts, accessories and tire retailers [4413]",1333203000.0,-1.5995,-1.9485
2026-01-01,"Automotive parts, accessories and tire retailers [4413]",1337018000.0,0.2862,0.9661
2026-02-01,"Automotive parts, accessories and tire retailers [4413]",1333507000.0,-0.2626,2.1578
2026-03-01,"Automotive parts, accessories and tire retailers [4413]",1364120000.0,2.2957,-2.7184
2026-04-01,"Automotive parts, accessories and tire retailers [4413]",1367484000.0,0.2466,2.7313
2026-05-01,"Automotive parts, accessories and tire retailers [4413]",1372978000.0,0.4018,2.2553
2026-06-01,"Automotive parts, accessories and tire retailers [4413]",1366812000.0,-0.4491,0.7798
2017-01-01,"Beer, wine and liquor retailers [4453]",1876004000.0,,
2017-02-01,"Beer, wine and liquor retailers [4453]",1899763000.0,1.2665,
2017-03-01,"Beer, wine and liquor retailers [4453]",1871227000.0,-1.5021,
2017-04-01,"Beer, wine and liquor retailers [4453]",1868945000.0,-0.122,
2017-05-01,"Beer, wine and liquor retailers [4453]",1904297000.0,1.8915,
2017-06-01,"Beer, wine and liquor retailers [4453]",1912735000.0,0.4431,
2017-07-01,"Beer, wine and liquor retailers [4453]",1935253000.0,1.1773,
2017-08-01,"Beer, wine and liquor retailers [4453]",1898103000.0,-1.9196,
2017-09-01,"Beer, wine and liquor retailers [4453]",1912551000.0,0.7612,
2017-10-01,"Beer, wine and liquor retailers [4453]",1929559000.0,0.8893,
2017-11-01,"Beer, wine and liquor retailers [4453]",1917735000.0,-0.6128,
2017-12-01,"Beer, wine and liquor retailers [4453]",1944204000.0,1.3802,
2018-01-01,"Beer, wine and liquor retailers [4453]",1960231000.0,0.8243,4.4897
2018-02-01,"Beer, wine and liquor retailers [4453]",1938721000.0,-1.0973,2.0507
2018-03-01,"Beer, wine and liquor retailers [4453]",1943309000.0,0.2367,3.8521
2018-04-01,"Beer, wine and liquor retailers [4453]",1946280000.0,0.1529,4.1379
2018-05-01,"Beer, wine and liquor retailers [4453]",1992257000.0,2.3623,4.619
2018-06-01,"Beer, wine and liquor retailers [4453]",1958852000.0,-1.6767,2.4111
2018-07-01,"Beer, wine and liquor retailers [4453]",1971604000.0,0.651,1.8784
2018-08-01,"Beer, wine and liquor retailers [4453]",2036372000.0,3.285,7.2846
2018-09-01,"Beer, wine and liquor retailers [4453]",1962211000.0,-3.6418,2.5965
2018-10-01,"Beer, wine and liquor retailers [4453]",2016205000.0,2.7517,4.4905
2018-11-01,"Beer, wine and liquor retailers [4453]",1987759000.0,-1.4109,3.6514
2018-12-01,"Beer, wine and liquor retailers [4453]",1993045000.0,0.2659,2.5121
2019-01-01,"Beer, wine and liquor retailers [4453]",2011843000.0,0.9432,2.633
2019-02-01,"Beer, wine and liquor retailers [4453]",2000271000.0,-0.5752,3.1748
2019-03-01,"Beer, wine and liquor retailers [4453]",1972160000.0,-1.4054,1.4846
2019-04-01,"Beer, wine and liquor retailers [4453]",2057021000.0,4.3029,5.6899
2019-05-01,"Beer, wine and liquor retailers [4453]",2017787000.0,-1.9073,1.2815
2019-06-01,"Beer, wine and liquor retailers [4453]",1992360000.0,-1.2601,1.7106
2019-07-01,"Beer, wine and liquor retailers [4453]",2026678000.0,1.7225,2.7934
2019-08-01,"Beer, wine and liquor retailers [4453]",2017551000.0,-0.4503,-0.9242
2019-09-01,"Beer, wine and liquor retailers [4453]",2031429000.0,0.6879,3.5276
2019-10-01,"Beer, wine and liquor retailers [4453]",2042100000.0,0.5253,1.2843
2019-11-01,"Beer, wine and liquor retailers [4453]",1999791000.0,-2.0718,0.6053
2019-12-01,"Beer, wine and liquor retailers [4453]",2082899000.0,4.1558,4.5084
2020-01-01,"Beer, wine and liquor retailers [4453]",2065229000.0,-0.8483,2.6536
2020-02-01,"Beer, wine and liquor retailers [4453]",2046175000.0,-0.9226,2.2949
2020-03-01,"Beer, wine and liquor retailers [4453]",2308072000.0,12.7993,17.0327
2020-04-01,"Beer, wine and liquor retailers [4453]",2123700000.0,-7.9881,3.2415
2020-05-01,"Beer, wine and liquor retailers [4453]",2050725000.0,-3.4362,1.6324
2020-06-01,"Beer, wine and liquor retailers [4453]",2224155000.0,8.457,11.6342
2020-07-01,"Beer, wine and liquor retailers [4453]",2211898000.0,-0.5511,9.1391
2020-08-01,"Beer, wine and liquor retailers [4453]",2136474000.0,-3.4099,5.8944
2020-09-01,"Beer, wine and liquor retailers [4453]",2201875000.0,3.0612,8.3904
2020-10-01,"Beer, wine and liquor retailers [4453]",2118519000.0,-3.7857,3.7422
2020-11-01,"Beer, wine and liquor retailers [4453]",2225966000.0,5.0718,11.3099
2020-12-01,"Beer, wine and liquor retailers [4453]",2155850000.0,-3.1499,3.5024
2021-01-01,"Beer, wine and liquor retailers [4453]",2181252000.0,1.1783,5.6179
2021-02-01,"Beer, wine and liquor retailers [4453]",2191117000.0,0.4523,7.0836
2021-03-01,"Beer, wine and liquor retailers [4453]",2275332000.0,3.8435,-1.4185
2021-04-01,"Beer, wine and liquor retailers [4453]",2194278000.0,-3.5623,3.3234
2021-05-01,"Beer, wine and liquor retailers [4453]",2144522000.0,-2.2675,4.5738
2021-06-01,"Beer, wine and liquor retailers [4453]",2243134000.0,4.5983,0.8533
2021-07-01,"Beer, wine and liquor retailers [4453]",2182401000.0,-2.7075,-1.3336
2021-08-01,"Beer, wine and liquor retailers [4453]",2199384000.0,0.7782,2.9446
2021-09-01,"Beer, wine and liquor retailers [4453]",2244944000.0,2.0715,1.956
2021-10-01,"Beer, wine and liquor retailers [4453]",2209815000.0,-1.5648,4.3094
2021-11-01,"Beer, wine and liquor retailers [4453]",2256556000.0,2.1152,1.3742
2021-12-01,"Beer, wine and liquor retailers [4453]",2198763000.0,-2.5611,1.9905
2022-01-01,"Beer, wine and liquor retailers [4453]",2186033000.0,-0.579,0.2192
2022-02-01,"Beer, wine and liquor retailers [4453]",2261122000.0,3.4349,3.1949
2022-03-01,"Beer, wine and liquor retailers [4453]",2260466000.0,-0.029,-0.6534
2022-04-01,"Beer, wine and liquor retailers [4453]",2185053000.0,-3.3362,-0.4204
2022-05-01,"Beer, wine and liquor retailers [4453]",2279941000.0,4.3426,6.3146
2022-06-01,"Beer, wine and liquor retailers [4453]",2211269000.0,-3.012,-1.4206
2022-07-01,"Beer, wine and liquor retailers [4453]",2214818000.0,0.1605,1.4854
2022-08-01,"Beer, wine and liquor retailers [4453]",2333396000.0,5.3538,6.0932
2022-09-01,"Beer, wine and liquor retailers [4453]",2257693000.0,-3.2443,0.5679
2022-10-01,"Beer, wine and liquor retailers [4453]",2286568000.0,1.279,3.4733
2022-11-01,"Beer, wine and liquor retailers [4453]",2249945000.0,-1.6017,-0.293
2022-12-01,"Beer, wine and liquor retailers [4453]",2192397000.0,-2.5578,-0.2895
2023-01-01,"Beer, wine and liquor retailers [4453]",2262540000.0,3.1994,3.4998
2023-02-01,"Beer, wine and liquor retailers [4453]",2232157000.0,-1.3429,-1.281
2023-03-01,"Beer, wine and liquor retailers [4453]",2248555000.0,0.7346,-0.5269
2023-04-01,"Beer, wine and liquor retailers [4453]",2251538000.0,0.1327,3.0427
2023-05-01,"Beer, wine and liquor retailers [4453]",2245656000.0,-0.2612,-1.5038
2023-06-01,"Beer, wine and liquor retailers [4453]",2145375000.0,-4.4656,-2.9799
2023-07-01,"Beer, wine and liquor retailers [4453]",2193218000.0,2.2301,-0.9752
2023-08-01,"Beer, wine and liquor retailers [4453]",2167322000.0,-1.1807,-7.1173
2023-09-01,"Beer, wine and liquor retailers [4453]",2133729000.0,-1.55,-5.4907
2023-10-01,"Beer, wine and liquor retailers [4453]",2194599000.0,2.8528,-4.0221
2023-11-01,"Beer, wine and liquor retailers [4453]",2053977000.0,-6.4076,-8.7099
2023-12-01,"Beer, wine and liquor retailers [4453]",2220330000.0,8.0991,1.2741
2024-01-01,"Beer, wine and liquor retailers [4453]",2187026000.0,-1.5,-3.3376
2024-02-01,"Beer, wine and liquor retailers [4453]",2151764000.0,-1.6123,-3.6016
2024-03-01,"Beer, wine and liquor retailers [4453]",2103933000.0,-2.2229,-6.4318
2024-04-01,"Beer, wine and liquor retailers [4453]",2153979000.0,2.3787,-4.333
2024-05-01,"Beer, wine and liquor retailers [4453]",2116990000.0,-1.7172,-5.7296
2024-06-01,"Beer, wine and liquor retailers [4453]",2137941000.0,0.9897,-0.3465
2024-07-01,"Beer, wine and liquor retailers [4453]",2113474000.0,-1.1444,-3.6359
2024-08-01,"Beer, wine and liquor retailers [4453]",2132104000.0,0.8815,-1.625
2024-09-01,"Beer, wine and liquor retailers [4453]",2167103000.0,1.6415,1.5641
2024-10-01,"Beer, wine and liquor retailers [4453]",2189661000.0,1.0409,-0.225
2024-11-01,"Beer, wine and liquor retailers [4453]",2068644000.0,-5.5267,0.7141
2024-12-01,"Beer, wine and liquor retailers [4453]",2283467000.0,10.3847,2.8436
2025-01-01,"Beer, wine and liquor retailers [4453]",2187541000.0,-4.2009,0.0235
2025-02-01,"Beer, wine and liquor retailers [4453]",2227119000.0,1.8092,3.502
2025-03-01,"Beer, wine and liquor retailers [4453]",2039345000.0,-8.4313,-3.0699
2025-04-01,"Beer, wine and liquor retailers [4453]",2106893000.0,3.3122,-2.186
2025-05-01,"Beer, wine and liquor retailers [4453]",2061952000.0,-2.133,-2.5998
2025-06-01,"Beer, wine and liquor retailers [4453]",2175026000.0,5.4838,1.7346
2025-07-01,"Beer, wine and liquor retailers [4453]",2192950000.0,0.8241,3.7604
2025-08-01,"Beer, wine and liquor retailers [4453]",2143064000.0,-2.2748,0.514
2025-09-01,"Beer, wine and liquor retailers [4453]",2176379000.0,1.5545,0.428
2025-10-01,"Beer, wine and liquor retailers [4453]",1961278000.0,-9.8834,-10.4301
2025-11-01,"Beer, wine and liquor retailers [4453]",2185591000.0,11.4371,5.6533
2025-12-01,"Beer, wine and liquor retailers [4453]",2136935000.0,-2.2262,-6.4171
2026-01-01,"Beer, wine and liquor retailers [4453]",2148759000.0,0.5533,-1.7729
2026-02-01,"Beer, wine and liquor retailers [4453]",2111378000.0,-1.7397,-5.1969
2026-03-01,"Beer, wine and liquor retailers [4453]",2133799000.0,1.0619,4.6316
2026-04-01,"Beer, wine and liquor retailers [4453]",2119669000.0,-0.6622,0.6064
2026-05-01,"Beer, wine and liquor retailers [4453]",2102778000.0,-0.7969,1.98
2026-06-01,"Beer, wine and liquor retailers [4453]",2108884000.0,0.2904,-3.041
2017-01-01,Building material and garden equipment and supplies dealers [444],2932069000.0,,
2017-02-01,Building material and garden equipment and supplies dealers [444],2896830000.0,-1.2018,
2017-03-01,Building material and garden equipment and supplies dealers [444],2906472000.0,0.3328,
2017-04-01,Building material and garden equipment and supplies dealers [444],3057746000.0,5.2047,
2017-05-01,Building material and garden equipment and supplies dealers [444],2975191000.0,-2.6999,
2017-06-01,Building material and garden equipment and supplies dealers [444],3049397000.0,2.4942,
2017-07-01,Building material and garden equipment and supplies dealers [444],3091092000.0,1.3673,
2017-08-01,Building material and garden equipment and supplies dealers [444],3081866000.0,-0.2985,
2017-09-01,Building material and garden equipment and supplies dealers [444],3191978000.0,3.5729,
2017-10-01,Building material and garden equipment and supplies dealers [444],3208599000.0,0.5207,
2017-11-01,Building material and garden equipment and supplies dealers [444],3173673000.0,-1.0885,
2017-12-01,Building material and garden equipment and supplies dealers [444],3129602000.0,-1.3886,
2018-01-01,Building material and garden equipment and supplies dealers [444],3051772000.0,-2.4869,4.0825
2018-02-01,Building material and garden equipment and supplies dealers [444],3193031000.0,4.6288,10.225
2018-03-01,Building material and garden equipment and supplies dealers [444],3090334000.0,-3.2163,6.326
2018-04-01,Building material and garden equipment and supplies dealers [444],3110493000.0,0.6523,1.725
2018-05-01,Building material and garden equipment and supplies dealers [444],3257968000.0,4.7412,9.5045
2018-06-01,Building material and garden equipment and supplies dealers [444],3208932000.0,-1.5051,5.2317
2018-07-01,Building material and garden equipment and supplies dealers [444],3182840000.0,-0.8131,2.9681
2018-08-01,Building material and garden equipment and supplies dealers [444],3197785000.0,0.4695,3.7613
2018-09-01,Building material and garden equipment and supplies dealers [444],3104219000.0,-2.926,-2.7494
2018-10-01,Building material and garden equipment and supplies dealers [444],3114829000.0,0.3418,-2.9225
2018-11-01,Building material and garden equipment and supplies dealers [444],3089081000.0,-0.8266,-2.6654
2018-12-01,Building material and garden equipment and supplies dealers [444],3138120000.0,1.5875,0.2722
2019-01-01,Building material and garden equipment and supplies dealers [444],3161261000.0,0.7374,3.5877
2019-02-01,Building material and garden equipment and supplies dealers [444],3068125000.0,-2.9462,-3.9118
2019-03-01,Building material and garden equipment and supplies dealers [444],3210227000.0,4.6316,3.8796
2019-04-01,Building material and garden equipment and supplies dealers [444],3109960000.0,-3.1234,-0.0171
2019-05-01,Building material and garden equipment and supplies dealers [444],3150945000.0,1.3179,-3.285
2019-06-01,Building material and garden equipment and supplies dealers [444],3343539000.0,6.1123,4.1948
2019-07-01,Building material and garden equipment and supplies dealers [444],3341108000.0,-0.0727,4.9725
2019-08-01,Building material and garden equipment and supplies dealers [444],3148277000.0,-5.7715,-1.5482
2019-09-01,Building material and garden equipment and supplies dealers [444],3249924000.0,3.2287,4.6938
2019-10-01,Building material and garden equipment and supplies dealers [444],3140759000.0,-3.359,0.8325
2019-11-01,Building material and garden equipment and supplies dealers [444],3166618000.0,0.8233,2.51
2019-12-01,Building material and garden equipment and supplies dealers [444],3370012000.0,6.4231,7.3895
2020-01-01,Building material and garden equipment and supplies dealers [444],3267442000.0,-3.0436,3.3588
2020-02-01,Building material and garden equipment and supplies dealers [444],3225063000.0,-1.297,5.1151
2020-03-01,Building material and garden equipment and supplies dealers [444],3276406000.0,1.592,2.0615
2020-04-01,Building material and garden equipment and supplies dealers [444],2698945000.0,-17.6248,-13.2161
2020-05-01,Building material and garden equipment and supplies dealers [444],3450953000.0,27.863,9.5212
2020-06-01,Building material and garden equipment and supplies dealers [444],3847179000.0,11.4816,15.0631
2020-07-01,Building material and garden equipment and supplies dealers [444],3625633000.0,-5.7587,8.5159
2020-08-01,Building material and garden equipment and supplies dealers [444],3829445000.0,5.6214,21.6362
2020-09-01,Building material and garden equipment and supplies dealers [444],3844141000.0,0.3838,18.284
2020-10-01,Building material and garden equipment and supplies dealers [444],3960141000.0,3.0176,26.0887
2020-11-01,Building material and garden equipment and supplies dealers [444],4030351000.0,1.7729,27.2762
2020-12-01,Building material and garden equipment and supplies dealers [444],4184566000.0,3.8263,24.1707
2021-01-01,Building material and garden equipment and supplies dealers [444],3996143000.0,-4.5028,22.3019
2021-02-01,Building material and garden equipment and supplies dealers [444],4110679000.0,2.8662,27.4604
2021-03-01,Building material and garden equipment and supplies dealers [444],4924574000.0,19.7995,50.3041
2021-04-01,Building material and garden equipment and supplies dealers [444],4586797000.0,-6.859,69.9478
2021-05-01,Building material and garden equipment and supplies dealers [444],4036036000.0,-12.0075,16.9542
2021-06-01,Building material and garden equipment and supplies dealers [444],3881867000.0,-3.8198,0.9016
2021-07-01,Building material and garden equipment and supplies dealers [444],3768556000.0,-2.919,3.942
2021-08-01,Building material and garden equipment and supplies dealers [444],3763873000.0,-0.1243,-1.7123
2021-09-01,Building material and garden equipment and supplies dealers [444],3812046000.0,1.2799,-0.8349
2021-10-01,Building material and garden equipment and supplies dealers [444],3938125000.0,3.3074,-0.5559
2021-11-01,Building material and garden equipment and supplies dealers [444],4089296000.0,3.8387,1.4625
2021-12-01,Building material and garden equipment and supplies dealers [444],4081326000.0,-0.1949,-2.4672
2022-01-01,Building material and garden equipment and supplies dealers [444],4218662000.0,3.365,5.5683
2022-02-01,Building material and garden equipment and supplies dealers [444],4443719000.0,5.3348,8.1018
2022-03-01,Building material and garden equipment and supplies dealers [444],4526723000.0,1.8679,-8.0789
2022-04-01,Building material and garden equipment and supplies dealers [444],4305411000.0,-4.889,-6.1347
2022-05-01,Building material and garden equipment and supplies dealers [444],4196380000.0,-2.5324,3.9728
2022-06-01,Building material and garden equipment and supplies dealers [444],4236277000.0,0.9507,9.1299
2022-07-01,Building material and garden equipment and supplies dealers [444],4202025000.0,-0.8085,11.5023
2022-08-01,Building material and garden equipment and supplies dealers [444],4229736000.0,0.6595,12.3772
2022-09-01,Building material and garden equipment and supplies dealers [444],4138362000.0,-2.1603,8.5601
2022-10-01,Building material and garden equipment and supplies dealers [444],4136786000.0,-0.0381,5.0446
2022-11-01,Building material and garden equipment and supplies dealers [444],4013346000.0,-2.984,-1.8573
2022-12-01,Building material and garden equipment and supplies dealers [444],3913615000.0,-2.485,-4.1092
2023-01-01,Building material and garden equipment and supplies dealers [444],4057297000.0,3.6713,-3.825
2023-02-01,Building material and garden equipment and supplies dealers [444],3894177000.0,-4.0204,-12.3667
2023-03-01,Building material and garden equipment and supplies dealers [444],3824711000.0,-1.7838,-15.5082
2023-04-01,Building material and garden equipment and supplies dealers [444],3855133000.0,0.7954,-10.4584
2023-05-01,Building material and garden equipment and supplies dealers [444],3869114000.0,0.3627,-7.7988
2023-06-01,Building material and garden equipment and supplies dealers [444],3841703000.0,-0.7085,-9.3142
2023-07-01,Building material and garden equipment and supplies dealers [444],3874082000.0,0.8428,-7.8044
2023-08-01,Building material and garden equipment and supplies dealers [444],3912851000.0,1.0007,-7.4918
2023-09-01,Building material and garden equipment and supplies dealers [444],3916355000.0,0.0896,-5.3646
2023-10-01,Building material and garden equipment and supplies dealers [444],3854900000.0,-1.5692,-6.8141
2023-11-01,Building material and garden equipment and supplies dealers [444],3850354000.0,-0.1179,-4.0612
2023-12-01,Building material and garden equipment and supplies dealers [444],3833590000.0,-0.4354,-2.0448
2024-01-01,Building material and garden equipment and supplies dealers [444],3893633000.0,1.5662,-4.0338
2024-02-01,Building material and garden equipment and supplies dealers [444],3924722000.0,0.7985,0.7844
2024-03-01,Building material and garden equipment and supplies dealers [444],3939514000.0,0.3769,3.0016
2024-04-01,Building material and garden equipment and supplies dealers [444],3919322000.0,-0.5126,1.665
2024-05-01,Building material and garden equipment and supplies dealers [444],3822762000.0,-2.4637,-1.198
2024-06-01,Building material and garden equipment and supplies dealers [444],3797507000.0,-0.6606,-1.1504
2024-07-01,Building material and garden equipment and supplies dealers [444],3797482000.0,-0.0007,-1.9772
2024-08-01,Building material and garden equipment and supplies dealers [444],3770218000.0,-0.7179,-3.6452
2024-09-01,Building material and garden equipment and supplies dealers [444],3944960000.0,4.6348,0.7304
2024-10-01,Building material and garden equipment and supplies dealers [444],3853145000.0,-2.3274,-0.0455
2024-11-01,Building material and garden equipment and supplies dealers [444],3748294000.0,-2.7212,-2.6507
2024-12-01,Building material and garden equipment and supplies dealers [444],3907209000.0,4.2397,1.9204
2025-01-01,Building material and garden equipment and supplies dealers [444],3894003000.0,-0.338,0.0095
2025-02-01,Building material and garden equipment and supplies dealers [444],3824839000.0,-1.7762,-2.545
2025-03-01,Building material and garden equipment and supplies dealers [444],3940612000.0,3.0269,0.0279
2025-04-01,Building material and garden equipment and supplies dealers [444],3906474000.0,-0.8663,-0.3278
2025-05-01,Building material and garden equipment and supplies dealers [444],3974948000.0,1.7528,3.981
2025-06-01,Building material and garden equipment and supplies dealers [444],4070181000.0,2.3958,7.1803
2025-07-01,Building material and garden equipment and supplies dealers [444],3987714000.0,-2.0261,5.0094
2025-08-01,Building material and garden equipment and supplies dealers [444],3939040000.0,-1.2206,4.4778
2025-09-01,Building material and garden equipment and supplies dealers [444],3872549000.0,-1.688,-1.8355
2025-10-01,Building material and garden equipment and supplies dealers [444],3914096000.0,1.0729,1.5819
2025-11-01,Building material and garden equipment and supplies dealers [444],4014654000.0,2.5691,7.1062
2025-12-01,Building material and garden equipment and supplies dealers [444],3858560000.0,-3.8881,-1.2451
2026-01-01,Building material and garden equipment and supplies dealers [444],3897335000.0,1.0049,0.0856
2026-02-01,Building material and garden equipment and supplies dealers [444],3874555000.0,-0.5845,1.2998
2026-03-01,Building material and garden equipment and supplies dealers [444],3704385000.0,-4.392,-5.9947
2026-04-01,Building material and garden equipment and supplies dealers [444],3837499000.0,3.5934,-1.7657
2026-05-01,Building material and garden equipment and supplies dealers [444],3870782000.0,0.8673,-2.6206
2026-06-01,Building material and garden equipment and supplies dealers [444],3917861000.0,1.2163,-3.7423
2018-10-01,Cannabis retailers [459993],42084000.0,,
2018-11-01,Cannabis retailers [459993],55395000.0,31.6296,
2018-12-01,Cannabis retailers [459993],58847000.0,6.2316,
2019-01-01,Cannabis retailers [459993],55449000.0,-5.7743,
2019-02-01,Cannabis retailers [459993],52080000.0,-6.0759,
2019-03-01,Cannabis retailers [459993],60762000.0,16.6705,
2019-04-01,Cannabis retailers [459993],74626000.0,22.8169,
2019-05-01,Cannabis retailers [459993],85933000.0,15.1516,
2019-06-01,Cannabis retailers [459993],91676000.0,6.6831,
2019-07-01,Cannabis retailers [459993],106044000.0,15.6726,
2019-08-01,Cannabis retailers [459993],125930000.0,18.7526,
2019-09-01,Cannabis retailers [459993],122902000.0,-2.4045,
2019-10-01,Cannabis retailers [459993],129952000.0,5.7363,208.7919
2019-11-01,Cannabis retailers [459993],136746000.0,5.2281,146.8562
2019-12-01,Cannabis retailers [459993],147852000.0,8.1216,151.2482
2020-01-01,Cannabis retailers [459993],160716000.0,8.7006,189.8447
2020-02-01,Cannabis retailers [459993],180266000.0,12.1643,246.1329
2020-03-01,Cannabis retailers [459993],185073000.0,2.6666,204.5867
2020-04-01,Cannabis retailers [459993],184469000.0,-0.3264,147.1913
2020-05-01,Cannabis retailers [459993],189059000.0,2.4882,120.0074
2020-06-01,Cannabis retailers [459993],205438000.0,8.6634,124.0914
2020-07-01,Cannabis retailers [459993],220827000.0,7.4908,108.2409
2020-08-01,Cannabis retailers [459993],230618000.0,4.4338,83.1319
2020-09-01,Cannabis retailers [459993],245729000.0,6.5524,99.939
2020-10-01,Cannabis retailers [459993],259748000.0,5.7051,99.88
2020-11-01,Cannabis retailers [459993],263305000.0,1.3694,92.5504
2020-12-01,Cannabis retailers [459993],287970000.0,9.3675,94.7691
2021-01-01,Cannabis retailers [459993],285491000.0,-0.8609,77.6369
2021-02-01,Cannabis retailers [459993],291343000.0,2.0498,61.6184
2021-03-01,Cannabis retailers [459993],300909000.0,3.2834,62.5894
2021-04-01,Cannabis retailers [459993],303217000.0,0.767,64.3729
2021-05-01,Cannabis retailers [459993],316267000.0,4.3038,67.2848
2021-06-01,Cannabis retailers [459993],312233000.0,-1.2755,51.9841
2021-07-01,Cannabis retailers [459993],322726000.0,3.3606,46.1443
2021-08-01,Cannabis retailers [459993],331360000.0,2.6753,43.6835
2021-09-01,Cannabis retailers [459993],336636000.0,1.5922,36.9948
2021-10-01,Cannabis retailers [459993],345173000.0,2.536,32.8876
2021-11-01,Cannabis retailers [459993],346907000.0,0.5024,31.751
2021-12-01,Cannabis retailers [459993],342506000.0,-1.2686,18.9381
2022-01-01,Cannabis retailers [459993],354645000.0,3.5442,24.2228
2022-02-01,Cannabis retailers [459993],359907000.0,1.4837,23.5338
2022-03-01,Cannabis retailers [459993],365640000.0,1.5929,21.5118
2022-04-01,Cannabis retailers [459993],378348000.0,3.4755,24.778
2022-05-01,Cannabis retailers [459993],376014000.0,-0.6169,18.8913
2022-06-01,Cannabis retailers [459993],380553000.0,1.2071,21.8811
2022-07-01,Cannabis retailers [459993],376365000.0,-1.1005,16.6206
2022-08-01,Cannabis retailers [459993],370735000.0,-1.4959,11.8828
2022-09-01,Cannabis retailers [459993],381679000.0,2.952,13.3803
2022-10-01,Cannabis retailers [459993],382051000.0,0.0975,10.6839
2022-11-01,Cannabis retailers [459993],383333000.0,0.3356,10.5002
2022-12-01,Cannabis retailers [459993],410762000.0,7.1554,19.9284
2023-01-01,Cannabis retailers [459993],407832000.0,-0.7133,14.9973
2023-02-01,Cannabis retailers [459993],411466000.0,0.8911,14.3256
2023-03-01,Cannabis retailers [459993],425584000.0,3.4311,16.3943
2023-04-01,Cannabis retailers [459993],420298000.0,-1.2421,11.0877
2023-05-01,Cannabis retailers [459993],425439000.0,1.2232,13.1445
2023-06-01,Cannabis retailers [459993],433833000.0,1.973,14.0007
2023-07-01,Cannabis retailers [459993],438405000.0,1.0539,16.484
2023-08-01,Cannabis retailers [459993],445073000.0,1.521,20.0515
2023-09-01,Cannabis retailers [459993],441234000.0,-0.8626,15.6034
2023-10-01,Cannabis retailers [459993],444885000.0,0.8275,16.4465
2023-11-01,Cannabis retailers [459993],436545000.0,-1.8746,13.8814
2023-12-01,Cannabis retailers [459993],431935000.0,-1.056,5.1546
2024-01-01,Cannabis retailers [459993],439379000.0,1.7234,7.7353
2024-02-01,Cannabis retailers [459993],447474000.0,1.8424,8.7511
2024-03-01,Cannabis retailers [459993],432410000.0,-3.3665,1.6039
2024-04-01,Cannabis retailers [459993],440004000.0,1.7562,4.6886
2024-05-01,Cannabis retailers [459993],440119000.0,0.0261,3.4506
2024-06-01,Cannabis retailers [459993],443391000.0,0.7434,2.2032
2024-07-01,Cannabis retailers [459993],455566000.0,2.7459,3.9144
2024-08-01,Cannabis retailers [459993],466553000.0,2.4117,4.8262
2024-09-01,Cannabis retailers [459993],439876000.0,-5.7179,-0.3078
2024-10-01,Cannabis retailers [459993],458039000.0,4.1291,2.9567
2024-11-01,Cannabis retailers [459993],462183000.0,0.9047,5.8729
2024-12-01,Cannabis retailers [459993],469289000.0,1.5375,8.6481
2025-01-01,Cannabis retailers [459993],451807000.0,-3.7252,2.8285
2025-02-01,Cannabis retailers [459993],456459000.0,1.0296,2.0079
2025-03-01,Cannabis retailers [459993],461736000.0,1.1561,6.782
2025-04-01,Cannabis retailers [459993],467876000.0,1.3298,6.3345
2025-05-01,Cannabis retailers [459993],473395000.0,1.1796,7.5607
2025-06-01,Cannabis retailers [459993],474143000.0,0.158,6.9356
2025-07-01,Cannabis retailers [459993],468804000.0,-1.126,2.9058
2025-08-01,Cannabis retailers [459993],471767000.0,0.632,1.1176
2025-09-01,Cannabis retailers [459993],470777000.0,-0.2098,7.0249
2025-10-01,Cannabis retailers [459993],456303000.0,-3.0745,-0.379
2025-11-01,Cannabis retailers [459993],481218000.0,5.4602,4.1185
2025-12-01,Cannabis retailers [459993],486284000.0,1.0527,3.6214
2026-01-01,Cannabis retailers [459993],487696000.0,0.2904,7.9434
2026-02-01,Cannabis retailers [459993],486474000.0,-0.2506,6.5756
2026-03-01,Cannabis retailers [459993],487630000.0,0.2376,5.608
2026-04-01,Cannabis retailers [459993],494128000.0,1.3326,5.6109
2026-05-01,Cannabis retailers [459993],501321000.0,1.4557,5.8991
2026-06-01,Cannabis retailers [459993],506783000.0,1.0895,6.884
2017-01-01,Clothing and clothing accessories retailers [4581],2166905000.0,,
2017-02-01,Clothing and clothing accessories retailers [4581],2238134000.0,3.2871,
2017-03-01,Clothing and clothing accessories retailers [4581],2160690000.0,-3.4602,
2017-04-01,Clothing and clothing accessories retailers [4581],2216635000.0,2.5892,
2017-05-01,Clothing and clothing accessories retailers [4581],2199545000.0,-0.771,
2017-06-01,Clothing and clothing accessories retailers [4581],2242257000.0,1.9419,
2017-07-01,Clothing and clothing accessories retailers [4581],2248934000.0,0.2978,
2017-08-01,Clothing and clothing accessories retailers [4581],2259892000.0,0.4873,
2017-09-01,Clothing and clothing accessories retailers [4581],2234211000.0,-1.1364,
2017-10-01,Clothing and clothing accessories retailers [4581],2252057000.0,0.7988,
2017-11-01,Clothing and clothing accessories retailers [4581],2315504000.0,2.8173,
2017-12-01,Clothing and clothing accessories retailers [4581],2231703000.0,-3.6191,
2018-01-01,Clothing and clothing accessories retailers [4581],2280888000.0,2.2039,5.2602
2018-02-01,Clothing and clothing accessories retailers [4581],2314068000.0,1.4547,3.3927
2018-03-01,Clothing and clothing accessories retailers [4581],2324939000.0,0.4698,7.6017
2018-04-01,Clothing and clothing accessories retailers [4581],2332864000.0,0.3409,5.2435
2018-05-01,Clothing and clothing accessories retailers [4581],2390704000.0,2.4794,8.6908
2018-06-01,Clothing and clothing accessories retailers [4581],2349300000.0,-1.7319,4.7739
2018-07-01,Clothing and clothing accessories retailers [4581],2400129000.0,2.1636,6.723
2018-08-01,Clothing and clothing accessories retailers [4581],2435826000.0,1.4873,7.7851
2018-09-01,Clothing and clothing accessories retailers [4581],2403342000.0,-1.3336,7.5701
2018-10-01,Clothing and clothing accessories retailers [4581],2381784000.0,-0.897,5.7604
2018-11-01,Clothing and clothing accessories retailers [4581],2384000000.0,0.093,2.9581
2018-12-01,Clothing and clothing accessories retailers [4581],2382768000.0,-0.0517,6.769
2019-01-01,Clothing and clothing accessories retailers [4581],2406567000.0,0.9988,5.5101
2019-02-01,Clothing and clothing accessories retailers [4581],2360678000.0,-1.9068,2.0142
2019-03-01,Clothing and clothing accessories retailers [4581],2434471000.0,3.1259,4.7112
2019-04-01,Clothing and clothing accessories retailers [4581],2399915000.0,-1.4194,2.8742
2019-05-01,Clothing and clothing accessories retailers [4581],2362985000.0,-1.5388,-1.1594
2019-06-01,Clothing and clothing accessories retailers [4581],2457782000.0,4.0117,4.6176
2019-07-01,Clothing and clothing accessories retailers [4581],2426405000.0,-1.2766,1.0948
2019-08-01,Clothing and clothing accessories retailers [4581],2432885000.0,0.2671,-0.1207
2019-09-01,Clothing and clothing accessories retailers [4581],2439337000.0,0.2652,1.4977
2019-10-01,Clothing and clothing accessories retailers [4581],2434195000.0,-0.2108,2.2005
2019-11-01,Clothing and clothing accessories retailers [4581],2430157000.0,-0.1659,1.9361
2019-12-01,Clothing and clothing accessories retailers [4581],2451602000.0,0.8825,2.8888
2020-01-01,Clothing and clothing accessories retailers [4581],2418686000.0,-1.3426,0.5036
2020-02-01,Clothing and clothing accessories retailers [4581],2387584000.0,-1.2859,1.1398
2020-03-01,Clothing and clothing accessories retailers [4581],1215534000.0,-49.0894,-50.0699
2020-04-01,Clothing and clothing accessories retailers [4581],422862000.0,-65.2118,-82.3801
2020-05-01,Clothing and clothing accessories retailers [4581],825543000.0,95.2275,-65.0636
2020-06-01,Clothing and clothing accessories retailers [4581],1902568000.0,130.4626,-22.59
2020-07-01,Clothing and clothing accessories retailers [4581],2030592000.0,6.729,-16.3127
2020-08-01,Clothing and clothing accessories retailers [4581],2133424000.0,5.0641,-12.3089
2020-09-01,Clothing and clothing accessories retailers [4581],2183972000.0,2.3693,-10.4686
2020-10-01,Clothing and clothing accessories retailers [4581],2176607000.0,-0.3372,-10.5821
2020-11-01,Clothing and clothing accessories retailers [4581],2122322000.0,-2.494,-12.6673
2020-12-01,Clothing and clothing accessories retailers [4581],1695325000.0,-20.1193,-30.8483
2021-01-01,Clothing and clothing accessories retailers [4581],1462116000.0,-13.756,-39.5492
2021-02-01,Clothing and clothing accessories retailers [4581],1832212000.0,25.3124,-23.2608
2021-03-01,Clothing and clothing accessories retailers [4581],2265819000.0,23.6658,86.4052
2021-04-01,Clothing and clothing accessories retailers [4581],1540464000.0,-32.0129,264.2947
2021-05-01,Clothing and clothing accessories retailers [4581],1407612000.0,-8.6242,70.5074
2021-06-01,Clothing and clothing accessories retailers [4581],2267984000.0,61.1228,19.2065
2021-07-01,Clothing and clothing accessories retailers [4581],2477322000.0,9.2301,22.0
2021-08-01,Clothing and clothing accessories retailers [4581],2534773000.0,2.3191,18.8124
2021-09-01,Clothing and clothing accessories retailers [4581],2472033000.0,-2.4752,13.1898
2021-10-01,Clothing and clothing accessories retailers [4581],2539370000.0,2.724,16.6664
2021-11-01,Clothing and clothing accessories retailers [4581],2571658000.0,1.2715,21.1719
2021-12-01,Clothing and clothing accessories retailers [4581],2361719000.0,-8.1636,39.3077
2022-01-01,Clothing and clothing accessories retailers [4581],2239799000.0,-5.1623,53.1889
2022-02-01,Clothing and clothing accessories retailers [4581],2587063000.0,15.5042,41.1989
2022-03-01,Clothing and clothing accessories retailers [4581],2640499000.0,2.0655,16.5362
2022-04-01,Clothing and clothing accessories retailers [4581],2559251000.0,-3.077,66.1351
2022-05-01,Clothing and clothing accessories retailers [4581],2675137000.0,4.5281,90.0479
2022-06-01,Clothing and clothing accessories retailers [4581],2703591000.0,1.0636,19.2068
2022-07-01,Clothing and clothing accessories retailers [4581],2644004000.0,-2.204,6.7283
2022-08-01,Clothing and clothing accessories retailers [4581],2646413000.0,0.0911,4.4043
2022-09-01,Clothing and clothing accessories retailers [4581],2705131000.0,2.2188,9.4294
2022-10-01,Clothing and clothing accessories retailers [4581],2665304000.0,-1.4723,4.9593
2022-11-01,Clothing and clothing accessories retailers [4581],2656257000.0,-0.3394,3.2897
2022-12-01,Clothing and clothing accessories retailers [4581],2632546000.0,-0.8926,11.4674
2023-01-01,Clothing and clothing accessories retailers [4581],2689109000.0,2.1486,20.0603
2023-02-01,Clothing and clothing accessories retailers [4581],2721027000.0,1.1869,5.1782
2023-03-01,Clothing and clothing accessories retailers [4581],2726173000.0,0.1891,3.2446
2023-04-01,Clothing and clothing accessories retailers [4581],2733521000.0,0.2695,6.8094
2023-05-01,Clothing and clothing accessories retailers [4581],2727033000.0,-0.2373,1.9399
2023-06-01,Clothing and clothing accessories retailers [4581],2674517000.0,-1.9258,-1.0754
2023-07-01,Clothing and clothing accessories retailers [4581],2682888000.0,0.313,1.4706
2023-08-01,Clothing and clothing accessories retailers [4581],2668306000.0,-0.5435,0.8273
2023-09-01,Clothing and clothing accessories retailers [4581],2671474000.0,0.1187,-1.2442
2023-10-01,Clothing and clothing accessories retailers [4581],2709155000.0,1.4105,1.6453
2023-11-01,Clothing and clothing accessories retailers [4581],2733757000.0,0.9081,2.9176
2023-12-01,Clothing and clothing accessories retailers [4581],2649040000.0,-3.0989,0.6265
2024-01-01,Clothing and clothing accessories retailers [4581],2655817000.0,0.2558,-1.238
2024-02-01,Clothing and clothing accessories retailers [4581],2681809000.0,0.9787,-1.4413
2024-03-01,Clothing and clothing accessories retailers [4581],2625906000.0,-2.0845,-3.6779
2024-04-01,Clothing and clothing accessories retailers [4581],2719411000.0,3.5609,-0.5162
2024-05-01,Clothing and clothing accessories retailers [4581],2700680000.0,-0.6888,-0.9664
2024-06-01,Clothing and clothing accessories retailers [4581],2708280000.0,0.2814,1.2624
2024-07-01,Clothing and clothing accessories retailers [4581],2780334000.0,2.6605,3.6321
2024-08-01,Clothing and clothing accessories retailers [4581],2771907000.0,-0.3031,3.8827
2024-09-01,Clothing and clothing accessories retailers [4581],2786878000.0,0.5401,4.3199
2024-10-01,Clothing and clothing accessories retailers [4581],2826697000.0,1.4288,4.3387
2024-11-01,Clothing and clothing accessories retailers [4581],2758591000.0,-2.4094,0.9084
2024-12-01,Clothing and clothing accessories retailers [4581],2922201000.0,5.9309,10.3117
2025-01-01,Clothing and clothing accessories retailers [4581],2979986000.0,1.9774,12.206
2025-02-01,Clothing and clothing accessories retailers [4581],2928772000.0,-1.7186,9.2088
2025-03-01,Clothing and clothing accessories retailers [4581],3001902000.0,2.497,14.3187
2025-04-01,Clothing and clothing accessories retailers [4581],2953541000.0,-1.611,8.6096
2025-05-01,Clothing and clothing accessories retailers [4581],2941856000.0,-0.3956,8.9302
2025-06-01,Clothing and clothing accessories retailers [4581],3099042000.0,5.3431,14.4284
2025-07-01,Clothing and clothing accessories retailers [4581],3037965000.0,-1.9708,9.2662
2025-08-01,Clothing and clothing accessories retailers [4581],3120236000.0,2.7081,12.5664
2025-09-01,Clothing and clothing accessories retailers [4581],3104656000.0,-0.4993,11.4027
2025-10-01,Clothing and clothing accessories retailers [4581],3061533000.0,-1.389,8.3078
2025-11-01,Clothing and clothing accessories retailers [4581],3127205000.0,2.1451,13.3624
2025-12-01,Clothing and clothing accessories retailers [4581],3136305000.0,0.291,7.3268
2026-01-01,Clothing and clothing accessories retailers [4581],3053344000.0,-2.6452,2.4617
2026-02-01,Clothing and clothing accessories retailers [4581],3109579000.0,1.8418,6.1735
2026-03-01,Clothing and clothing accessories retailers [4581],3139135000.0,0.9505,4.5715
2026-04-01,Clothing and clothing accessories retailers [4581],3122576000.0,-0.5275,5.7231
2026-05-01,Clothing and clothing accessories retailers [4581],3163279000.0,1.3035,7.5266
2026-06-01,Clothing and clothing accessories retailers [4581],3225459000.0,1.9657,4.0792
2017-01-01,"Clothing, clothing accessories, shoes, jewellery, luggage and leather goods retailers [458]",2806609000.0,,
2017-02-01,"Clothing, clothing accessories, shoes, jewellery, luggage and leather goods retailers [458]",2874789000.0,2.4293,
2017-03-01,"Clothing, clothing accessories, shoes, jewellery, luggage and leather goods retailers [458]",2772264000.0,-3.5663,
2017-04-01,"Clothing, clothing accessories, shoes, jewellery, luggage and leather goods retailers [458]",2884378000.0,4.0441,
2017-05-01,"Clothing, clothing accessories, shoes, jewellery, luggage and leather goods retailers [458]",2863147000.0,-0.7361,
2017-06-01,"Clothing, clothing accessories, shoes, jewellery, luggage and leather goods retailers [458]",2902689000.0,1.3811,
2017-07-01,"Clothing, clothing accessories, shoes, jewellery, luggage and leather goods retailers [458]",2902972000.0,0.0097,
2017-08-01,"Clothing, clothing accessories, shoes, jewellery, luggage and leather goods retailers [458]",2903480000.0,0.0175,
2017-09-01,"Clothing, clothing accessories, shoes, jewellery, luggage and leather goods retailers [458]",2875191000.0,-0.9743,
2017-10-01,"Clothing, clothing accessories, shoes, jewellery, luggage and leather goods retailers [458]",2893498000.0,0.6367,
2017-11-01,"Clothing, clothing accessories, shoes, jewellery, luggage and leather goods retailers [458]",2979884000.0,2.9855,
2017-12-01,"Clothing, clothing accessories, shoes, jewellery, luggage and leather goods retailers [458]",2885849000.0,-3.1557,
2018-01-01,"Clothing, clothing accessories, shoes, jewellery, luggage and leather goods retailers [458]",2954961000.0,2.3949,5.2858
2018-02-01,"Clothing, clothing accessories, shoes, jewellery, luggage and leather goods retailers [458]",2976768000.0,0.738,3.5474
2018-03-01,"Clothing, clothing accessories, shoes, jewellery, luggage and leather goods retailers [458]",2976667000.0,-0.0034,7.3731
2018-04-01,"Clothing, clothing accessories, shoes, jewellery, luggage and leather goods retailers [458]",2970369000.0,-0.2116,2.9813
2018-05-01,"Clothing, clothing accessories, shoes, jewellery, luggage and leather goods retailers [458]",3076481000.0,3.5724,7.451
2018-06-01,"Clothing, clothing accessories, shoes, jewellery, luggage and leather goods retailers [458]",3019782000.0,-1.843,4.0339
2018-07-01,"Clothing, clothing accessories, shoes, jewellery, luggage and leather goods retailers [458]",3089733000.0,2.3164,6.4334
2018-08-01,"Clothing, clothing accessories, shoes, jewellery, luggage and leather goods retailers [458]",3089830000.0,0.0031,6.4182
2018-09-01,"Clothing, clothing accessories, shoes, jewellery, luggage and leather goods retailers [458]",3053426000.0,-1.1782,6.1991
2018-10-01,"Clothing, clothing accessories, shoes, jewellery, luggage and leather goods retailers [458]",3060188000.0,0.2215,5.7608
2018-11-01,"Clothing, clothing accessories, shoes, jewellery, luggage and leather goods retailers [458]",3077611000.0,0.5693,3.2796
2018-12-01,"Clothing, clothing accessories, shoes, jewellery, luggage and leather goods retailers [458]",3041240000.0,-1.1818,5.3846
2019-01-01,"Clothing, clothing accessories, shoes, jewellery, luggage and leather goods retailers [458]",3067967000.0,0.8788,3.8243
2019-02-01,"Clothing, clothing accessories, shoes, jewellery, luggage and leather goods retailers [458]",3057200000.0,-0.3509,2.702
2019-03-01,"Clothing, clothing accessories, shoes, jewellery, luggage and leather goods retailers [458]",3149967000.0,3.0344,5.8219
2019-04-01,"Clothing, clothing accessories, shoes, jewellery, luggage and leather goods retailers [458]",3061871000.0,-2.7967,3.0805
2019-05-01,"Clothing, clothing accessories, shoes, jewellery, luggage and leather goods retailers [458]",3027135000.0,-1.1345,-1.604
2019-06-01,"Clothing, clothing accessories, shoes, jewellery, luggage and leather goods retailers [458]",3135602000.0,3.5832,3.8354
2019-07-01,"Clothing, clothing accessories, shoes, jewellery, luggage and leather goods retailers [458]",3082882000.0,-1.6813,-0.2217
2019-08-01,"Clothing, clothing accessories, shoes, jewellery, luggage and leather goods retailers [458]",3121214000.0,1.2434,1.0157
2019-09-01,"Clothing, clothing accessories, shoes, jewellery, luggage and leather goods retailers [458]",3112982000.0,-0.2637,1.9505
2019-10-01,"Clothing, clothing accessories, shoes, jewellery, luggage and leather goods retailers [458]",3126744000.0,0.4421,2.1749
2019-11-01,"Clothing, clothing accessories, shoes, jewellery, luggage and leather goods retailers [458]",3107823000.0,-0.6051,0.9817
2019-12-01,"Clothing, clothing accessories, shoes, jewellery, luggage and leather goods retailers [458]",3154450000.0,1.5003,3.7225
2020-01-01,"Clothing, clothing accessories, shoes, jewellery, luggage and leather goods retailers [458]",3130917000.0,-0.746,2.0518
2020-02-01,"Clothing, clothing accessories, shoes, jewellery, luggage and leather goods retailers [458]",3062350000.0,-2.19,0.1685
2020-03-01,"Clothing, clothing accessories, shoes, jewellery, luggage and leather goods retailers [458]",1568209000.0,-48.7907,-50.2151
2020-04-01,"Clothing, clothing accessories, shoes, jewellery, luggage and leather goods retailers [458]",582595000.0,-62.8497,-80.9726
2020-05-01,"Clothing, clothing accessories, shoes, jewellery, luggage and leather goods retailers [458]",1073988000.0,84.3456,-64.5213
2020-06-01,"Clothing, clothing accessories, shoes, jewellery, luggage and leather goods retailers [458]",2450491000.0,128.1674,-21.8494
2020-07-01,"Clothing, clothing accessories, shoes, jewellery, luggage and leather goods retailers [458]",2666455000.0,8.8131,-13.5077
2020-08-01,"Clothing, clothing accessories, shoes, jewellery, luggage and leather goods retailers [458]",2778042000.0,4.1848,-10.9948
2020-09-01,"Clothing, clothing accessories, shoes, jewellery, luggage and leather goods retailers [458]",2836271000.0,2.096,-8.8889
2020-10-01,"Clothing, clothing accessories, shoes, jewellery, luggage and leather goods retailers [458]",2812985000.0,-0.821,-10.0347
2020-11-01,"Clothing, clothing accessories, shoes, jewellery, luggage and leather goods retailers [458]",2746529000.0,-2.3625,-11.6253
2020-12-01,"Clothing, clothing accessories, shoes, jewellery, luggage and leather goods retailers [458]",2279599000.0,-17.0007,-27.7339
2021-01-01,"Clothing, clothing accessories, shoes, jewellery, luggage and leather goods retailers [458]",1958308000.0,-14.0942,-37.4526
2021-02-01,"Clothing, clothing accessories, shoes, jewellery, luggage and leather goods retailers [458]",2421886000.0,23.6724,-20.9141
2021-03-01,"Clothing, clothing accessories, shoes, jewellery, luggage and leather goods retailers [458]",2961806000.0,22.2934,88.8655
2021-04-01,"Clothing, clothing accessories, shoes, jewellery, luggage and leather goods retailers [458]",2045205000.0,-30.9474,251.0509
2021-05-01,"Clothing, clothing accessories, shoes, jewellery, luggage and leather goods retailers [458]",1875286000.0,-8.3082,74.6096
2021-06-01,"Clothing, clothing accessories, shoes, jewellery, luggage and leather goods retailers [458]",2872325000.0,53.1673,17.2143
2021-07-01,"Clothing, clothing accessories, shoes, jewellery, luggage and leather goods retailers [458]",3220583000.0,12.1246,20.7814
2021-08-01,"Clothing, clothing accessories, shoes, jewellery, luggage and leather goods retailers [458]",3302639000.0,2.5479,18.8837
2021-09-01,"Clothing, clothing accessories, shoes, jewellery, luggage and leather goods retailers [458]",3219391000.0,-2.5207,13.5079
2021-10-01,"Clothing, clothing accessories, shoes, jewellery, luggage and leather goods retailers [458]",3257748000.0,1.1914,15.8111
2021-11-01,"Clothing, clothing accessories, shoes, jewellery, luggage and leather goods retailers [458]",3303403000.0,1.4014,20.2756
2021-12-01,"Clothing, clothing accessories, shoes, jewellery, luggage and leather goods retailers [458]",3089135000.0,-6.4863,35.5122
2022-01-01,"Clothing, clothing accessories, shoes, jewellery, luggage and leather goods retailers [458]",2925597000.0,-5.294,49.3941
2022-02-01,"Clothing, clothing accessories, shoes, jewellery, luggage and leather goods retailers [458]",3311099000.0,13.1769,36.7157
2022-03-01,"Clothing, clothing accessories, shoes, jewellery, luggage and leather goods retailers [458]",3398285000.0,2.6331,14.7369
2022-04-01,"Clothing, clothing accessories, shoes, jewellery, luggage and leather goods retailers [458]",3316666000.0,-2.4018,62.1679
2022-05-01,"Clothing, clothing accessories, shoes, jewellery, luggage and leather goods retailers [458]",3430402000.0,3.4292,82.9269
2022-06-01,"Clothing, clothing accessories, shoes, jewellery, luggage and leather goods retailers [458]",3497328000.0,1.951,21.7595
2022-07-01,"Clothing, clothing accessories, shoes, jewellery, luggage and leather goods retailers [458]",3382912000.0,-3.2715,5.0404
2022-08-01,"Clothing, clothing accessories, shoes, jewellery, luggage and leather goods retailers [458]",3407842000.0,0.7369,3.1854
2022-09-01,"Clothing, clothing accessories, shoes, jewellery, luggage and leather goods retailers [458]",3496669000.0,2.6065,8.6127
2022-10-01,"Clothing, clothing accessories, shoes, jewellery, luggage and leather goods retailers [458]",3433360000.0,-1.8106,5.3906
2022-11-01,"Clothing, clothing accessories, shoes, jewellery, luggage and leather goods retailers [458]",3425448000.0,-0.2304,3.6945
2022-12-01,"Clothing, clothing accessories, shoes, jewellery, luggage and leather goods retailers [458]",3411365000.0,-0.4111,10.4311
2023-01-01,"Clothing, clothing accessories, shoes, jewellery, luggage and leather goods retailers [458]",3455216000.0,1.2854,18.1029
2023-02-01,"Clothing, clothing accessories, shoes, jewellery, luggage and leather goods retailers [458]",3524761000.0,2.0128,6.4529
2023-03-01,"Clothing, clothing accessories, shoes, jewellery, luggage and leather goods retailers [458]",3527188000.0,0.0689,3.7932
2023-04-01,"Clothing, clothing accessories, shoes, jewellery, luggage and leather goods retailers [458]",3566401000.0,1.1117,7.5297
2023-05-01,"Clothing, clothing accessories, shoes, jewellery, luggage and leather goods retailers [458]",3546932000.0,-0.5459,3.397
2023-06-01,"Clothing, clothing accessories, shoes, jewellery, luggage and leather goods retailers [458]",3477645000.0,-1.9534,-0.5628
2023-07-01,"Clothing, clothing accessories, shoes, jewellery, luggage and leather goods retailers [458]",3520019000.0,1.2185,4.0529
2023-08-01,"Clothing, clothing accessories, shoes, jewellery, luggage and leather goods retailers [458]",3470214000.0,-1.4149,1.8302
2023-09-01,"Clothing, clothing accessories, shoes, jewellery, luggage and leather goods retailers [458]",3442303000.0,-0.8043,-1.5548
2023-10-01,"Clothing, clothing accessories, shoes, jewellery, luggage and leather goods retailers [458]",3524439000.0,2.3861,2.6528
2023-11-01,"Clothing, clothing accessories, shoes, jewellery, luggage and leather goods retailers [458]",3552414000.0,0.7937,3.7066
2023-12-01,"Clothing, clothing accessories, shoes, jewellery, luggage and leather goods retailers [458]",3466866000.0,-2.4082,1.6269
2024-01-01,"Clothing, clothing accessories, shoes, jewellery, luggage and leather goods retailers [458]",3471296000.0,0.1278,0.4654
2024-02-01,"Clothing, clothing accessories, shoes, jewellery, luggage and leather goods retailers [458]",3490651000.0,0.5576,-0.9677
2024-03-01,"Clothing, clothing accessories, shoes, jewellery, luggage and leather goods retailers [458]",3393147000.0,-2.7933,-3.8002
2024-04-01,"Clothing, clothing accessories, shoes, jewellery, luggage and leather goods retailers [458]",3520403000.0,3.7504,-1.2898
2024-05-01,"Clothing, clothing accessories, shoes, jewellery, luggage and leather goods retailers [458]",3491243000.0,-0.8283,-1.5701
2024-06-01,"Clothing, clothing accessories, shoes, jewellery, luggage and leather goods retailers [458]",3489545000.0,-0.0486,0.3422
2024-07-01,"Clothing, clothing accessories, shoes, jewellery, luggage and leather goods retailers [458]",3588207000.0,2.8274,1.9371
2024-08-01,"Clothing, clothing accessories, shoes, jewellery, luggage and leather goods retailers [458]",3586257000.0,-0.0543,3.344
2024-09-01,"Clothing, clothing accessories, shoes, jewellery, luggage and leather goods retailers [458]",3600933000.0,0.4092,4.6083
2024-10-01,"Clothing, clothing accessories, shoes, jewellery, luggage and leather goods retailers [458]",3652821000.0,1.441,3.6426
2024-11-01,"Clothing, clothing accessories, shoes, jewellery, luggage and leather goods retailers [458]",3578595000.0,-2.032,0.737
2024-12-01,"Clothing, clothing accessories, shoes, jewellery, luggage and leather goods retailers [458]",3807353000.0,6.3924,9.8212
2025-01-01,"Clothing, clothing accessories, shoes, jewellery, luggage and leather goods retailers [458]",3829823000.0,0.5902,10.3283
2025-02-01,"Clothing, clothing accessories, shoes, jewellery, luggage and leather goods retailers [458]",3779456000.0,-1.3151,8.2737
2025-03-01,"Clothing, clothing accessories, shoes, jewellery, luggage and leather goods retailers [458]",3847933000.0,1.8118,13.4031
2025-04-01,"Clothing, clothing accessories, shoes, jewellery, luggage and leather goods retailers [458]",3780812000.0,-1.7443,7.3971
2025-05-01,"Clothing, clothing accessories, shoes, jewellery, luggage and leather goods retailers [458]",3776537000.0,-0.1131,8.1717
2025-06-01,"Clothing, clothing accessories, shoes, jewellery, luggage and leather goods retailers [458]",3955901000.0,4.7494,13.3644
2025-07-01,"Clothing, clothing accessories, shoes, jewellery, luggage and leather goods retailers [458]",3882458000.0,-1.8565,8.2005
2025-08-01,"Clothing, clothing accessories, shoes, jewellery, luggage and leather goods retailers [458]",3990822000.0,2.7911,11.281
2025-09-01,"Clothing, clothing accessories, shoes, jewellery, luggage and leather goods retailers [458]",3958563000.0,-0.8083,9.9316
2025-10-01,"Clothing, clothing accessories, shoes, jewellery, luggage and leather goods retailers [458]",3916092000.0,-1.0729,7.2073
2025-11-01,"Clothing, clothing accessories, shoes, jewellery, luggage and leather goods retailers [458]",3988159000.0,1.8403,11.4448
2025-12-01,"Clothing, clothing accessories, shoes, jewellery, luggage and leather goods retailers [458]",4007421000.0,0.483,5.2548
2026-01-01,"Clothing, clothing accessories, shoes, jewellery, luggage and leather goods retailers [458]",3912666000.0,-2.3645,2.1631
2026-02-01,"Clothing, clothing accessories, shoes, jewellery, luggage and leather goods retailers [458]",3952355000.0,1.0144,4.5747
2026-03-01,"Clothing, clothing accessories, shoes, jewellery, luggage and leather goods retailers [458]",4006905000.0,1.3802,4.1314
2026-04-01,"Clothing, clothing accessories, shoes, jewellery, luggage and leather goods retailers [458]",3984658000.0,-0.5552,5.3916
2026-05-01,"Clothing, clothing accessories, shoes, jewellery, luggage and leather goods retailers [458]",4044597000.0,1.5042,7.098
2026-06-01,"Clothing, clothing accessories, shoes, jewellery, luggage and leather goods retailers [458]",4169978000.0,3.1,5.4116
2017-01-01,Convenience retailers and vending machine operators [44513],662485000.0,,
2017-02-01,Convenience retailers and vending machine operators [44513],672732000.0,1.5468,
2017-03-01,Convenience retailers and vending machine operators [44513],651069000.0,-3.2202,
2017-04-01,Convenience retailers and vending machine operators [44513],652983000.0,0.294,
2017-05-01,Convenience retailers and vending machine operators [44513],648374000.0,-0.7058,
2017-06-01,Convenience retailers and vending machine operators [44513],654070000.0,0.8785,
2017-07-01,Convenience retailers and vending machine operators [44513],656300000.0,0.3409,
2017-08-01,Convenience retailers and vending machine operators [44513],648727000.0,-1.1539,
2017-09-01,Convenience retailers and vending machine operators [44513],671777000.0,3.5531,
2017-10-01,Convenience retailers and vending machine operators [44513],682825000.0,1.6446,
2017-11-01,Convenience retailers and vending machine operators [44513],673014000.0,-1.4368,
2017-12-01,Convenience retailers and vending machine operators [44513],663524000.0,-1.4101,
2018-01-01,Convenience retailers and vending machine operators [44513],667711000.0,0.631,0.7888
2018-02-01,Convenience retailers and vending machine operators [44513],672240000.0,0.6783,-0.0731
2018-03-01,Convenience retailers and vending machine operators [44513],678791000.0,0.9745,4.2579
2018-04-01,Convenience retailers and vending machine operators [44513],672741000.0,-0.8913,3.0258
2018-05-01,Convenience retailers and vending machine operators [44513],698279000.0,3.7961,7.6969
2018-06-01,Convenience retailers and vending machine operators [44513],694808000.0,-0.4971,6.2284
2018-07-01,Convenience retailers and vending machine operators [44513],724933000.0,4.3357,10.4576
2018-08-01,Convenience retailers and vending machine operators [44513],703810000.0,-2.9138,8.4909
2018-09-01,Convenience retailers and vending machine operators [44513],698102000.0,-0.811,3.9187
2018-10-01,Convenience retailers and vending machine operators [44513],709065000.0,1.5704,3.8429
2018-11-01,Convenience retailers and vending machine operators [44513],717469000.0,1.1852,6.6054
2018-12-01,Convenience retailers and vending machine operators [44513],700619000.0,-2.3485,5.5906
2019-01-01,Convenience retailers and vending machine operators [44513],675740000.0,-3.551,1.2025
2019-02-01,Convenience retailers and vending machine operators [44513],683019000.0,1.0772,1.6034
2019-03-01,Convenience retailers and vending machine operators [44513],680430000.0,-0.3791,0.2415
2019-04-01,Convenience retailers and vending machine operators [44513],662109000.0,-2.6926,-1.5804
2019-05-01,Convenience retailers and vending machine operators [44513],662080000.0,-0.0044,-5.184
2019-06-01,Convenience retailers and vending machine operators [44513],661377000.0,-0.1062,-4.8115
2019-07-01,Convenience retailers and vending machine operators [44513],657356000.0,-0.608,-9.3218
2019-08-01,Convenience retailers and vending machine operators [44513],664487000.0,1.0848,-5.5872
2019-09-01,Convenience retailers and vending machine operators [44513],662470000.0,-0.3035,-5.1041
2019-10-01,Convenience retailers and vending machine operators [44513],659350000.0,-0.471,-7.0113
2019-11-01,Convenience retailers and vending machine operators [44513],662125000.0,0.4209,-7.7138
2019-12-01,Convenience retailers and vending machine operators [44513],686555000.0,3.6896,-2.0074
2020-01-01,Convenience retailers and vending machine operators [44513],684483000.0,-0.3018,1.2938
2020-02-01,Convenience retailers and vending machine operators [44513],678557000.0,-0.8658,-0.6533
2020-03-01,Convenience retailers and vending machine operators [44513],690474000.0,1.7562,1.4761
2020-04-01,Convenience retailers and vending machine operators [44513],727302000.0,5.3337,9.8463
2020-05-01,Convenience retailers and vending machine operators [44513],795406000.0,9.3639,20.1374
2020-06-01,Convenience retailers and vending machine operators [44513],731522000.0,-8.0316,10.6059
2020-07-01,Convenience retailers and vending machine operators [44513],722574000.0,-1.2232,9.9213
2020-08-01,Convenience retailers and vending machine operators [44513],711779000.0,-1.494,7.1171
2020-09-01,Convenience retailers and vending machine operators [44513],720210000.0,1.1845,8.7159
2020-10-01,Convenience retailers and vending machine operators [44513],727479000.0,1.0093,10.3328
2020-11-01,Convenience retailers and vending machine operators [44513],759743000.0,4.435,14.7431
2020-12-01,Convenience retailers and vending machine operators [44513],754567000.0,-0.6813,9.9063
2021-01-01,Convenience retailers and vending machine operators [44513],754847000.0,0.0371,10.2799
2021-02-01,Convenience retailers and vending machine operators [44513],747712000.0,-0.9452,10.1915
2021-03-01,Convenience retailers and vending machine operators [44513],750821000.0,0.4158,8.7399
2021-04-01,Convenience retailers and vending machine operators [44513],742999000.0,-1.0418,2.1583
2021-05-01,Convenience retailers and vending machine operators [44513],726441000.0,-2.2285,-8.6704
2021-06-01,Convenience retailers and vending machine operators [44513],744351000.0,2.4654,1.7537
2021-07-01,Convenience retailers and vending machine operators [44513],691348000.0,-7.1207,-4.3215
2021-08-01,Convenience retailers and vending machine operators [44513],727753000.0,5.2658,2.2442
2021-09-01,Convenience retailers and vending machine operators [44513],734405000.0,0.914,1.971
2021-10-01,Convenience retailers and vending machine operators [44513],708644000.0,-3.5077,-2.5891
2021-11-01,Convenience retailers and vending machine operators [44513],700320000.0,-1.1746,-7.8215
2021-12-01,Convenience retailers and vending machine operators [44513],688011000.0,-1.7576,-8.8204
2022-01-01,Convenience retailers and vending machine operators [44513],719503000.0,4.5773,-4.6823
2022-02-01,Convenience retailers and vending machine operators [44513],703030000.0,-2.2895,-5.9758
2022-03-01,Convenience retailers and vending machine operators [44513],690146000.0,-1.8326,-8.0812
2022-04-01,Convenience retailers and vending machine operators [44513],682920000.0,-1.047,-8.086
2022-05-01,Convenience retailers and vending machine operators [44513],704149000.0,3.1086,-3.0687
2022-06-01,Convenience retailers and vending machine operators [44513],696334000.0,-1.1099,-6.4509
2022-07-01,Convenience retailers and vending machine operators [44513],693834000.0,-0.359,0.3596
2022-08-01,Convenience retailers and vending machine operators [44513],708407000.0,2.1004,-2.6583
2022-09-01,Convenience retailers and vending machine operators [44513],699780000.0,-1.2178,-4.7147
2022-10-01,Convenience retailers and vending machine operators [44513],716309000.0,2.362,1.0816
2022-11-01,Convenience retailers and vending machine operators [44513],711564000.0,-0.6624,1.6056
2022-12-01,Convenience retailers and vending machine operators [44513],677192000.0,-4.8305,-1.5725
2023-01-01,Convenience retailers and vending machine operators [44513],737738000.0,8.9407,2.5344
2023-02-01,Convenience retailers and vending machine operators [44513],740832000.0,0.4194,5.377
2023-03-01,Convenience retailers and vending machine operators [44513],741543000.0,0.096,7.4473
2023-04-01,Convenience retailers and vending machine operators [44513],750781000.0,1.2458,9.9369
2023-05-01,Convenience retailers and vending machine operators [44513],745922000.0,-0.6472,5.9324
2023-06-01,Convenience retailers and vending machine operators [44513],737428000.0,-1.1387,5.9015
2023-07-01,Convenience retailers and vending machine operators [44513],744143000.0,0.9106,7.2509
2023-08-01,Convenience retailers and vending machine operators [44513],749771000.0,0.7563,5.839
2023-09-01,Convenience retailers and vending machine operators [44513],764700000.0,1.9911,9.2772
2023-10-01,Convenience retailers and vending machine operators [44513],729067000.0,-4.6597,1.7811
2023-11-01,Convenience retailers and vending machine operators [44513],728410000.0,-0.0901,2.3675
2023-12-01,Convenience retailers and vending machine operators [44513],718899000.0,-1.3057,6.1588
2024-01-01,Convenience retailers and vending machine operators [44513],721452000.0,0.3551,-2.2076
2024-02-01,Convenience retailers and vending machine operators [44513],716260000.0,-0.7197,-3.3168
2024-03-01,Convenience retailers and vending machine operators [44513],715646000.0,-0.0857,-3.4923
2024-04-01,Convenience retailers and vending machine operators [44513],711922000.0,-0.5204,-5.1758
2024-05-01,Convenience retailers and vending machine operators [44513],714355000.0,0.3418,-4.2319
2024-06-01,Convenience retailers and vending machine operators [44513],698669000.0,-2.1958,-5.256
2024-07-01,Convenience retailers and vending machine operators [44513],705478000.0,0.9746,-5.1959
2024-08-01,Convenience retailers and vending machine operators [44513],699237000.0,-0.8846,-6.7399
2024-09-01,Convenience retailers and vending machine operators [44513],706337000.0,1.0154,-7.6321
2024-10-01,Convenience retailers and vending machine operators [44513],704643000.0,-0.2398,-3.35
2024-11-01,Convenience retailers and vending machine operators [44513],715928000.0,1.6015,-1.7136
2024-12-01,Convenience retailers and vending machine operators [44513],695407000.0,-2.8663,-3.2678
2025-01-01,Convenience retailers and vending machine operators [44513],687076000.0,-1.198,-4.7648
2025-02-01,Convenience retailers and vending machine operators [44513],677156000.0,-1.4438,-5.4595
2025-03-01,Convenience retailers and vending machine operators [44513],694809000.0,2.6069,-2.9116
2025-04-01,Convenience retailers and vending machine operators [44513],691449000.0,-0.4836,-2.8757
2025-05-01,Convenience retailers and vending machine operators [44513],658553000.0,-4.7575,-7.8115
2025-06-01,Convenience retailers and vending machine operators [44513],688392000.0,4.531,-1.4709
2025-07-01,Convenience retailers and vending machine operators [44513],674721000.0,-1.9859,-4.3597
2025-08-01,Convenience retailers and vending machine operators [44513],672335000.0,-0.3536,-3.8473
2025-09-01,Convenience retailers and vending machine operators [44513],670346000.0,-0.2958,-5.0954
2025-10-01,Convenience retailers and vending machine operators [44513],684761000.0,2.1504,-2.8216
2025-11-01,Convenience retailers and vending machine operators [44513],678779000.0,-0.8736,-5.1889
2025-12-01,Convenience retailers and vending machine operators [44513],693019000.0,2.0979,-0.3434
2026-01-01,Convenience retailers and vending machine operators [44513],681782000.0,-1.6215,-0.7705
2026-02-01,Convenience retailers and vending machine operators [44513],691679000.0,1.4516,2.1447
2026-03-01,Convenience retailers and vending machine operators [44513],679400000.0,-1.7752,-2.2177
2026-04-01,Convenience retailers and vending machine operators [44513],675405000.0,-0.588,-2.3203
2026-05-01,Convenience retailers and vending machine operators [44513],659577000.0,-2.3435,0.1555
2026-06-01,Convenience retailers and vending machine operators [44513],664984000.0,0.8198,-3.4004
2017-01-01,Electronics and appliances retailers [4492],1412197000.0,,
2017-02-01,Electronics and appliances retailers [4492],1467089000.0,3.887,
2017-03-01,Electronics and appliances retailers [4492],1552507000.0,5.8223,
2017-04-01,Electronics and appliances retailers [4492],1523658000.0,-1.8582,
2017-05-01,Electronics and appliances retailers [4492],1541837000.0,1.1931,
2017-06-01,Electronics and appliances retailers [4492],1519919000.0,-1.4216,
2017-07-01,Electronics and appliances retailers [4492],1507499000.0,-0.8171,
2017-08-01,Electronics and appliances retailers [4492],1516482000.0,0.5959,
2017-09-01,Electronics and appliances retailers [4492],1509907000.0,-0.4336,
2017-10-01,Electronics and appliances retailers [4492],1495244000.0,-0.9711,
2017-11-01,Electronics and appliances retailers [4492],1650979000.0,10.4154,
2017-12-01,Electronics and appliances retailers [4492],1625456000.0,-1.5459,
2018-01-01,Electronics and appliances retailers [4492],1721178000.0,5.8889,21.8795
2018-02-01,Electronics and appliances retailers [4492],1503763000.0,-12.6318,2.4998
2018-03-01,Electronics and appliances retailers [4492],1500065000.0,-0.2459,-3.3779
2018-04-01,Electronics and appliances retailers [4492],1574123000.0,4.937,3.3121
2018-05-01,Electronics and appliances retailers [4492],1523371000.0,-3.2241,-1.1977
2018-06-01,Electronics and appliances retailers [4492],1526434000.0,0.2011,0.4286
2018-07-01,Electronics and appliances retailers [4492],1558158000.0,2.0783,3.3605
2018-08-01,Electronics and appliances retailers [4492],1543004000.0,-0.9726,1.7489
2018-09-01,Electronics and appliances retailers [4492],1537993000.0,-0.3248,1.8601
2018-10-01,Electronics and appliances retailers [4492],1593181000.0,3.5883,6.5499
2018-11-01,Electronics and appliances retailers [4492],1550237000.0,-2.6955,-6.102
2018-12-01,Electronics and appliances retailers [4492],1498277000.0,-3.3517,-7.8242
2019-01-01,Electronics and appliances retailers [4492],1332610000.0,-11.0572,-22.5757
2019-02-01,Electronics and appliances retailers [4492],1312822000.0,-1.4849,-12.6975
2019-03-01,Electronics and appliances retailers [4492],1407275000.0,7.1947,-6.1857
2019-04-01,Electronics and appliances retailers [4492],1438591000.0,2.2253,-8.61
2019-05-01,Electronics and appliances retailers [4492],1457969000.0,1.347,-4.2932
2019-06-01,Electronics and appliances retailers [4492],1441497000.0,-1.1298,-5.5644
2019-07-01,Electronics and appliances retailers [4492],1433953000.0,-0.5233,-7.9713
2019-08-01,Electronics and appliances retailers [4492],1455289000.0,1.4879,-5.6847
2019-09-01,Electronics and appliances retailers [4492],1428386000.0,-1.8486,-7.1266
2019-10-01,Electronics and appliances retailers [4492],1414915000.0,-0.9431,-11.1893
2019-11-01,Electronics and appliances retailers [4492],1425842000.0,0.7723,-8.0243
2019-12-01,Electronics and appliances retailers [4492],1474300000.0,3.3986,-1.6003
2020-01-01,Electronics and appliances retailers [4492],1429124000.0,-3.0642,7.2425
2020-02-01,Electronics and appliances retailers [4492],1384041000.0,-3.1546,5.4249
2020-03-01,Electronics and appliances retailers [4492],1356030000.0,-2.0239,-3.6414
2020-04-01,Electronics and appliances retailers [4492],1316222000.0,-2.9356,-8.5062
2020-05-01,Electronics and appliances retailers [4492],1428742000.0,8.5487,-2.0046
2020-06-01,Electronics and appliances retailers [4492],1533477000.0,7.3306,6.3809
2020-07-01,Electronics and appliances retailers [4492],1604959000.0,4.6614,11.9255
2020-08-01,Electronics and appliances retailers [4492],1619107000.0,0.8815,11.2567
2020-09-01,Electronics and appliances retailers [4492],1656310000.0,2.2977,15.9568
2020-10-01,Electronics and appliances retailers [4492],1637719000.0,-1.1224,15.7468
2020-11-01,Electronics and appliances retailers [4492],1721043000.0,5.0878,20.7036
2020-12-01,Electronics and appliances retailers [4492],1620535000.0,-5.8399,9.9189
2021-01-01,Electronics and appliances retailers [4492],1572061000.0,-2.9912,10.0017
2021-02-01,Electronics and appliances retailers [4492],1643940000.0,4.5723,18.7783
2021-03-01,Electronics and appliances retailers [4492],1682145000.0,2.324,24.0492
2021-04-01,Electronics and appliances retailers [4492],1614247000.0,-4.0364,22.6425
2021-05-01,Electronics and appliances retailers [4492],1599328000.0,-0.9242,11.9396
2021-06-01,Electronics and appliances retailers [4492],1593737000.0,-0.3496,3.9296
2021-07-01,Electronics and appliances retailers [4492],1616887000.0,1.4526,0.7432
2021-08-01,Electronics and appliances retailers [4492],1591709000.0,-1.5572,-1.6922
2021-09-01,Electronics and appliances retailers [4492],1582373000.0,-0.5865,-4.464
2021-10-01,Electronics and appliances retailers [4492],1604929000.0,1.4255,-2.0022
2021-11-01,Electronics and appliances retailers [4492],1583412000.0,-1.3407,-7.997
2021-12-01,Electronics and appliances retailers [4492],1569933000.0,-0.8513,-3.1225
2022-01-01,Electronics and appliances retailers [4492],1642968000.0,4.6521,4.5104
2022-02-01,Electronics and appliances retailers [4492],1640461000.0,-0.1526,-0.2116
2022-03-01,Electronics and appliances retailers [4492],1675877000.0,2.1589,-0.3726
2022-04-01,Electronics and appliances retailers [4492],1700687000.0,1.4804,5.3548
2022-05-01,Electronics and appliances retailers [4492],1691898000.0,-0.5168,5.7881
2022-06-01,Electronics and appliances retailers [4492],1691821000.0,-0.0046,6.1543
2022-07-01,Electronics and appliances retailers [4492],1641051000.0,-3.0009,1.4945
2022-08-01,Electronics and appliances retailers [4492],1614031000.0,-1.6465,1.4024
2022-09-01,Electronics and appliances retailers [4492],1616996000.0,0.1837,2.188
2022-10-01,Electronics and appliances retailers [4492],1595014000.0,-1.3594,-0.6178
2022-11-01,Electronics and appliances retailers [4492],1589266000.0,-0.3604,0.3697
2022-12-01,Electronics and appliances retailers [4492],1746972000.0,9.9232,11.2769
2023-01-01,Electronics and appliances retailers [4492],1692358000.0,-3.1262,3.0061
2023-02-01,Electronics and appliances retailers [4492],1744566000.0,3.0849,6.3461
2023-03-01,Electronics and appliances retailers [4492],1822271000.0,4.4541,8.7354
2023-04-01,Electronics and appliances retailers [4492],1692836000.0,-7.103,-0.4616
2023-05-01,Electronics and appliances retailers [4492],1742267000.0,2.92,2.9771
2023-06-01,Electronics and appliances retailers [4492],1709655000.0,-1.8718,1.0541
2023-07-01,Electronics and appliances retailers [4492],1753704000.0,2.5765,6.8647
2023-08-01,Electronics and appliances retailers [4492],1760275000.0,0.3747,9.0608
2023-09-01,Electronics and appliances retailers [4492],1746701000.0,-0.7711,8.0214
2023-10-01,Electronics and appliances retailers [4492],1747869000.0,0.0669,9.5833
2023-11-01,Electronics and appliances retailers [4492],1766060000.0,1.0408,11.1243
2023-12-01,Electronics and appliances retailers [4492],1714291000.0,-2.9313,-1.8707
2024-01-01,Electronics and appliances retailers [4492],1741177000.0,1.5683,2.8847
2024-02-01,Electronics and appliances retailers [4492],1751454000.0,0.5902,0.3948
2024-03-01,Electronics and appliances retailers [4492],1660875000.0,-5.1716,-8.8569
2024-04-01,Electronics and appliances retailers [4492],1702336000.0,2.4963,0.5612
2024-05-01,Electronics and appliances retailers [4492],1658094000.0,-2.5989,-4.8312
2024-06-01,Electronics and appliances retailers [4492],1651066000.0,-0.4239,-3.4269
2024-07-01,Electronics and appliances retailers [4492],1682520000.0,1.9051,-4.0591
2024-08-01,Electronics and appliances retailers [4492],1645756000.0,-2.1851,-6.5057
2024-09-01,Electronics and appliances retailers [4492],1649449000.0,0.2244,-5.5678
2024-10-01,Electronics and appliances retailers [4492],1628467000.0,-1.2721,-6.8313
2024-11-01,Electronics and appliances retailers [4492],1631118000.0,0.1628,-7.6409
2024-12-01,Electronics and appliances retailers [4492],1677821000.0,2.8633,-2.1274
2025-01-01,Electronics and appliances retailers [4492],1693827000.0,0.954,-2.7194
2025-02-01,Electronics and appliances retailers [4492],1662439000.0,-1.8531,-5.0823
2025-03-01,Electronics and appliances retailers [4492],1679547000.0,1.0291,1.1242
2025-04-01,Electronics and appliances retailers [4492],1648723000.0,-1.8353,-3.1494
2025-05-01,Electronics and appliances retailers [4492],1623694000.0,-1.5181,-2.0747
2025-06-01,Electronics and appliances retailers [4492],1632464000.0,0.5401,-1.1267
2025-07-01,Electronics and appliances retailers [4492],1568036000.0,-3.9467,-6.8043
2025-08-01,Electronics and appliances retailers [4492],1596689000.0,1.8273,-2.9814
2025-09-01,Electronics and appliances retailers [4492],1566045000.0,-1.9192,-5.0565
2025-10-01,Electronics and appliances retailers [4492],1576302000.0,0.655,-3.2033
2025-11-01,Electronics and appliances retailers [4492],1553176000.0,-1.4671,-4.7784
2025-12-01,Electronics and appliances retailers [4492],1520648000.0,-2.0943,-9.3677
2026-01-01,Electronics and appliances retailers [4492],1488412000.0,-2.1199,-12.1273
2026-02-01,Electronics and appliances retailers [4492],1451915000.0,-2.4521,-12.6636
2026-03-01,Electronics and appliances retailers [4492],1486285000.0,2.3672,-11.5068
2026-04-01,Electronics and appliances retailers [4492],1459821000.0,-1.7805,-11.4575
2026-05-01,Electronics and appliances retailers [4492],1463851000.0,0.2761,-9.8444
2026-06-01,Electronics and appliances retailers [4492],1451504000.0,-0.8435,-11.0851
2017-01-01,"Floor covering, window treatment and other home furnishing retailers [44912]",570761000.0,,
2017-02-01,"Floor covering, window treatment and other home furnishing retailers [44912]",630476000.0,10.4623,
2017-03-01,"Floor covering, window treatment and other home furnishing retailers [44912]",629365000.0,-0.1762,
2017-04-01,"Floor covering, window treatment and other home furnishing retailers [44912]",633018000.0,0.5804,
2017-05-01,"Floor covering, window treatment and other home furnishing retailers [44912]",625914000.0,-1.1222,
2017-06-01,"Floor covering, window treatment and other home furnishing retailers [44912]",635975000.0,1.6074,
2017-07-01,"Floor covering, window treatment and other home furnishing retailers [44912]",629256000.0,-1.0565,
2017-08-01,"Floor covering, window treatment and other home furnishing retailers [44912]",617265000.0,-1.9056,
2017-09-01,"Floor covering, window treatment and other home furnishing retailers [44912]",630513000.0,2.1462,
2017-10-01,"Floor covering, window treatment and other home furnishing retailers [44912]",623895000.0,-1.0496,
2017-11-01,"Floor covering, window treatment and other home furnishing retailers [44912]",639213000.0,2.4552,
2017-12-01,"Floor covering, window treatment and other home furnishing retailers [44912]",606753000.0,-5.0781,
2018-01-01,"Floor covering, window treatment and other home furnishing retailers [44912]",647954000.0,6.7904,13.5246
2018-02-01,"Floor covering, window treatment and other home furnishing retailers [44912]",626738000.0,-3.2743,-0.5929
2018-03-01,"Floor covering, window treatment and other home furnishing retailers [44912]",621456000.0,-0.8428,-1.2567
2018-04-01,"Floor covering, window treatment and other home furnishing retailers [44912]",634188000.0,2.0487,0.1848
2018-05-01,"Floor covering, window treatment and other home furnishing retailers [44912]",638299000.0,0.6482,1.9787
2018-06-01,"Floor covering, window treatment and other home furnishing retailers [44912]",632292000.0,-0.9411,-0.5791
2018-07-01,"Floor covering, window treatment and other home furnishing retailers [44912]",630123000.0,-0.343,0.1378
2018-08-01,"Floor covering, window treatment and other home furnishing retailers [44912]",628464000.0,-0.2633,1.8143
2018-09-01,"Floor covering, window treatment and other home furnishing retailers [44912]",644674000.0,2.5793,2.2459
2018-10-01,"Floor covering, window treatment and other home furnishing retailers [44912]",633436000.0,-1.7432,1.5293
2018-11-01,"Floor covering, window treatment and other home furnishing retailers [44912]",622015000.0,-1.803,-2.6905
2018-12-01,"Floor covering, window treatment and other home furnishing retailers [44912]",625965000.0,0.635,3.1664
2019-01-01,"Floor covering, window treatment and other home furnishing retailers [44912]",616630000.0,-1.4913,-4.8343
2019-02-01,"Floor covering, window treatment and other home furnishing retailers [44912]",623216000.0,1.0681,-0.562
2019-03-01,"Floor covering, window treatment and other home furnishing retailers [44912]",649554000.0,4.2261,4.5213
2019-04-01,"Floor covering, window treatment and other home furnishing retailers [44912]",644260000.0,-0.815,1.5882
2019-05-01,"Floor covering, window treatment and other home furnishing retailers [44912]",643302000.0,-0.1487,0.7838
2019-06-01,"Floor covering, window treatment and other home furnishing retailers [44912]",645337000.0,0.3163,2.0631
2019-07-01,"Floor covering, window treatment and other home furnishing retailers [44912]",649875000.0,0.7032,3.1346
2019-08-01,"Floor covering, window treatment and other home furnishing retailers [44912]",661191000.0,1.7413,5.2075
2019-09-01,"Floor covering, window treatment and other home furnishing retailers [44912]",632502000.0,-4.339,-1.8881
2019-10-01,"Floor covering, window treatment and other home furnishing retailers [44912]",629869000.0,-0.4163,-0.5631
2019-11-01,"Floor covering, window treatment and other home furnishing retailers [44912]",627104000.0,-0.439,0.8181
2019-12-01,"Floor covering, window treatment and other home furnishing retailers [44912]",623917000.0,-0.5082,-0.3272
2020-01-01,"Floor covering, window treatment and other home furnishing retailers [44912]",620219000.0,-0.5927,0.582
2020-02-01,"Floor covering, window treatment and other home furnishing retailers [44912]",632413000.0,1.9661,1.4757
2020-03-01,"Floor covering, window treatment and other home furnishing retailers [44912]",461635000.0,-27.0042,-28.9305
2020-04-01,"Floor covering, window treatment and other home furnishing retailers [44912]",286392000.0,-37.9614,-55.5471
2020-05-01,"Floor covering, window treatment and other home furnishing retailers [44912]",358230000.0,25.0838,-44.3139
2020-06-01,"Floor covering, window treatment and other home furnishing retailers [44912]",584892000.0,63.2728,-9.3664
2020-07-01,"Floor covering, window treatment and other home furnishing retailers [44912]",650177000.0,11.1619,0.0465
2020-08-01,"Floor covering, window treatment and other home furnishing retailers [44912]",658427000.0,1.2689,-0.418
2020-09-01,"Floor covering, window treatment and other home furnishing retailers [44912]",695245000.0,5.5918,9.9198
2020-10-01,"Floor covering, window treatment and other home furnishing retailers [44912]",697036000.0,0.2576,10.6636
2020-11-01,"Floor covering, window treatment and other home furnishing retailers [44912]",751728000.0,7.8464,19.8729
2020-12-01,"Floor covering, window treatment and other home furnishing retailers [44912]",723795000.0,-3.7158,16.0082
2021-01-01,"Floor covering, window treatment and other home furnishing retailers [44912]",630748000.0,-12.8554,1.6976
2021-02-01,"Floor covering, window treatment and other home furnishing retailers [44912]",718279000.0,13.8773,13.5775
2021-03-01,"Floor covering, window treatment and other home furnishing retailers [44912]",741367000.0,3.2143,60.5959
2021-04-01,"Floor covering, window treatment and other home furnishing retailers [44912]",642635000.0,-13.3176,124.39
2021-05-01,"Floor covering, window treatment and other home furnishing retailers [44912]",566574000.0,-11.8358,58.1593
2021-06-01,"Floor covering, window treatment and other home furnishing retailers [44912]",721286000.0,27.3066,23.3195
2021-07-01,"Floor covering, window treatment and other home furnishing retailers [44912]",746769000.0,3.533,14.8563
2021-08-01,"Floor covering, window treatment and other home furnishing retailers [44912]",726360000.0,-2.733,10.3175
2021-09-01,"Floor covering, window treatment and other home furnishing retailers [44912]",718195000.0,-1.1241,3.301
2021-10-01,"Floor covering, window treatment and other home furnishing retailers [44912]",773924000.0,7.7596,11.0307
2021-11-01,"Floor covering, window treatment and other home furnishing retailers [44912]",747677000.0,-3.3914,-0.5389
2021-12-01,"Floor covering, window treatment and other home furnishing retailers [44912]",653768000.0,-12.5601,-9.675
2022-01-01,"Floor covering, window treatment and other home furnishing retailers [44912]",770416000.0,17.8424,22.1432
2022-02-01,"Floor covering, window treatment and other home furnishing retailers [44912]",768211000.0,-0.2862,6.9516
2022-03-01,"Floor covering, window treatment and other home furnishing retailers [44912]",770408000.0,0.286,3.9172
2022-04-01,"Floor covering, window treatment and other home furnishing retailers [44912]",771904000.0,0.1942,20.1155
2022-05-01,"Floor covering, window treatment and other home furnishing retailers [44912]",749178000.0,-2.9441,32.2295
2022-06-01,"Floor covering, window treatment and other home furnishing retailers [44912]",771237000.0,2.9444,6.9253
2022-07-01,"Floor covering, window treatment and other home furnishing retailers [44912]",727132000.0,-5.7187,-2.6296
2022-08-01,"Floor covering, window treatment and other home furnishing retailers [44912]",746889000.0,2.7171,2.8263
2022-09-01,"Floor covering, window treatment and other home furnishing retailers [44912]",777195000.0,4.0576,8.215
2022-10-01,"Floor covering, window treatment and other home furnishing retailers [44912]",730247000.0,-6.0407,-5.6436
2022-11-01,"Floor covering, window treatment and other home furnishing retailers [44912]",721311000.0,-1.2237,-3.5264
2022-12-01,"Floor covering, window treatment and other home furnishing retailers [44912]",731416000.0,1.4009,11.877
2023-01-01,"Floor covering, window treatment and other home furnishing retailers [44912]",742001000.0,1.4472,-3.6883
2023-02-01,"Floor covering, window treatment and other home furnishing retailers [44912]",759039000.0,2.2962,-1.1939
2023-03-01,"Floor covering, window treatment and other home furnishing retailers [44912]",756659000.0,-0.3136,-1.7846
2023-04-01,"Floor covering, window treatment and other home furnishing retailers [44912]",722955000.0,-4.4543,-6.3413
2023-05-01,"Floor covering, window treatment and other home furnishing retailers [44912]",709411000.0,-1.8734,-5.3081
2023-06-01,"Floor covering, window treatment and other home furnishing retailers [44912]",701398000.0,-1.1295,-9.0555
2023-07-01,"Floor covering, window treatment and other home furnishing retailers [44912]",693134000.0,-1.1782,-4.6756
2023-08-01,"Floor covering, window treatment and other home furnishing retailers [44912]",699610000.0,0.9343,-6.3301
2023-09-01,"Floor covering, window treatment and other home furnishing retailers [44912]",685050000.0,-2.0812,-11.8561
2023-10-01,"Floor covering, window treatment and other home furnishing retailers [44912]",689252000.0,0.6134,-5.6139
2023-11-01,"Floor covering, window treatment and other home furnishing retailers [44912]",732655000.0,6.2971,1.5727
2023-12-01,"Floor covering, window treatment and other home furnishing retailers [44912]",700568000.0,-4.3796,-4.2176
2024-01-01,"Floor covering, window treatment and other home furnishing retailers [44912]",665867000.0,-4.9533,-10.2606
2024-02-01,"Floor covering, window treatment and other home furnishing retailers [44912]",690814000.0,3.7465,-8.9883
2024-03-01,"Floor covering, window treatment and other home furnishing retailers [44912]",654504000.0,-5.2561,-13.5008
2024-04-01,"Floor covering, window treatment and other home furnishing retailers [44912]",690933000.0,5.5659,-4.4293
2024-05-01,"Floor covering, window treatment and other home furnishing retailers [44912]",709632000.0,2.7063,0.0312
2024-06-01,"Floor covering, window treatment and other home furnishing retailers [44912]",691291000.0,-2.5846,-1.441
2024-07-01,"Floor covering, window treatment and other home furnishing retailers [44912]",707492000.0,2.3436,2.0715
2024-08-01,"Floor covering, window treatment and other home furnishing retailers [44912]",684598000.0,-3.2359,-2.1458
2024-09-01,"Floor covering, window treatment and other home furnishing retailers [44912]",739952000.0,8.0856,8.0143
2024-10-01,"Floor covering, window treatment and other home furnishing retailers [44912]",717098000.0,-3.0886,4.04
2024-11-01,"Floor covering, window treatment and other home furnishing retailers [44912]",722836000.0,0.8002,-1.3402
2024-12-01,"Floor covering, window treatment and other home furnishing retailers [44912]",710458000.0,-1.7124,1.4117
2025-01-01,"Floor covering, window treatment and other home furnishing retailers [44912]",750591000.0,5.6489,12.7239
2025-02-01,"Floor covering, window treatment and other home furnishing retailers [44912]",702327000.0,-6.4301,1.6666
2025-03-01,"Floor covering, window treatment and other home furnishing retailers [44912]",735536000.0,4.7284,12.3807
2025-04-01,"Floor covering, window treatment and other home furnishing retailers [44912]",739925000.0,0.5967,7.0907
2025-05-01,"Floor covering, window treatment and other home furnishing retailers [44912]",749681000.0,1.3185,5.6436
2025-06-01,"Floor covering, window treatment and other home furnishing retailers [44912]",756753000.0,0.9433,9.4695
2025-07-01,"Floor covering, window treatment and other home furnishing retailers [44912]",760637000.0,0.5132,7.5117
2025-08-01,"Floor covering, window treatment and other home furnishing retailers [44912]",767050000.0,0.8431,12.0439
2025-09-01,"Floor covering, window treatment and other home furnishing retailers [44912]",756923000.0,-1.3203,2.2935
2025-10-01,"Floor covering, window treatment and other home furnishing retailers [44912]",754856000.0,-0.2731,5.2654
2025-11-01,"Floor covering, window treatment and other home furnishing retailers [44912]",775977000.0,2.798,7.3517
2025-12-01,"Floor covering, window treatment and other home furnishing retailers [44912]",714445000.0,-7.9296,0.5612
2026-01-01,"Floor covering, window treatment and other home furnishing retailers [44912]",735967000.0,3.0124,-1.9483
2026-02-01,"Floor covering, window treatment and other home furnishing retailers [44912]",728454000.0,-1.0208,3.7201
2026-03-01,"Floor covering, window treatment and other home furnishing retailers [44912]",716726000.0,-1.61,-2.5573
2026-04-01,"Floor covering, window treatment and other home furnishing retailers [44912]",712568000.0,-0.5801,-3.6973
2026-05-01,"Floor covering, window treatment and other home furnishing retailers [44912]",714942000.0,0.3332,-4.6338
2026-06-01,"Floor covering, window treatment and other home furnishing retailers [44912]",737809000.0,3.1984,-2.5033
2017-01-01,Food and beverage retailers [445],10070575000.0,,
2017-02-01,Food and beverage retailers [445],10145985000.0,0.7488,
2017-03-01,Food and beverage retailers [445],10086385000.0,-0.5874,
2017-04-01,Food and beverage retailers [445],10123868000.0,0.3716,
2017-05-01,Food and beverage retailers [445],10263509000.0,1.3793,
2017-06-01,Food and beverage retailers [445],10286254000.0,0.2216,
2017-07-01,Food and beverage retailers [445],10354279000.0,0.6613,
2017-08-01,Food and beverage retailers [445],10218542000.0,-1.3109,
2017-09-01,Food and beverage retailers [445],10203530000.0,-0.1469,
2017-10-01,Food and beverage retailers [445],10265900000.0,0.6113,
2017-11-01,Food and beverage retailers [445],10172704000.0,-0.9078,
2017-12-01,Food and beverage retailers [445],10336859000.0,1.6137,
2018-01-01,Food and beverage retailers [445],10251747000.0,-0.8234,1.799
2018-02-01,Food and beverage retailers [445],10260449000.0,0.0849,1.1282
2018-03-01,Food and beverage retailers [445],10324790000.0,0.6271,2.3636
2018-04-01,Food and beverage retailers [445],10388367000.0,0.6158,2.6126
2018-05-01,Food and beverage retailers [445],10543427000.0,1.4926,2.7273
2018-06-01,Food and beverage retailers [445],10578112000.0,0.329,2.8374
2018-07-01,Food and beverage retailers [445],10635910000.0,0.5464,2.7199
2018-08-01,Food and beverage retailers [445],10750046000.0,1.0731,5.2014
2018-09-01,Food and beverage retailers [445],10891061000.0,1.3118,6.7382
2018-10-01,Food and beverage retailers [445],10777469000.0,-1.043,4.9832
2018-11-01,Food and beverage retailers [445],10592722000.0,-1.7142,4.1289
2018-12-01,Food and beverage retailers [445],10709243000.0,1.1,3.6025
2019-01-01,Food and beverage retailers [445],10763613000.0,0.5077,4.993
2019-02-01,Food and beverage retailers [445],10884555000.0,1.1236,6.0826
2019-03-01,Food and beverage retailers [445],10784398000.0,-0.9202,4.4515
2019-04-01,Food and beverage retailers [445],10952006000.0,1.5542,5.4257
2019-05-01,Food and beverage retailers [445],10772844000.0,-1.6359,2.1759
2019-06-01,Food and beverage retailers [445],10805742000.0,0.3054,2.1519
2019-07-01,Food and beverage retailers [445],10975187000.0,1.5681,3.1899
2019-08-01,Food and beverage retailers [445],10914266000.0,-0.5551,1.5276
2019-09-01,Food and beverage retailers [445],10964245000.0,0.4579,0.672
2019-10-01,Food and beverage retailers [445],10940116000.0,-0.2201,1.5091
2019-11-01,Food and beverage retailers [445],10884142000.0,-0.5116,2.7511
2019-12-01,Food and beverage retailers [445],11148154000.0,2.4257,4.0984
2020-01-01,Food and beverage retailers [445],11060415000.0,-0.787,2.7575
2020-02-01,Food and beverage retailers [445],11016684000.0,-0.3954,1.2139
2020-03-01,Food and beverage retailers [445],13397848000.0,21.6142,24.2336
2020-04-01,Food and beverage retailers [445],12234273000.0,-8.6848,11.7081
2020-05-01,Food and beverage retailers [445],11910072000.0,-2.6499,10.5564
2020-06-01,Food and beverage retailers [445],12188354000.0,2.3365,12.7952
2020-07-01,Food and beverage retailers [445],12011705000.0,-1.4493,9.4442
2020-08-01,Food and beverage retailers [445],11881631000.0,-1.0829,8.8633
2020-09-01,Food and beverage retailers [445],11981460000.0,0.8402,9.2776
2020-10-01,Food and beverage retailers [445],12004883000.0,0.1955,9.7327
2020-11-01,Food and beverage retailers [445],12412642000.0,3.3966,14.0434
2020-12-01,Food and beverage retailers [445],12182343000.0,-1.8554,9.2768
2021-01-01,Food and beverage retailers [445],12488812000.0,2.5157,12.9145
2021-02-01,Food and beverage retailers [445],12325639000.0,-1.3066,11.8816
2021-03-01,Food and beverage retailers [445],12163835000.0,-1.3127,-9.2105
2021-04-01,Food and beverage retailers [445],12171519000.0,0.0632,-0.5129
2021-05-01,Food and beverage retailers [445],12131148000.0,-0.3317,1.8562
2021-06-01,Food and beverage retailers [445],11941471000.0,-1.5636,-2.0256
2021-07-01,Food and beverage retailers [445],11587631000.0,-2.9631,-3.5305
2021-08-01,Food and beverage retailers [445],11929835000.0,2.9532,0.4057
2021-09-01,Food and beverage retailers [445],12055532000.0,1.0536,0.6182
2021-10-01,Food and beverage retailers [445],11913839000.0,-1.1753,-0.7584
2021-11-01,Food and beverage retailers [445],12132902000.0,1.8387,-2.2537
2021-12-01,Food and beverage retailers [445],11926205000.0,-1.7036,-2.1025
2022-01-01,Food and beverage retailers [445],12219430000.0,2.4587,-2.157
2022-02-01,Food and beverage retailers [445],12155993000.0,-0.5191,-1.3764
2022-03-01,Food and beverage retailers [445],12248043000.0,0.7572,0.6923
2022-04-01,Food and beverage retailers [445],12086628000.0,-1.3179,-0.6975
2022-05-01,Food and beverage retailers [445],12289972000.0,1.6824,1.3092
2022-06-01,Food and beverage retailers [445],12180614000.0,-0.8898,2.0026
2022-07-01,Food and beverage retailers [445],12135495000.0,-0.3704,4.728
2022-08-01,Food and beverage retailers [445],12524034000.0,3.2017,4.9808
2022-09-01,Food and beverage retailers [445],12288780000.0,-1.8784,1.9348
2022-10-01,Food and beverage retailers [445],12539412000.0,2.0395,5.2508
2022-11-01,Food and beverage retailers [445],12474495000.0,-0.5177,2.8154
2022-12-01,Food and beverage retailers [445],12298520000.0,-1.4107,3.1218
2023-01-01,Food and beverage retailers [445],12538667000.0,1.9526,2.6125
2023-02-01,Food and beverage retailers [445],12558396000.0,0.1573,3.3103
2023-03-01,Food and beverage retailers [445],12693921000.0,1.0792,3.6404
2023-04-01,Food and beverage retailers [445],12762767000.0,0.5424,5.5941
2023-05-01,Food and beverage retailers [445],12991706000.0,1.7938,5.7098
2023-06-01,Food and beverage retailers [445],12764873000.0,-1.746,4.7966
2023-07-01,Food and beverage retailers [445],12909808000.0,1.1354,6.3806
2023-08-01,Food and beverage retailers [445],12823483000.0,-0.6687,2.391
2023-09-01,Food and beverage retailers [445],12728152000.0,-0.7434,3.5754
2023-10-01,Food and beverage retailers [445],12780223000.0,0.4091,1.9204
2023-11-01,Food and beverage retailers [445],12581663000.0,-1.5537,0.8591
2023-12-01,Food and beverage retailers [445],12794298000.0,1.69,4.0312
2024-01-01,Food and beverage retailers [445],12818437000.0,0.1887,2.2313
2024-02-01,Food and beverage retailers [445],12709218000.0,-0.852,1.201
2024-03-01,Food and beverage retailers [445],12658507000.0,-0.399,-0.279
2024-04-01,Food and beverage retailers [445],12820823000.0,1.2823,0.4549
2024-05-01,Food and beverage retailers [445],12665892000.0,-1.2084,-2.5079
2024-06-01,Food and beverage retailers [445],12763840000.0,0.7733,-0.0081
2024-07-01,Food and beverage retailers [445],12947136000.0,1.4361,0.2891
2024-08-01,Food and beverage retailers [445],12792557000.0,-1.1939,-0.2412
2024-09-01,Food and beverage retailers [445],13083807000.0,2.2767,2.7942
2024-10-01,Food and beverage retailers [445],13049671000.0,-0.2609,2.1083
2024-11-01,Food and beverage retailers [445],12741324000.0,-2.3629,1.269
2024-12-01,Food and beverage retailers [445],13255158000.0,4.0328,3.6021
2025-01-01,Food and beverage retailers [445],13041493000.0,-1.6119,1.7401
2025-02-01,Food and beverage retailers [445],13264752000.0,1.7119,4.3711
2025-03-01,Food and beverage retailers [445],13144048000.0,-0.91,3.8357
2025-04-01,Food and beverage retailers [445],13205562000.0,0.468,3.0009
2025-05-01,Food and beverage retailers [445],13047091000.0,-1.2,3.0096
2025-06-01,Food and beverage retailers [445],13388559000.0,2.6172,4.8944
2025-07-01,Food and beverage retailers [445],13192114000.0,-1.4673,1.8921
2025-08-01,Food and beverage retailers [445],13265912000.0,0.5594,3.7002
2025-09-01,Food and beverage retailers [445],13269418000.0,0.0264,1.4186
2025-10-01,Food and beverage retailers [445],13049030000.0,-1.6609,-0.0049
2025-11-01,Food and beverage retailers [445],13415418000.0,2.8078,5.2906
2025-12-01,Food and beverage retailers [445],13371839000.0,-0.3248,0.8803
2026-01-01,Food and beverage retailers [445],13355970000.0,-0.1187,2.4114
2026-02-01,Food and beverage retailers [445],13446382000.0,0.6769,1.3693
2026-03-01,Food and beverage retailers [445],13521926000.0,0.5618,2.8749
2026-04-01,Food and beverage retailers [445],13231765000.0,-2.1459,0.1984
2026-05-01,Food and beverage retailers [445],13272897000.0,0.3109,1.7307
2026-06-01,Food and beverage retailers [445],13214731000.0,-0.4382,-1.2983
2017-01-01,Furniture retailers [44911],990249000.0,,
2017-02-01,Furniture retailers [44911],1024380000.0,3.4467,
2017-03-01,Furniture retailers [44911],990448000.0,-3.3124,
2017-04-01,Furniture retailers [44911],994207000.0,0.3795,
2017-05-01,Furniture retailers [44911],1006768000.0,1.2634,
2017-06-01,Furniture retailers [44911],1015184000.0,0.8359,
2017-07-01,Furniture retailers [44911],1001690000.0,-1.3292,
2017-08-01,Furniture retailers [44911],1007907000.0,0.6207,
2017-09-01,Furniture retailers [44911],1012887000.0,0.4941,
2017-10-01,Furniture retailers [44911],1027660000.0,1.4585,
2017-11-01,Furniture retailers [44911],1028829000.0,0.1138,
2017-12-01,Furniture retailers [44911],998247000.0,-2.9725,
2018-01-01,Furniture retailers [44911],1024457000.0,2.6256,3.4545
2018-02-01,Furniture retailers [44911],1020512000.0,-0.3851,-0.3776
2018-03-01,Furniture retailers [44911],1045314000.0,2.4303,5.5395
2018-04-01,Furniture retailers [44911],1029231000.0,-1.5386,3.5228
2018-05-01,Furniture retailers [44911],1018654000.0,-1.0277,1.1806
2018-06-01,Furniture retailers [44911],1018129000.0,-0.0515,0.2901
2018-07-01,Furniture retailers [44911],1045893000.0,2.727,4.4128
2018-08-01,Furniture retailers [44911],1031710000.0,-1.3561,2.3616
2018-09-01,Furniture retailers [44911],1038444000.0,0.6527,2.5232
2018-10-01,Furniture retailers [44911],1003241000.0,-3.39,-2.3762
2018-11-01,Furniture retailers [44911],1037978000.0,3.4625,0.8893
2018-12-01,Furniture retailers [44911],1045978000.0,0.7707,4.7815
2019-01-01,Furniture retailers [44911],1034890000.0,-1.0601,1.0184
2019-02-01,Furniture retailers [44911],1039363000.0,0.4322,1.8472
2019-03-01,Furniture retailers [44911],1048541000.0,0.883,0.3087
2019-04-01,Furniture retailers [44911],1065976000.0,1.6628,3.5701
2019-05-01,Furniture retailers [44911],1093754000.0,2.6059,7.3725
2019-06-01,Furniture retailers [44911],1067728000.0,-2.3795,4.8716
2019-07-01,Furniture retailers [44911],1094733000.0,2.5292,4.6697
2019-08-01,Furniture retailers [44911],1076119000.0,-1.7003,4.3044
2019-09-01,Furniture retailers [44911],1065580000.0,-0.9794,2.6131
2019-10-01,Furniture retailers [44911],1060957000.0,-0.4338,5.753
2019-11-01,Furniture retailers [44911],1040462000.0,-1.9317,0.2393
2019-12-01,Furniture retailers [44911],1119299000.0,7.5771,7.0098
2020-01-01,Furniture retailers [44911],1115603000.0,-0.3302,7.7992
2020-02-01,Furniture retailers [44911],1145442000.0,2.6747,10.2062
2020-03-01,Furniture retailers [44911],829313000.0,-27.5989,-20.9079
2020-04-01,Furniture retailers [44911],433739000.0,-47.699,-59.3106
2020-05-01,Furniture retailers [44911],726785000.0,67.5628,-33.5513
2020-06-01,Furniture retailers [44911],1209328000.0,66.3942,13.2618
2020-07-01,Furniture retailers [44911],1202407000.0,-0.5723,9.8356
2020-08-01,Furniture retailers [44911],1117747000.0,-7.0409,3.8683
2020-09-01,Furniture retailers [44911],1227206000.0,9.7928,15.1679
2020-10-01,Furniture retailers [44911],1318622000.0,7.4491,24.2861
2020-11-01,Furniture retailers [44911],1278344000.0,-3.0546,22.8631
2020-12-01,Furniture retailers [44911],1198869000.0,-6.217,7.1089
2021-01-01,Furniture retailers [44911],959596000.0,-19.9582,-13.9841
2021-02-01,Furniture retailers [44911],1196520000.0,24.69,4.4592
2021-03-01,Furniture retailers [44911],1344730000.0,12.3868,62.1499
2021-04-01,Furniture retailers [44911],1078493000.0,-19.7985,148.6502
2021-05-01,Furniture retailers [44911],1105542000.0,2.508,52.114
2021-06-01,Furniture retailers [44911],1277721000.0,15.5742,5.6555
2021-07-01,Furniture retailers [44911],1373538000.0,7.4991,14.2324
2021-08-01,Furniture retailers [44911],1292055000.0,-5.9323,15.5946
2021-09-01,Furniture retailers [44911],1294950000.0,0.2241,5.5202
2021-10-01,Furniture retailers [44911],1335794000.0,3.1541,1.3023
2021-11-01,Furniture retailers [44911],1309154000.0,-1.9943,2.4101
2021-12-01,Furniture retailers [44911],1243410000.0,-5.0219,3.7153
2022-01-01,Furniture retailers [44911],1352011000.0,8.7341,40.8938
2022-02-01,Furniture retailers [44911],1285338000.0,-4.9314,7.423
2022-03-01,Furniture retailers [44911],1309295000.0,1.8639,-2.6351
2022-04-01,Furniture retailers [44911],1301143000.0,-0.6226,20.6445
2022-05-01,Furniture retailers [44911],1284950000.0,-1.2445,16.2281
2022-06-01,Furniture retailers [44911],1283914000.0,-0.0806,0.4847
2022-07-01,Furniture retailers [44911],1236888000.0,-3.6627,-9.9488
2022-08-01,Furniture retailers [44911],1267719000.0,2.4926,-1.8835
2022-09-01,Furniture retailers [44911],1251290000.0,-1.2959,-3.3716
2022-10-01,Furniture retailers [44911],1263563000.0,0.9808,-5.4073
2022-11-01,Furniture retailers [44911],1249241000.0,-1.1335,-4.5765
2022-12-01,Furniture retailers [44911],1252788000.0,0.2839,0.7542
2023-01-01,Furniture retailers [44911],1207072000.0,-3.6491,-10.7203
2023-02-01,Furniture retailers [44911],1228044000.0,1.7374,-4.4575
2023-03-01,Furniture retailers [44911],1206625000.0,-1.7442,-7.8416
2023-04-01,Furniture retailers [44911],1187740000.0,-1.5651,-8.7156
2023-05-01,Furniture retailers [44911],1139966000.0,-4.0223,-11.2832
2023-06-01,Furniture retailers [44911],1191939000.0,4.5592,-7.1636
2023-07-01,Furniture retailers [44911],1197223000.0,0.4433,-3.2068
2023-08-01,Furniture retailers [44911],1198477000.0,0.1047,-5.4619
2023-09-01,Furniture retailers [44911],1209531000.0,0.9223,-3.3373
2023-10-01,Furniture retailers [44911],1188042000.0,-1.7766,-5.9768
2023-11-01,Furniture retailers [44911],1197945000.0,0.8336,-4.1062
2023-12-01,Furniture retailers [44911],1182411000.0,-1.2967,-5.6176
2024-01-01,Furniture retailers [44911],1221044000.0,3.2673,1.1575
2024-02-01,Furniture retailers [44911],1213900000.0,-0.5851,-1.1518
2024-03-01,Furniture retailers [44911],1179869000.0,-2.8034,-2.2174
2024-04-01,Furniture retailers [44911],1145620000.0,-2.9028,-3.5462
2024-05-01,Furniture retailers [44911],1142103000.0,-0.307,0.1875
2024-06-01,Furniture retailers [44911],1141842000.0,-0.0229,-4.203
2024-07-01,Furniture retailers [44911],1152509000.0,0.9342,-3.7348
2024-08-01,Furniture retailers [44911],1153982000.0,0.1278,-3.7126
2024-09-01,Furniture retailers [44911],1162890000.0,0.7719,-3.8561
2024-10-01,Furniture retailers [44911],1174036000.0,0.9585,-1.1789
2024-11-01,Furniture retailers [44911],1182598000.0,0.7293,-1.2811
2024-12-01,Furniture retailers [44911],1194109000.0,0.9734,0.9893
2025-01-01,Furniture retailers [44911],1257135000.0,5.2781,2.9557
2025-02-01,Furniture retailers [44911],1187391000.0,-5.5479,-2.1838
2025-03-01,Furniture retailers [44911],1215324000.0,2.3525,3.005
2025-04-01,Furniture retailers [44911],1220316000.0,0.4108,6.5201
2025-05-01,Furniture retailers [44911],1217974000.0,-0.1919,6.6431
2025-06-01,Furniture retailers [44911],1195432000.0,-1.8508,4.6933
2025-07-01,Furniture retailers [44911],1206830000.0,0.9535,4.7133
2025-08-01,Furniture retailers [44911],1171131000.0,-2.9581,1.4861
2025-09-01,Furniture retailers [44911],1140339000.0,-2.6293,-1.9392
2025-10-01,Furniture retailers [44911],1176224000.0,3.1469,0.1864
2025-11-01,Furniture retailers [44911],1171898000.0,-0.3678,-0.9048
2025-12-01,Furniture retailers [44911],1166948000.0,-0.4224,-2.2746
2026-01-01,Furniture retailers [44911],1163878000.0,-0.2631,-7.4182
2026-02-01,Furniture retailers [44911],1170726000.0,0.5884,-1.4035
2026-03-01,Furniture retailers [44911],1168248000.0,-0.2117,-3.8735
2026-04-01,Furniture retailers [44911],1181494000.0,1.1338,-3.1813
2026-05-01,Furniture retailers [44911],1188270000.0,0.5735,-2.4388
2026-06-01,Furniture retailers [44911],1192813000.0,0.3823,-0.2191
2017-01-01,"Furniture, floor covering, window treatment and other home furnishings retailers [4491]",1561011000.0,,
2017-02-01,"Furniture, floor covering, window treatment and other home furnishings retailers [4491]",1654857000.0,6.0119,
2017-03-01,"Furniture, floor covering, window treatment and other home furnishings retailers [4491]",1619813000.0,-2.1176,
2017-04-01,"Furniture, floor covering, window treatment and other home furnishings retailers [4491]",1627225000.0,0.4576,
2017-05-01,"Furniture, floor covering, window treatment and other home furnishings retailers [4491]",1632682000.0,0.3354,
2017-06-01,"Furniture, floor covering, window treatment and other home furnishings retailers [4491]",1651160000.0,1.1318,
2017-07-01,"Furniture, floor covering, window treatment and other home furnishings retailers [4491]",1630946000.0,-1.2242,
2017-08-01,"Furniture, floor covering, window treatment and other home furnishings retailers [4491]",1625172000.0,-0.354,
2017-09-01,"Furniture, floor covering, window treatment and other home furnishings retailers [4491]",1643400000.0,1.1216,
2017-10-01,"Furniture, floor covering, window treatment and other home furnishings retailers [4491]",1651555000.0,0.4962,
2017-11-01,"Furniture, floor covering, window treatment and other home furnishings retailers [4491]",1668042000.0,0.9983,
2017-12-01,"Furniture, floor covering, window treatment and other home furnishings retailers [4491]",1605000000.0,-3.7794,
2018-01-01,"Furniture, floor covering, window treatment and other home furnishings retailers [4491]",1672411000.0,4.2001,7.1364
2018-02-01,"Furniture, floor covering, window treatment and other home furnishings retailers [4491]",1647250000.0,-1.5045,-0.4597
2018-03-01,"Furniture, floor covering, window treatment and other home furnishings retailers [4491]",1666769000.0,1.1849,2.8989
2018-04-01,"Furniture, floor covering, window treatment and other home furnishings retailers [4491]",1663418000.0,-0.201,2.2242
2018-05-01,"Furniture, floor covering, window treatment and other home furnishings retailers [4491]",1656953000.0,-0.3887,1.4866
2018-06-01,"Furniture, floor covering, window treatment and other home furnishings retailers [4491]",1650421000.0,-0.3942,-0.0448
2018-07-01,"Furniture, floor covering, window treatment and other home furnishings retailers [4491]",1676016000.0,1.5508,2.7634
2018-08-01,"Furniture, floor covering, window treatment and other home furnishings retailers [4491]",1660174000.0,-0.9452,2.1537
2018-09-01,"Furniture, floor covering, window treatment and other home furnishings retailers [4491]",1683118000.0,1.382,2.4168
2018-10-01,"Furniture, floor covering, window treatment and other home furnishings retailers [4491]",1636677000.0,-2.7592,-0.9008
2018-11-01,"Furniture, floor covering, window treatment and other home furnishings retailers [4491]",1659993000.0,1.4246,-0.4825
2018-12-01,"Furniture, floor covering, window treatment and other home furnishings retailers [4491]",1671943000.0,0.7199,4.1709
2019-01-01,"Furniture, floor covering, window treatment and other home furnishings retailers [4491]",1651520000.0,-1.2215,-1.2492
2019-02-01,"Furniture, floor covering, window treatment and other home furnishings retailers [4491]",1662579000.0,0.6696,0.9306
2019-03-01,"Furniture, floor covering, window treatment and other home furnishings retailers [4491]",1698095000.0,2.1362,1.8794
2019-04-01,"Furniture, floor covering, window treatment and other home furnishings retailers [4491]",1710236000.0,0.715,2.8146
2019-05-01,"Furniture, floor covering, window treatment and other home furnishings retailers [4491]",1737056000.0,1.5682,4.8344
2019-06-01,"Furniture, floor covering, window treatment and other home furnishings retailers [4491]",1713065000.0,-1.3811,3.7956
2019-07-01,"Furniture, floor covering, window treatment and other home furnishings retailers [4491]",1744608000.0,1.8413,4.0926
2019-08-01,"Furniture, floor covering, window treatment and other home furnishings retailers [4491]",1737310000.0,-0.4183,4.6463
2019-09-01,"Furniture, floor covering, window treatment and other home furnishings retailers [4491]",1698081000.0,-2.258,0.889
2019-10-01,"Furniture, floor covering, window treatment and other home furnishings retailers [4491]",1690826000.0,-0.4272,3.3085
2019-11-01,"Furniture, floor covering, window treatment and other home furnishings retailers [4491]",1667566000.0,-1.3757,0.4562
2019-12-01,"Furniture, floor covering, window treatment and other home furnishings retailers [4491]",1743215000.0,4.5365,4.2628
2020-01-01,"Furniture, floor covering, window treatment and other home furnishings retailers [4491]",1735822000.0,-0.4241,5.1045
2020-02-01,"Furniture, floor covering, window treatment and other home furnishings retailers [4491]",1777855000.0,2.4215,6.9336
2020-03-01,"Furniture, floor covering, window treatment and other home furnishings retailers [4491]",1290948000.0,-27.3873,-23.9767
2020-04-01,"Furniture, floor covering, window treatment and other home furnishings retailers [4491]",720131000.0,-44.2169,-57.8929
2020-05-01,"Furniture, floor covering, window treatment and other home furnishings retailers [4491]",1085015000.0,50.6691,-37.5371
2020-06-01,"Furniture, floor covering, window treatment and other home furnishings retailers [4491]",1794220000.0,65.3636,4.7374
2020-07-01,"Furniture, floor covering, window treatment and other home furnishings retailers [4491]",1852584000.0,3.2529,6.1891
2020-08-01,"Furniture, floor covering, window treatment and other home furnishings retailers [4491]",1776174000.0,-4.1245,2.237
2020-09-01,"Furniture, floor covering, window treatment and other home furnishings retailers [4491]",1922451000.0,8.2355,13.2132
2020-10-01,"Furniture, floor covering, window treatment and other home furnishings retailers [4491]",2015658000.0,4.8483,19.2114
2020-11-01,"Furniture, floor covering, window treatment and other home furnishings retailers [4491]",2030072000.0,0.7151,21.7386
2020-12-01,"Furniture, floor covering, window treatment and other home furnishings retailers [4491]",1922664000.0,-5.2908,10.2941
2021-01-01,"Furniture, floor covering, window treatment and other home furnishings retailers [4491]",1590344000.0,-17.2844,-8.3809
2021-02-01,"Furniture, floor covering, window treatment and other home furnishings retailers [4491]",1914799000.0,20.4016,7.7028
2021-03-01,"Furniture, floor covering, window treatment and other home furnishings retailers [4491]",2086097000.0,8.946,61.5942
2021-04-01,"Furniture, floor covering, window treatment and other home furnishings retailers [4491]",1721128000.0,-17.4953,139.0021
2021-05-01,"Furniture, floor covering, window treatment and other home furnishings retailers [4491]",1672117000.0,-2.8476,54.11
2021-06-01,"Furniture, floor covering, window treatment and other home furnishings retailers [4491]",1999007000.0,19.5495,11.4137
2021-07-01,"Furniture, floor covering, window treatment and other home furnishings retailers [4491]",2120307000.0,6.068,14.4513
2021-08-01,"Furniture, floor covering, window treatment and other home furnishings retailers [4491]",2018415000.0,-4.8055,13.6384
2021-09-01,"Furniture, floor covering, window treatment and other home furnishings retailers [4491]",2013145000.0,-0.2611,4.7176
2021-10-01,"Furniture, floor covering, window treatment and other home furnishings retailers [4491]",2109718000.0,4.7971,4.6665
2021-11-01,"Furniture, floor covering, window treatment and other home furnishings retailers [4491]",2056831000.0,-2.5068,1.3181
2021-12-01,"Furniture, floor covering, window treatment and other home furnishings retailers [4491]",1897178000.0,-7.7621,-1.3256
2022-01-01,"Furniture, floor covering, window treatment and other home furnishings retailers [4491]",2122427000.0,11.8728,33.4571
2022-02-01,"Furniture, floor covering, window treatment and other home furnishings retailers [4491]",2053549000.0,-3.2452,7.2462
2022-03-01,"Furniture, floor covering, window treatment and other home furnishings retailers [4491]",2079703000.0,1.2736,-0.3065
2022-04-01,"Furniture, floor covering, window treatment and other home furnishings retailers [4491]",2073047000.0,-0.32,20.447
2022-05-01,"Furniture, floor covering, window treatment and other home furnishings retailers [4491]",2034127000.0,-1.8774,21.6498
2022-06-01,"Furniture, floor covering, window treatment and other home furnishings retailers [4491]",2055150000.0,1.0335,2.8085
2022-07-01,"Furniture, floor covering, window treatment and other home furnishings retailers [4491]",1964019000.0,-4.4343,-7.371
2022-08-01,"Furniture, floor covering, window treatment and other home furnishings retailers [4491]",2014608000.0,2.5758,-0.1886
2022-09-01,"Furniture, floor covering, window treatment and other home furnishings retailers [4491]",2028486000.0,0.6889,0.762
2022-10-01,"Furniture, floor covering, window treatment and other home furnishings retailers [4491]",1993810000.0,-1.7095,-5.494
2022-11-01,"Furniture, floor covering, window treatment and other home furnishings retailers [4491]",1970551000.0,-1.1666,-4.1948
2022-12-01,"Furniture, floor covering, window treatment and other home furnishings retailers [4491]",1984203000.0,0.6928,4.5871
2023-01-01,"Furniture, floor covering, window treatment and other home furnishings retailers [4491]",1949073000.0,-1.7705,-8.1677
2023-02-01,"Furniture, floor covering, window treatment and other home furnishings retailers [4491]",1987084000.0,1.9502,-3.2366
2023-03-01,"Furniture, floor covering, window treatment and other home furnishings retailers [4491]",1963284000.0,-1.1977,-5.5979
2023-04-01,"Furniture, floor covering, window treatment and other home furnishings retailers [4491]",1910695000.0,-2.6786,-7.8316
2023-05-01,"Furniture, floor covering, window treatment and other home furnishings retailers [4491]",1849377000.0,-3.2092,-9.0825
2023-06-01,"Furniture, floor covering, window treatment and other home furnishings retailers [4491]",1893337000.0,2.377,-7.8735
2023-07-01,"Furniture, floor covering, window treatment and other home furnishings retailers [4491]",1890357000.0,-0.1574,-3.7506
2023-08-01,"Furniture, floor covering, window treatment and other home furnishings retailers [4491]",1898087000.0,0.4089,-5.7838
2023-09-01,"Furniture, floor covering, window treatment and other home furnishings retailers [4491]",1894581000.0,-0.1847,-6.6012
2023-10-01,"Furniture, floor covering, window treatment and other home furnishings retailers [4491]",1877294000.0,-0.9124,-5.8439
2023-11-01,"Furniture, floor covering, window treatment and other home furnishings retailers [4491]",1930600000.0,2.8395,-2.0274
2023-12-01,"Furniture, floor covering, window treatment and other home furnishings retailers [4491]",1882979000.0,-2.4666,-5.1015
2024-01-01,"Furniture, floor covering, window treatment and other home furnishings retailers [4491]",1886910000.0,0.2088,-3.1894
2024-02-01,"Furniture, floor covering, window treatment and other home furnishings retailers [4491]",1904714000.0,0.9436,-4.1453
2024-03-01,"Furniture, floor covering, window treatment and other home furnishings retailers [4491]",1834373000.0,-3.693,-6.5661
2024-04-01,"Furniture, floor covering, window treatment and other home furnishings retailers [4491]",1836553000.0,0.1188,-3.8804
2024-05-01,"Furniture, floor covering, window treatment and other home furnishings retailers [4491]",1851735000.0,0.8267,0.1275
2024-06-01,"Furniture, floor covering, window treatment and other home furnishings retailers [4491]",1833133000.0,-1.0046,-3.1798
2024-07-01,"Furniture, floor covering, window treatment and other home furnishings retailers [4491]",1860001000.0,1.4657,-1.6058
2024-08-01,"Furniture, floor covering, window treatment and other home furnishings retailers [4491]",1838580000.0,-1.1517,-3.1351
2024-09-01,"Furniture, floor covering, window treatment and other home furnishings retailers [4491]",1902842000.0,3.4952,0.436
2024-10-01,"Furniture, floor covering, window treatment and other home furnishings retailers [4491]",1891133000.0,-0.6153,0.7372
2024-11-01,"Furniture, floor covering, window treatment and other home furnishings retailers [4491]",1905435000.0,0.7563,-1.3035
2024-12-01,"Furniture, floor covering, window treatment and other home furnishings retailers [4491]",1904568000.0,-0.0455,1.1465
2025-01-01,"Furniture, floor covering, window treatment and other home furnishings retailers [4491]",2007726000.0,5.4163,6.4028
2025-02-01,"Furniture, floor covering, window treatment and other home furnishings retailers [4491]",1889718000.0,-5.8777,-0.7873
2025-03-01,"Furniture, floor covering, window treatment and other home furnishings retailers [4491]",1950860000.0,3.2355,6.3502
2025-04-01,"Furniture, floor covering, window treatment and other home furnishings retailers [4491]",1960240000.0,0.4808,6.7347
2025-05-01,"Furniture, floor covering, window treatment and other home furnishings retailers [4491]",1967655000.0,0.3783,6.2601
2025-06-01,"Furniture, floor covering, window treatment and other home furnishings retailers [4491]",1952185000.0,-0.7862,6.4945
2025-07-01,"Furniture, floor covering, window treatment and other home furnishings retailers [4491]",1967467000.0,0.7828,5.7777
2025-08-01,"Furniture, floor covering, window treatment and other home furnishings retailers [4491]",1938181000.0,-1.4885,5.4173
2025-09-01,"Furniture, floor covering, window treatment and other home furnishings retailers [4491]",1897263000.0,-2.1112,-0.2932
2025-10-01,"Furniture, floor covering, window treatment and other home furnishings retailers [4491]",1931080000.0,1.7824,2.1123
2025-11-01,"Furniture, floor covering, window treatment and other home furnishings retailers [4491]",1947875000.0,0.8697,2.2273
2025-12-01,"Furniture, floor covering, window treatment and other home furnishings retailers [4491]",1881394000.0,-3.413,-1.2168
2026-01-01,"Furniture, floor covering, window treatment and other home furnishings retailers [4491]",1899845000.0,0.9807,-5.3733
2026-02-01,"Furniture, floor covering, window treatment and other home furnishings retailers [4491]",1899180000.0,-0.035,0.5007
2026-03-01,"Furniture, floor covering, window treatment and other home furnishings retailers [4491]",1884973000.0,-0.7481,-3.3773
2026-04-01,"Furniture, floor covering, window treatment and other home furnishings retailers [4491]",1894061000.0,0.4821,-3.3761
2026-05-01,"Furniture, floor covering, window treatment and other home furnishings retailers [4491]",1903212000.0,0.4831,-3.2751
2026-06-01,"Furniture, floor covering, window treatment and other home furnishings retailers [4491]",1930623000.0,1.4402,-1.1045
2017-01-01,"Furniture, home furnishings, electronics and appliances retailers [449]",2973208000.0,,
2017-02-01,"Furniture, home furnishings, electronics and appliances retailers [449]",3121946000.0,5.0026,
2017-03-01,"Furniture, home furnishings, electronics and appliances retailers [449]",3172320000.0,1.6135,
2017-04-01,"Furniture, home furnishings, electronics and appliances retailers [449]",3150883000.0,-0.6758,
2017-05-01,"Furniture, home furnishings, electronics and appliances retailers [449]",3174519000.0,0.7501,
2017-06-01,"Furniture, home furnishings, electronics and appliances retailers [449]",3171078000.0,-0.1084,
2017-07-01,"Furniture, home furnishings, electronics and appliances retailers [449]",3138444000.0,-1.0291,
2017-08-01,"Furniture, home furnishings, electronics and appliances retailers [449]",3141654000.0,0.1023,
2017-09-01,"Furniture, home furnishings, electronics and appliances retailers [449]",3153307000.0,0.3709,
2017-10-01,"Furniture, home furnishings, electronics and appliances retailers [449]",3146799000.0,-0.2064,
2017-11-01,"Furniture, home furnishings, electronics and appliances retailers [449]",3319020000.0,5.4729,
2017-12-01,"Furniture, home furnishings, electronics and appliances retailers [449]",3230456000.0,-2.6684,
2018-01-01,"Furniture, home furnishings, electronics and appliances retailers [449]",3393589000.0,5.0498,14.139
2018-02-01,"Furniture, home furnishings, electronics and appliances retailers [449]",3151013000.0,-7.1481,0.9311
2018-03-01,"Furniture, home furnishings, electronics and appliances retailers [449]",3166835000.0,0.5021,-0.1729
2018-04-01,"Furniture, home furnishings, electronics and appliances retailers [449]",3237541000.0,2.2327,2.7503
2018-05-01,"Furniture, home furnishings, electronics and appliances retailers [449]",3180324000.0,-1.7673,0.1829
2018-06-01,"Furniture, home furnishings, electronics and appliances retailers [449]",3176855000.0,-0.1091,0.1822
2018-07-01,"Furniture, home furnishings, electronics and appliances retailers [449]",3234174000.0,1.8043,3.0502
2018-08-01,"Furniture, home furnishings, electronics and appliances retailers [449]",3203178000.0,-0.9584,1.9583
2018-09-01,"Furniture, home furnishings, electronics and appliances retailers [449]",3221111000.0,0.5599,2.1503
2018-10-01,"Furniture, home furnishings, electronics and appliances retailers [449]",3229858000.0,0.2716,2.6395
2018-11-01,"Furniture, home furnishings, electronics and appliances retailers [449]",3210230000.0,-0.6077,-3.2778
2018-12-01,"Furniture, home furnishings, electronics and appliances retailers [449]",3170220000.0,-1.2463,-1.8646
2019-01-01,"Furniture, home furnishings, electronics and appliances retailers [449]",2984130000.0,-5.8699,-12.0657
2019-02-01,"Furniture, home furnishings, electronics and appliances retailers [449]",2975400000.0,-0.2925,-5.5732
2019-03-01,"Furniture, home furnishings, electronics and appliances retailers [449]",3105370000.0,4.3682,-1.9409
2019-04-01,"Furniture, home furnishings, electronics and appliances retailers [449]",3148827000.0,1.3994,-2.7402
2019-05-01,"Furniture, home furnishings, electronics and appliances retailers [449]",3195025000.0,1.4671,0.4622
2019-06-01,"Furniture, home furnishings, electronics and appliances retailers [449]",3154562000.0,-1.2664,-0.7017
2019-07-01,"Furniture, home furnishings, electronics and appliances retailers [449]",3178561000.0,0.7608,-1.7195
2019-08-01,"Furniture, home furnishings, electronics and appliances retailers [449]",3192599000.0,0.4416,-0.3303
2019-09-01,"Furniture, home furnishings, electronics and appliances retailers [449]",3126467000.0,-2.0714,-2.9382
2019-10-01,"Furniture, home furnishings, electronics and appliances retailers [449]",3105741000.0,-0.6629,-3.8428
2019-11-01,"Furniture, home furnishings, electronics and appliances retailers [449]",3093407000.0,-0.3971,-3.6391
2019-12-01,"Furniture, home furnishings, electronics and appliances retailers [449]",3217516000.0,4.012,1.4919
2020-01-01,"Furniture, home furnishings, electronics and appliances retailers [449]",3164946000.0,-1.6339,6.0593
2020-02-01,"Furniture, home furnishings, electronics and appliances retailers [449]",3161896000.0,-0.0964,6.2679
2020-03-01,"Furniture, home furnishings, electronics and appliances retailers [449]",2646978000.0,-16.2851,-14.7613
2020-04-01,"Furniture, home furnishings, electronics and appliances retailers [449]",2036353000.0,-23.0688,-35.3298
2020-05-01,"Furniture, home furnishings, electronics and appliances retailers [449]",2513757000.0,23.4441,-21.3228
2020-06-01,"Furniture, home furnishings, electronics and appliances retailers [449]",3327697000.0,32.3794,5.4884
2020-07-01,"Furniture, home furnishings, electronics and appliances retailers [449]",3457543000.0,3.902,8.777
2020-08-01,"Furniture, home furnishings, electronics and appliances retailers [449]",3395281000.0,-1.8008,6.3485
2020-09-01,"Furniture, home furnishings, electronics and appliances retailers [449]",3578761000.0,5.404,14.4666
2020-10-01,"Furniture, home furnishings, electronics and appliances retailers [449]",3653377000.0,2.085,17.633
2020-11-01,"Furniture, home furnishings, electronics and appliances retailers [449]",3751115000.0,2.6753,21.2616
2020-12-01,"Furniture, home furnishings, electronics and appliances retailers [449]",3543199000.0,-5.5428,10.1222
2021-01-01,"Furniture, home furnishings, electronics and appliances retailers [449]",3162405000.0,-10.7472,-0.0803
2021-02-01,"Furniture, home furnishings, electronics and appliances retailers [449]",3558739000.0,12.5327,12.5508
2021-03-01,"Furniture, home furnishings, electronics and appliances retailers [449]",3768243000.0,5.887,42.3602
2021-04-01,"Furniture, home furnishings, electronics and appliances retailers [449]",3335375000.0,-11.4873,63.7916
2021-05-01,"Furniture, home furnishings, electronics and appliances retailers [449]",3271444000.0,-1.9168,30.1416
2021-06-01,"Furniture, home furnishings, electronics and appliances retailers [449]",3592743000.0,9.8213,7.9648
2021-07-01,"Furniture, home furnishings, electronics and appliances retailers [449]",3737194000.0,4.0206,8.0881
2021-08-01,"Furniture, home furnishings, electronics and appliances retailers [449]",3610124000.0,-3.4001,6.3277
2021-09-01,"Furniture, home furnishings, electronics and appliances retailers [449]",3595518000.0,-0.4046,0.4682
2021-10-01,"Furniture, home furnishings, electronics and appliances retailers [449]",3714647000.0,3.3133,1.6771
2021-11-01,"Furniture, home furnishings, electronics and appliances retailers [449]",3640243000.0,-2.003,-2.9557
2021-12-01,"Furniture, home furnishings, electronics and appliances retailers [449]",3467112000.0,-4.756,-2.1474
2022-01-01,"Furniture, home furnishings, electronics and appliances retailers [449]",3765395000.0,8.6032,19.0675
2022-02-01,"Furniture, home furnishings, electronics and appliances retailers [449]",3694010000.0,-1.8958,3.8011
2022-03-01,"Furniture, home furnishings, electronics and appliances retailers [449]",3755581000.0,1.6668,-0.336
2022-04-01,"Furniture, home furnishings, electronics and appliances retailers [449]",3773734000.0,0.4834,13.1427
2022-05-01,"Furniture, home furnishings, electronics and appliances retailers [449]",3726025000.0,-1.2642,13.8954
2022-06-01,"Furniture, home furnishings, electronics and appliances retailers [449]",3746971000.0,0.5622,4.2928
2022-07-01,"Furniture, home furnishings, electronics and appliances retailers [449]",3605070000.0,-3.7871,-3.5354
2022-08-01,"Furniture, home furnishings, electronics and appliances retailers [449]",3628638000.0,0.6537,0.5128
2022-09-01,"Furniture, home furnishings, electronics and appliances retailers [449]",3645482000.0,0.4642,1.3896
2022-10-01,"Furniture, home furnishings, electronics and appliances retailers [449]",3588824000.0,-1.5542,-3.3872
2022-11-01,"Furniture, home furnishings, electronics and appliances retailers [449]",3559817000.0,-0.8083,-2.2094
2022-12-01,"Furniture, home furnishings, electronics and appliances retailers [449]",3731176000.0,4.8137,7.6163
2023-01-01,"Furniture, home furnishings, electronics and appliances retailers [449]",3641431000.0,-2.4053,-3.2922
2023-02-01,"Furniture, home furnishings, electronics and appliances retailers [449]",3731650000.0,2.4776,1.0189
2023-03-01,"Furniture, home furnishings, electronics and appliances retailers [449]",3785556000.0,1.4446,0.7981
2023-04-01,"Furniture, home furnishings, electronics and appliances retailers [449]",3603531000.0,-4.8084,-4.5102
2023-05-01,"Furniture, home furnishings, electronics and appliances retailers [449]",3591643000.0,-0.3299,-3.6066
2023-06-01,"Furniture, home furnishings, electronics and appliances retailers [449]",3602992000.0,0.316,-3.8425
2023-07-01,"Furniture, home furnishings, electronics and appliances retailers [449]",3644061000.0,1.1399,1.0816
2023-08-01,"Furniture, home furnishings, electronics and appliances retailers [449]",3658362000.0,0.3924,0.8192
2023-09-01,"Furniture, home furnishings, electronics and appliances retailers [449]",3641281000.0,-0.4669,-0.1152
2023-10-01,"Furniture, home furnishings, electronics and appliances retailers [449]",3625162000.0,-0.4427,1.0125
2023-11-01,"Furniture, home furnishings, electronics and appliances retailers [449]",3696660000.0,1.9723,3.8441
2023-12-01,"Furniture, home furnishings, electronics and appliances retailers [449]",3597270000.0,-2.6886,-3.5888
2024-01-01,"Furniture, home furnishings, electronics and appliances retailers [449]",3628088000.0,0.8567,-0.3664
2024-02-01,"Furniture, home furnishings, electronics and appliances retailers [449]",3656168000.0,0.774,-2.0228
2024-03-01,"Furniture, home furnishings, electronics and appliances retailers [449]",3495248000.0,-4.4013,-7.6688
2024-04-01,"Furniture, home furnishings, electronics and appliances retailers [449]",3538889000.0,1.2486,-1.7939
2024-05-01,"Furniture, home furnishings, electronics and appliances retailers [449]",3509830000.0,-0.8211,-2.2779
2024-06-01,"Furniture, home furnishings, electronics and appliances retailers [449]",3484199000.0,-0.7303,-3.2971
2024-07-01,"Furniture, home furnishings, electronics and appliances retailers [449]",3542520000.0,1.6739,-2.7865
2024-08-01,"Furniture, home furnishings, electronics and appliances retailers [449]",3484335000.0,-1.6425,-4.757
2024-09-01,"Furniture, home furnishings, electronics and appliances retailers [449]",3552291000.0,1.9503,-2.4439
2024-10-01,"Furniture, home furnishings, electronics and appliances retailers [449]",3519600000.0,-0.9203,-2.9119
2024-11-01,"Furniture, home furnishings, electronics and appliances retailers [449]",3536553000.0,0.4817,-4.3311
2024-12-01,"Furniture, home furnishings, electronics and appliances retailers [449]",3582389000.0,1.2961,-0.4137
2025-01-01,"Furniture, home furnishings, electronics and appliances retailers [449]",3701553000.0,3.3264,2.0249
2025-02-01,"Furniture, home furnishings, electronics and appliances retailers [449]",3552157000.0,-4.036,-2.8448
2025-03-01,"Furniture, home furnishings, electronics and appliances retailers [449]",3630407000.0,2.2029,3.8669
2025-04-01,"Furniture, home furnishings, electronics and appliances retailers [449]",3608963000.0,-0.5907,1.9801
2025-05-01,"Furniture, home furnishings, electronics and appliances retailers [449]",3591349000.0,-0.4881,2.3226
2025-06-01,"Furniture, home furnishings, electronics and appliances retailers [449]",3584649000.0,-0.1866,2.883
2025-07-01,"Furniture, home furnishings, electronics and appliances retailers [449]",3535503000.0,-1.371,-0.1981
2025-08-01,"Furniture, home furnishings, electronics and appliances retailers [449]",3534870000.0,-0.0179,1.4503
2025-09-01,"Furniture, home furnishings, electronics and appliances retailers [449]",3463308000.0,-2.0245,-2.5049
2025-10-01,"Furniture, home furnishings, electronics and appliances retailers [449]",3507382000.0,1.2726,-0.3471
2025-11-01,"Furniture, home furnishings, electronics and appliances retailers [449]",3501051000.0,-0.1805,-1.0039
2025-12-01,"Furniture, home furnishings, electronics and appliances retailers [449]",3402042000.0,-2.828,-5.0343
2026-01-01,"Furniture, home furnishings, electronics and appliances retailers [449]",3388257000.0,-0.4052,-8.4639
2026-02-01,"Furniture, home furnishings, electronics and appliances retailers [449]",3351095000.0,-1.0968,-5.6603
2026-03-01,"Furniture, home furnishings, electronics and appliances retailers [449]",3371259000.0,0.6017,-7.1383
2026-04-01,"Furniture, home furnishings, electronics and appliances retailers [449]",3353882000.0,-0.5154,-7.068
2026-05-01,"Furniture, home furnishings, electronics and appliances retailers [449]",3367063000.0,0.393,-6.2452
2026-06-01,"Furniture, home furnishings, electronics and appliances retailers [449]",3382126000.0,0.4474,-5.6497
2017-01-01,Gasoline stations and fuel vendors [457],5766609000.0,,
2017-02-01,Gasoline stations and fuel vendors [457],5441756000.0,-5.6333,
2017-03-01,Gasoline stations and fuel vendors [457],5266682000.0,-3.2172,
2017-04-01,Gasoline stations and fuel vendors [457],5435897000.0,3.2129,
2017-05-01,Gasoline stations and fuel vendors [457],5261889000.0,-3.2011,
2017-06-01,Gasoline stations and fuel vendors [457],5259892000.0,-0.038,
2017-07-01,Gasoline stations and fuel vendors [457],5182774000.0,-1.4662,
2017-08-01,Gasoline stations and fuel vendors [457],5386166000.0,3.9244,
2017-09-01,Gasoline stations and fuel vendors [457],5619074000.0,4.3242,
2017-10-01,Gasoline stations and fuel vendors [457],5601970000.0,-0.3044,
2017-11-01,Gasoline stations and fuel vendors [457],5972432000.0,6.6131,
2017-12-01,Gasoline stations and fuel vendors [457],6201651000.0,3.838,
2018-01-01,Gasoline stations and fuel vendors [457],6223504000.0,0.3524,7.9231
2018-02-01,Gasoline stations and fuel vendors [457],6006701000.0,-3.4836,10.3817
2018-03-01,Gasoline stations and fuel vendors [457],5754610000.0,-4.1968,9.2644
2018-04-01,Gasoline stations and fuel vendors [457],5888925000.0,2.334,8.334
2018-05-01,Gasoline stations and fuel vendors [457],6216410000.0,5.561,18.1403
2018-06-01,Gasoline stations and fuel vendors [457],6154069000.0,-1.0028,16.9999
2018-07-01,Gasoline stations and fuel vendors [457],6186828000.0,0.5323,19.3729
2018-08-01,Gasoline stations and fuel vendors [457],6002467000.0,-2.9799,11.4423
2018-09-01,Gasoline stations and fuel vendors [457],6060876000.0,0.9731,7.8625
2018-10-01,Gasoline stations and fuel vendors [457],6063125000.0,0.0371,8.232
2018-11-01,Gasoline stations and fuel vendors [457],5722333000.0,-5.6207,-4.1876
2018-12-01,Gasoline stations and fuel vendors [457],5672657000.0,-0.8681,-8.5299
2019-01-01,Gasoline stations and fuel vendors [457],5456270000.0,-3.8146,-12.328
2019-02-01,Gasoline stations and fuel vendors [457],5416350000.0,-0.7316,-9.8282
2019-03-01,Gasoline stations and fuel vendors [457],5652673000.0,4.3631,-1.7714
2019-04-01,Gasoline stations and fuel vendors [457],5765136000.0,1.9896,-2.1021
2019-05-01,Gasoline stations and fuel vendors [457],5898558000.0,2.3143,-5.1131
2019-06-01,Gasoline stations and fuel vendors [457],5649868000.0,-4.2161,-8.193
2019-07-01,Gasoline stations and fuel vendors [457],5713470000.0,1.1257,-7.6511
2019-08-01,Gasoline stations and fuel vendors [457],5668098000.0,-0.7941,-5.5705
2019-09-01,Gasoline stations and fuel vendors [457],5634654000.0,-0.59,-7.0323
2019-10-01,Gasoline stations and fuel vendors [457],5703686000.0,1.2251,-5.9283
2019-11-01,Gasoline stations and fuel vendors [457],5787754000.0,1.4739,1.1433
2019-12-01,Gasoline stations and fuel vendors [457],5831518000.0,0.7561,2.8005
2020-01-01,Gasoline stations and fuel vendors [457],5846213000.0,0.252,7.1467
2020-02-01,Gasoline stations and fuel vendors [457],5624506000.0,-3.7923,3.8431
2020-03-01,Gasoline stations and fuel vendors [457],4519570000.0,-19.645,-20.0454
2020-04-01,Gasoline stations and fuel vendors [457],2950366000.0,-34.7202,-48.824
2020-05-01,Gasoline stations and fuel vendors [457],3602472000.0,22.1025,-38.9262
2020-06-01,Gasoline stations and fuel vendors [457],4613679000.0,28.0698,-18.3401
2020-07-01,Gasoline stations and fuel vendors [457],4833723000.0,4.7694,-15.3978
2020-08-01,Gasoline stations and fuel vendors [457],4819924000.0,-0.2855,-14.964
2020-09-01,Gasoline stations and fuel vendors [457],4820623000.0,0.0145,-14.4469
2020-10-01,Gasoline stations and fuel vendors [457],4709861000.0,-2.2977,-17.4243
2020-11-01,Gasoline stations and fuel vendors [457],4555458000.0,-3.2783,-21.2914
2020-12-01,Gasoline stations and fuel vendors [457],4644393000.0,1.9523,-20.357
2021-01-01,Gasoline stations and fuel vendors [457],4720239000.0,1.6331,-19.2599
2021-02-01,Gasoline stations and fuel vendors [457],5338296000.0,13.0938,-5.0886
2021-03-01,Gasoline stations and fuel vendors [457],5612405000.0,5.1348,24.1801
2021-04-01,Gasoline stations and fuel vendors [457],5469996000.0,-2.5374,85.4006
2021-05-01,Gasoline stations and fuel vendors [457],5441167000.0,-0.527,51.0398
2021-06-01,Gasoline stations and fuel vendors [457],5694089000.0,4.6483,23.4175
2021-07-01,Gasoline stations and fuel vendors [457],5874276000.0,3.1645,21.5269
2021-08-01,Gasoline stations and fuel vendors [457],6103976000.0,3.9103,26.6405
2021-09-01,Gasoline stations and fuel vendors [457],6101972000.0,-0.0328,26.5806
2021-10-01,Gasoline stations and fuel vendors [457],6211465000.0,1.7944,31.8821
2021-11-01,Gasoline stations and fuel vendors [457],6411811000.0,3.2254,40.7501
2021-12-01,Gasoline stations and fuel vendors [457],6265825000.0,-2.2768,34.9116
2022-01-01,Gasoline stations and fuel vendors [457],6204786000.0,-0.9742,31.4507
2022-02-01,Gasoline stations and fuel vendors [457],6875472000.0,10.8092,28.7953
2022-03-01,Gasoline stations and fuel vendors [457],7615588000.0,10.7646,35.6921
2022-04-01,Gasoline stations and fuel vendors [457],7776048000.0,2.107,42.1582
2022-05-01,Gasoline stations and fuel vendors [457],8623057000.0,10.8925,58.4781
2022-06-01,Gasoline stations and fuel vendors [457],8848250000.0,2.6115,55.3936
2022-07-01,Gasoline stations and fuel vendors [457],7601136000.0,-14.0945,29.397
2022-08-01,Gasoline stations and fuel vendors [457],7397827000.0,-2.6747,21.1969
2022-09-01,Gasoline stations and fuel vendors [457],7023684000.0,-5.0575,15.1051
2022-10-01,Gasoline stations and fuel vendors [457],7604539000.0,8.2699,22.4275
2022-11-01,Gasoline stations and fuel vendors [457],7521607000.0,-1.0906,17.3086
2022-12-01,Gasoline stations and fuel vendors [457],6860135000.0,-8.7943,9.4849
2023-01-01,Gasoline stations and fuel vendors [457],6891286000.0,0.4541,11.064
2023-02-01,Gasoline stations and fuel vendors [457],6656915000.0,-3.401,-3.1788
2023-03-01,Gasoline stations and fuel vendors [457],6559457000.0,-1.464,-13.868
2023-04-01,Gasoline stations and fuel vendors [457],6460280000.0,-1.512,-16.9208
2023-05-01,Gasoline stations and fuel vendors [457],6371110000.0,-1.3803,-26.1154
2023-06-01,Gasoline stations and fuel vendors [457],6428111000.0,0.8947,-27.3516
2023-07-01,Gasoline stations and fuel vendors [457],6358413000.0,-1.0843,-16.3492
2023-08-01,Gasoline stations and fuel vendors [457],6663349000.0,4.7958,-9.9283
2023-09-01,Gasoline stations and fuel vendors [457],6834887000.0,2.5744,-2.688
2023-10-01,Gasoline stations and fuel vendors [457],6603926000.0,-3.3791,-13.1581
2023-11-01,Gasoline stations and fuel vendors [457],6594780000.0,-0.1385,-12.3222
2023-12-01,Gasoline stations and fuel vendors [457],6432975000.0,-2.4535,-6.2267
2024-01-01,Gasoline stations and fuel vendors [457],6428229000.0,-0.0738,-6.7195
2024-02-01,Gasoline stations and fuel vendors [457],6349611000.0,-1.223,-4.6163
2024-03-01,Gasoline stations and fuel vendors [457],6392112000.0,0.6693,-2.5512
2024-04-01,Gasoline stations and fuel vendors [457],6641388000.0,3.8997,2.8034
2024-05-01,Gasoline stations and fuel vendors [457],6641428000.0,0.0006,4.2429
2024-06-01,Gasoline stations and fuel vendors [457],6491851000.0,-2.2522,0.9916
2024-07-01,Gasoline stations and fuel vendors [457],6487295000.0,-0.0702,2.027
2024-08-01,Gasoline stations and fuel vendors [457],6320327000.0,-2.5738,-5.1479
2024-09-01,Gasoline stations and fuel vendors [457],6071040000.0,-3.9442,-11.1757
2024-10-01,Gasoline stations and fuel vendors [457],6190110000.0,1.9613,-6.2662
2024-11-01,Gasoline stations and fuel vendors [457],6221659000.0,0.5097,-5.6578
2024-12-01,Gasoline stations and fuel vendors [457],6370111000.0,2.3861,-0.9772
2025-01-01,Gasoline stations and fuel vendors [457],6707287000.0,5.2931,4.3411
2025-02-01,Gasoline stations and fuel vendors [457],6706317000.0,-0.0145,5.6178
2025-03-01,Gasoline stations and fuel vendors [457],6212639000.0,-7.3614,-2.8077
2025-04-01,Gasoline stations and fuel vendors [457],6113120000.0,-1.6019,-7.9542
2025-05-01,Gasoline stations and fuel vendors [457],6017682000.0,-1.5612,-9.3917
2025-06-01,Gasoline stations and fuel vendors [457],6149524000.0,2.1909,-5.2732
2025-07-01,Gasoline stations and fuel vendors [457],6108664000.0,-0.6644,-5.8365
2025-08-01,Gasoline stations and fuel vendors [457],6049954000.0,-0.9611,-4.2778
2025-09-01,Gasoline stations and fuel vendors [457],6173493000.0,2.042,1.6876
2025-10-01,Gasoline stations and fuel vendors [457],6050933000.0,-1.9853,-2.2484
2025-11-01,Gasoline stations and fuel vendors [457],6198733000.0,2.4426,-0.3685
2025-12-01,Gasoline stations and fuel vendors [457],6376997000.0,2.8758,0.1081
2026-01-01,Gasoline stations and fuel vendors [457],6506013000.0,2.0231,-3.0008
2026-02-01,Gasoline stations and fuel vendors [457],6483756000.0,-0.3421,-3.3187
2026-03-01,Gasoline stations and fuel vendors [457],7132275000.0,10.0022,14.8027
2026-04-01,Gasoline stations and fuel vendors [457],7486413000.0,4.9653,22.4647
2026-05-01,Gasoline stations and fuel vendors [457],7710244000.0,2.9898,28.1265
2026-06-01,Gasoline stations and fuel vendors [457],7392085000.0,-4.1264,20.2058
2017-01-01,General merchandise retailers [455],5796131000.0,,
2017-02-01,General merchandise retailers [455],5728435000.0,-1.168,
2017-03-01,General merchandise retailers [455],5836510000.0,1.8866,
2017-04-01,General merchandise retailers [455],5978928000.0,2.4401,
2017-05-01,General merchandise retailers [455],5860548000.0,-1.98,
2017-06-01,General merchandise retailers [455],5903122000.0,0.7265,
2017-07-01,General merchandise retailers [455],5922483000.0,0.328,
2017-08-01,General merchandise retailers [455],5893092000.0,-0.4963,
2017-09-01,General merchandise retailers [455],5875873000.0,-0.2922,
2017-10-01,General merchandise retailers [455],6032774000.0,2.6703,
2017-11-01,General merchandise retailers [455],6160797000.0,2.1221,
2017-12-01,General merchandise retailers [455],5937031000.0,-3.6321,
2018-01-01,General merchandise retailers [455],6006682000.0,1.1732,3.6326
2018-02-01,General merchandise retailers [455],5990968000.0,-0.2616,4.583
2018-03-01,General merchandise retailers [455],5976703000.0,-0.2381,2.402
2018-04-01,General merchandise retailers [455],5898437000.0,-1.3095,-1.3462
2018-05-01,General merchandise retailers [455],6156362000.0,4.3728,5.0475
2018-06-01,General merchandise retailers [455],6054661000.0,-1.652,2.5671
2018-07-01,General merchandise retailers [455],6092117000.0,0.6186,2.8642
2018-08-01,General merchandise retailers [455],6102014000.0,0.1625,3.5452
2018-09-01,General merchandise retailers [455],6209539000.0,1.7621,5.6786
2018-10-01,General merchandise retailers [455],6146704000.0,-1.0119,1.8885
2018-11-01,General merchandise retailers [455],6219166000.0,1.1789,0.9474
2018-12-01,General merchandise retailers [455],6339518000.0,1.9352,6.7793
2019-01-01,General merchandise retailers [455],6200521000.0,-2.1925,3.2271
2019-02-01,General merchandise retailers [455],6313733000.0,1.8258,5.3875
2019-03-01,General merchandise retailers [455],6229491000.0,-1.3343,4.2296
2019-04-01,General merchandise retailers [455],6293383000.0,1.0256,6.6958
2019-05-01,General merchandise retailers [455],6226129000.0,-1.0686,1.1333
2019-06-01,General merchandise retailers [455],6376186000.0,2.4101,5.3104
2019-07-01,General merchandise retailers [455],6337062000.0,-0.6136,4.0207
2019-08-01,General merchandise retailers [455],6362482000.0,0.4011,4.2686
2019-09-01,General merchandise retailers [455],6398671000.0,0.5688,3.0458
2019-10-01,General merchandise retailers [455],6436061000.0,0.5843,4.7075
2019-11-01,General merchandise retailers [455],6465972000.0,0.4647,3.9685
2019-12-01,General merchandise retailers [455],6571443000.0,1.6312,3.6584
2020-01-01,General merchandise retailers [455],6535528000.0,-0.5465,5.4029
2020-02-01,General merchandise retailers [455],6769434000.0,3.579,7.2176
2020-03-01,General merchandise retailers [455],6746137000.0,-0.3441,8.2936
2020-04-01,General merchandise retailers [455],5831508000.0,-13.5578,-7.3391
2020-05-01,General merchandise retailers [455],6959722000.0,19.3469,11.7825
2020-06-01,General merchandise retailers [455],7199279000.0,3.442,12.9089
2020-07-01,General merchandise retailers [455],7134891000.0,-0.8944,12.5899
2020-08-01,General merchandise retailers [455],7035841000.0,-1.3882,10.5833
2020-09-01,General merchandise retailers [455],7292775000.0,3.6518,13.9733
2020-10-01,General merchandise retailers [455],7187786000.0,-1.4396,11.6799
2020-11-01,General merchandise retailers [455],7342999000.0,2.1594,13.5637
2020-12-01,General merchandise retailers [455],6853061000.0,-6.6722,4.2855
2021-01-01,General merchandise retailers [455],6887838000.0,0.5075,5.3907
2021-02-01,General merchandise retailers [455],7555172000.0,9.6886,11.6071
2021-03-01,General merchandise retailers [455],7667835000.0,1.4912,13.6626
2021-04-01,General merchandise retailers [455],6752936000.0,-11.9316,15.8009
2021-05-01,General merchandise retailers [455],6817684000.0,0.9588,-2.0409
2021-06-01,General merchandise retailers [455],7578230000.0,11.1555,5.2637
2021-07-01,General merchandise retailers [455],7573164000.0,-0.0668,6.1427
2021-08-01,General merchandise retailers [455],7697220000.0,1.6381,9.4001
2021-09-01,General merchandise retailers [455],7726763000.0,0.3838,5.9509
2021-10-01,General merchandise retailers [455],7916000000.0,2.4491,10.1313
2021-11-01,General merchandise retailers [455],8035100000.0,1.5045,9.4253
2021-12-01,General merchandise retailers [455],7781722000.0,-3.1534,13.551
2022-01-01,General merchandise retailers [455],7989354000.0,2.6682,15.9922
2022-02-01,General merchandise retailers [455],8007372000.0,0.2255,5.9853
2022-03-01,General merchandise retailers [455],8141623000.0,1.6766,6.1789
2022-04-01,General merchandise retailers [455],8216940000.0,0.9251,21.6795
2022-05-01,General merchandise retailers [455],8463291000.0,2.9981,24.1373
2022-06-01,General merchandise retailers [455],8724870000.0,3.0907,15.1307
2022-07-01,General merchandise retailers [455],8593483000.0,-1.5059,13.4728
2022-08-01,General merchandise retailers [455],8531872000.0,-0.717,10.8436
2022-09-01,General merchandise retailers [455],8559879000.0,0.3283,10.7822
2022-10-01,General merchandise retailers [455],8533648000.0,-0.3064,7.8025
2022-11-01,General merchandise retailers [455],8581813000.0,0.5644,6.8041
2022-12-01,General merchandise retailers [455],8569538000.0,-0.143,10.1239
2023-01-01,General merchandise retailers [455],8495190000.0,-0.8676,6.3314
2023-02-01,General merchandise retailers [455],8213587000.0,-3.3149,2.5753
2023-03-01,General merchandise retailers [455],8474942000.0,3.182,4.094
2023-04-01,General merchandise retailers [455],8808025000.0,3.9302,7.1935
2023-05-01,General merchandise retailers [455],8762361000.0,-0.5184,3.5337
2023-06-01,General merchandise retailers [455],8630544000.0,-1.5044,-1.0811
2023-07-01,General merchandise retailers [455],8731554000.0,1.1704,1.6067
2023-08-01,General merchandise retailers [455],8768703000.0,0.4255,2.7758
2023-09-01,General merchandise retailers [455],8812092000.0,0.4948,2.9465
2023-10-01,General merchandise retailers [455],8945702000.0,1.5162,4.8286
2023-11-01,General merchandise retailers [455],8804437000.0,-1.5791,2.5941
2023-12-01,General merchandise retailers [455],8856933000.0,0.5962,3.3537
2024-01-01,General merchandise retailers [455],9725099000.0,9.8021,14.4777
2024-02-01,General merchandise retailers [455],9635461000.0,-0.9217,17.3112
2024-03-01,General merchandise retailers [455],9788545000.0,1.5888,15.4998
2024-04-01,General merchandise retailers [455],9819278000.0,0.314,11.481
2024-05-01,General merchandise retailers [455],9722622000.0,-0.9843,10.9589
2024-06-01,General merchandise retailers [455],9693733000.0,-0.2971,12.3189
2024-07-01,General merchandise retailers [455],9895444000.0,2.0808,13.3297
2024-08-01,General merchandise retailers [455],9795653000.0,-1.0085,11.7115
2024-09-01,General merchandise retailers [455],9913499000.0,1.203,12.4988
2024-10-01,General merchandise retailers [455],9989568000.0,0.7673,11.6689
2024-11-01,General merchandise retailers [455],9884853000.0,-1.0482,12.2713
2024-12-01,General merchandise retailers [455],10222133000.0,3.4121,15.4139
2025-01-01,General merchandise retailers [455],10211576000.0,-0.1033,5.0023
2025-02-01,General merchandise retailers [455],10251865000.0,0.3945,6.3972
2025-03-01,General merchandise retailers [455],10089168000.0,-1.587,3.0712
2025-04-01,General merchandise retailers [455],10097826000.0,0.0858,2.8367
2025-05-01,General merchandise retailers [455],10112996000.0,0.1502,4.0151
2025-06-01,General merchandise retailers [455],10234714000.0,1.2036,5.5807
2025-07-01,General merchandise retailers [455],10265192000.0,0.2978,3.7365
2025-08-01,General merchandise retailers [455],10468961000.0,1.985,6.8735
2025-09-01,General merchandise retailers [455],10455790000.0,-0.1258,5.4702
2025-10-01,General merchandise retailers [455],10501917000.0,0.4412,5.1288
2025-11-01,General merchandise retailers [455],10645797000.0,1.37,7.6981
2025-12-01,General merchandise retailers [455],10534976000.0,-1.041,3.0604
2026-01-01,General merchandise retailers [455],10862480000.0,3.1087,6.3742
2026-02-01,General merchandise retailers [455],10971779000.0,1.0062,7.0223
2026-03-01,General merchandise retailers [455],10950525000.0,-0.1937,8.5374
2026-04-01,General merchandise retailers [455],10784429000.0,-1.5168,6.7995
2026-05-01,General merchandise retailers [455],10921122000.0,1.2675,7.991
2026-06-01,General merchandise retailers [455],11214225000.0,2.6838,9.5705
2017-01-01,Grocery and convenience retailers [4451],7611559000.0,,
2017-02-01,Grocery and convenience retailers [4451],7653681000.0,0.5534,
2017-03-01,Grocery and convenience retailers [4451],7612706000.0,-0.5354,
2017-04-01,Grocery and convenience retailers [4451],7602968000.0,-0.1279,
2017-05-01,Grocery and convenience retailers [4451],7723638000.0,1.5871,
2017-06-01,Grocery and convenience retailers [4451],7716999000.0,-0.086,
2017-07-01,Grocery and convenience retailers [4451],7760035000.0,0.5577,
2017-08-01,Grocery and convenience retailers [4451],7655630000.0,-1.3454,
2017-09-01,Grocery and convenience retailers [4451],7622346000.0,-0.4348,
2017-10-01,Grocery and convenience retailers [4451],7676110000.0,0.7053,
2017-11-01,Grocery and convenience retailers [4451],7594049000.0,-1.069,
2017-12-01,Grocery and convenience retailers [4451],7718484000.0,1.6386,
2018-01-01,Grocery and convenience retailers [4451],7617477000.0,-1.3086,0.0778
2018-02-01,Grocery and convenience retailers [4451],7634199000.0,0.2195,-0.2545
2018-03-01,Grocery and convenience retailers [4451],7687606000.0,0.6996,0.9839
2018-04-01,Grocery and convenience retailers [4451],7772327000.0,1.102,2.2275
2018-05-01,Grocery and convenience retailers [4451],7845935000.0,0.9471,1.5834
2018-06-01,Grocery and convenience retailers [4451],7922349000.0,0.9739,2.661
2018-07-01,Grocery and convenience retailers [4451],7977192000.0,0.6923,2.7984
2018-08-01,Grocery and convenience retailers [4451],8017465000.0,0.5049,4.7264
2018-09-01,Grocery and convenience retailers [4451],8224255000.0,2.5792,7.8966
2018-10-01,Grocery and convenience retailers [4451],8045108000.0,-2.1783,4.8071
2018-11-01,Grocery and convenience retailers [4451],7897201000.0,-1.8385,3.992
2018-12-01,Grocery and convenience retailers [4451],7983771000.0,1.0962,3.437
2019-01-01,Grocery and convenience retailers [4451],8026389000.0,0.5338,5.3681
2019-02-01,Grocery and convenience retailers [4451],8182467000.0,1.9446,7.1817
2019-03-01,Grocery and convenience retailers [4451],8106660000.0,-0.9265,5.451
2019-04-01,Grocery and convenience retailers [4451],8181883000.0,0.9279,5.2694
2019-05-01,Grocery and convenience retailers [4451],8049294000.0,-1.6205,2.5919
2019-06-01,Grocery and convenience retailers [4451],8100666000.0,0.6382,2.2508
2019-07-01,Grocery and convenience retailers [4451],8222656000.0,1.5059,3.0771
2019-08-01,Grocery and convenience retailers [4451],8128002000.0,-1.1511,1.3787
2019-09-01,Grocery and convenience retailers [4451],8203724000.0,0.9316,-0.2496
2019-10-01,Grocery and convenience retailers [4451],8168155000.0,-0.4336,1.5295
2019-11-01,Grocery and convenience retailers [4451],8143356000.0,-0.3036,3.117
2019-12-01,Grocery and convenience retailers [4451],8339170000.0,2.4046,4.4515
2020-01-01,Grocery and convenience retailers [4451],8266150000.0,-0.8756,2.9872
2020-02-01,Grocery and convenience retailers [4451],8241608000.0,-0.2969,0.7228
2020-03-01,Grocery and convenience retailers [4451],10337318000.0,25.4284,27.5164
2020-04-01,Grocery and convenience retailers [4451],9452016000.0,-8.5641,15.5237
2020-05-01,Grocery and convenience retailers [4451],9119571000.0,-3.5172,13.2965
2020-06-01,Grocery and convenience retailers [4451],9190843000.0,0.7815,13.4579
2020-07-01,Grocery and convenience retailers [4451],9024691000.0,-1.8078,9.754
2020-08-01,Grocery and convenience retailers [4451],8985951000.0,-0.4293,10.5555
2020-09-01,Grocery and convenience retailers [4451],9030994000.0,0.5013,10.0841
2020-10-01,Grocery and convenience retailers [4451],9123704000.0,1.0266,11.6985
2020-11-01,Grocery and convenience retailers [4451],9376968000.0,2.7759,15.1487
2020-12-01,Grocery and convenience retailers [4451],9226689000.0,-1.6026,10.6428
2021-01-01,Grocery and convenience retailers [4451],9414097000.0,2.0312,13.8873
2021-02-01,Grocery and convenience retailers [4451],9300340000.0,-1.2084,12.8462
2021-03-01,Grocery and convenience retailers [4451],9116645000.0,-1.9751,-11.8084
2021-04-01,Grocery and convenience retailers [4451],9193644000.0,0.8446,-2.7335
2021-05-01,Grocery and convenience retailers [4451],9213521000.0,0.2162,1.0302
2021-06-01,Grocery and convenience retailers [4451],8962740000.0,-2.7219,-2.4819
2021-07-01,Grocery and convenience retailers [4451],8663046000.0,-3.3438,-4.0073
2021-08-01,Grocery and convenience retailers [4451],8972819000.0,3.5758,-0.1461
2021-09-01,Grocery and convenience retailers [4451],9044548000.0,0.7994,0.1501
2021-10-01,Grocery and convenience retailers [4451],8932841000.0,-1.2351,-2.0919
2021-11-01,Grocery and convenience retailers [4451],9111598000.0,2.0011,-2.83
2021-12-01,Grocery and convenience retailers [4451],8958028000.0,-1.6854,-2.9118
2022-01-01,Grocery and convenience retailers [4451],9106202000.0,1.6541,-3.2706
2022-02-01,Grocery and convenience retailers [4451],9002377000.0,-1.1402,-3.2038
2022-03-01,Grocery and convenience retailers [4451],9107841000.0,1.1715,-0.0966
2022-04-01,Grocery and convenience retailers [4451],9033846000.0,-0.8124,-1.7381
2022-05-01,Grocery and convenience retailers [4451],9137503000.0,1.1474,-0.8251
2022-06-01,Grocery and convenience retailers [4451],9082235000.0,-0.6048,1.3332
2022-07-01,Grocery and convenience retailers [4451],9028184000.0,-0.5951,4.2149
2022-08-01,Grocery and convenience retailers [4451],9315112000.0,3.1781,3.8148
2022-09-01,Grocery and convenience retailers [4451],9154828000.0,-1.7207,1.2193
2022-10-01,Grocery and convenience retailers [4451],9370085000.0,2.3513,4.8948
2022-11-01,Grocery and convenience retailers [4451],9376125000.0,0.0645,2.9032
2022-12-01,Grocery and convenience retailers [4451],9316010000.0,-0.6411,3.9962
2023-01-01,Grocery and convenience retailers [4451],9465820000.0,1.6081,3.9492
2023-02-01,Grocery and convenience retailers [4451],9500068000.0,0.3618,5.5284
2023-03-01,Grocery and convenience retailers [4451],9601831000.0,1.0712,5.4238
2023-04-01,Grocery and convenience retailers [4451],9638932000.0,0.3864,6.698
2023-05-01,Grocery and convenience retailers [4451],9857912000.0,2.2718,7.8841
2023-06-01,Grocery and convenience retailers [4451],9733888000.0,-1.2581,7.175
2023-07-01,Grocery and convenience retailers [4451],9846764000.0,1.1596,9.0669
2023-08-01,Grocery and convenience retailers [4451],9764219000.0,-0.8383,4.8213
2023-09-01,Grocery and convenience retailers [4451],9698174000.0,-0.6764,5.9351
2023-10-01,Grocery and convenience retailers [4451],9734098000.0,0.3704,3.8848
2023-11-01,Grocery and convenience retailers [4451],9631005000.0,-1.0591,2.7184
2023-12-01,Grocery and convenience retailers [4451],9680721000.0,0.5162,3.9149
2024-01-01,Grocery and convenience retailers [4451],9734631000.0,0.5569,2.8398
2024-02-01,Grocery and convenience retailers [4451],9656169000.0,-0.806,1.6432
2024-03-01,Grocery and convenience retailers [4451],9661070000.0,0.0508,0.617
2024-04-01,Grocery and convenience retailers [4451],9793150000.0,1.3671,1.5999
2024-05-01,Grocery and convenience retailers [4451],9658096000.0,-1.3791,-2.027
2024-06-01,Grocery and convenience retailers [4451],9730698000.0,0.7517,-0.0328
2024-07-01,Grocery and convenience retailers [4451],9913679000.0,1.8805,0.6796
2024-08-01,Grocery and convenience retailers [4451],9748644000.0,-1.6647,-0.1595
2024-09-01,Grocery and convenience retailers [4451],10016803000.0,2.7507,3.2855
2024-10-01,Grocery and convenience retailers [4451],9971590000.0,-0.4514,2.4398
2024-11-01,Grocery and convenience retailers [4451],9802928000.0,-1.6914,1.7851
2024-12-01,Grocery and convenience retailers [4451],10081487000.0,2.8416,4.1398
2025-01-01,Grocery and convenience retailers [4451],9876907000.0,-2.0293,1.4615
2025-02-01,Grocery and convenience retailers [4451],10054320000.0,1.7962,4.1233
2025-03-01,Grocery and convenience retailers [4451],10112681000.0,0.5805,4.6745
2025-04-01,Grocery and convenience retailers [4451],10105291000.0,-0.0731,3.1873
2025-05-01,Grocery and convenience retailers [4451],10001202000.0,-1.03,3.5525
2025-06-01,Grocery and convenience retailers [4451],10224142000.0,2.2291,5.071
2025-07-01,Grocery and convenience retailers [4451],10008842000.0,-2.1058,0.9599
2025-08-01,Grocery and convenience retailers [4451],10129946000.0,1.21,3.9113
2025-09-01,Grocery and convenience retailers [4451],10092986000.0,-0.3649,0.7606
2025-10-01,Grocery and convenience retailers [4451],10068582000.0,-0.2418,0.9727
2025-11-01,Grocery and convenience retailers [4451],10190654000.0,1.2124,3.9552
2025-12-01,Grocery and convenience retailers [4451],10202316000.0,0.1144,1.1985
2026-01-01,Grocery and convenience retailers [4451],10172823000.0,-0.2891,2.996
2026-02-01,Grocery and convenience retailers [4451],10306318000.0,1.3123,2.5064
2026-03-01,Grocery and convenience retailers [4451],10377982000.0,0.6953,2.6234
2026-04-01,Grocery and convenience retailers [4451],10088227000.0,-2.792,-0.1689
2026-05-01,Grocery and convenience retailers [4451],10151939000.0,0.6315,1.5072
2026-06-01,Grocery and convenience retailers [4451],10096797000.0,-0.5432,-1.2455
2017-01-01,Health and personal care retailers [456],3948563000.0,,
2017-02-01,Health and personal care retailers [456],4010130000.0,1.5592,
2017-03-01,Health and personal care retailers [456],3981557000.0,-0.7125,
2017-04-01,Health and personal care retailers [456],4047544000.0,1.6573,
2017-05-01,Health and personal care retailers [456],3999759000.0,-1.1806,
2017-06-01,Health and personal care retailers [456],4016049000.0,0.4073,
2017-07-01,Health and personal care retailers [456],4007169000.0,-0.2211,
2017-08-01,Health and personal care retailers [456],4008790000.0,0.0405,
2017-09-01,Health and personal care retailers [456],3989314000.0,-0.4858,
2017-10-01,Health and personal care retailers [456],4061155000.0,1.8008,
2017-11-01,Health and personal care retailers [456],4070134000.0,0.2211,
2017-12-01,Health and personal care retailers [456],3899615000.0,-4.1895,
2018-01-01,Health and personal care retailers [456],4053841000.0,3.9549,2.6662
2018-02-01,Health and personal care retailers [456],4047283000.0,-0.1618,0.9265
2018-03-01,Health and personal care retailers [456],4047992000.0,0.0175,1.6686
2018-04-01,Health and personal care retailers [456],4052230000.0,0.1047,0.1158
2018-05-01,Health and personal care retailers [456],4081895000.0,0.7321,2.0535
2018-06-01,Health and personal care retailers [456],4089996000.0,0.1985,1.8413
2018-07-01,Health and personal care retailers [456],3978050000.0,-2.7371,-0.7267
2018-08-01,Health and personal care retailers [456],4148708000.0,4.29,3.4903
2018-09-01,Health and personal care retailers [456],4206633000.0,1.3962,5.4475
2018-10-01,Health and personal care retailers [456],4286259000.0,1.8929,5.5429
2018-11-01,Health and personal care retailers [456],4214909000.0,-1.6646,3.557
2018-12-01,Health and personal care retailers [456],4180977000.0,-0.805,7.2151
2019-01-01,Health and personal care retailers [456],4203768000.0,0.5451,3.6984
2019-02-01,Health and personal care retailers [456],4209501000.0,0.1364,4.0081
2019-03-01,Health and personal care retailers [456],4210812000.0,0.0311,4.0222
2019-04-01,Health and personal care retailers [456],4198540000.0,-0.2914,3.6106
2019-05-01,Health and personal care retailers [456],4233984000.0,0.8442,3.7259
2019-06-01,Health and personal care retailers [456],4108395000.0,-2.9662,0.4499
2019-07-01,Health and personal care retailers [456],4272141000.0,3.9856,7.3928
2019-08-01,Health and personal care retailers [456],4236593000.0,-0.8321,2.1184
2019-09-01,Health and personal care retailers [456],4241861000.0,0.1243,0.8374
2019-10-01,Health and personal care retailers [456],4175780000.0,-1.5578,-2.5775
2019-11-01,Health and personal care retailers [456],4002933000.0,-4.1393,-5.0292
2019-12-01,Health and personal care retailers [456],4251031000.0,6.1979,1.6755
2020-01-01,Health and personal care retailers [456],4247637000.0,-0.0798,1.0436
2020-02-01,Health and personal care retailers [456],4306833000.0,1.3936,2.3122
2020-03-01,Health and personal care retailers [456],4391247000.0,1.96,4.285
2020-04-01,Health and personal care retailers [456],3652095000.0,-16.8324,-13.0151
2020-05-01,Health and personal care retailers [456],3948254000.0,8.1093,-6.7485
2020-06-01,Health and personal care retailers [456],4306918000.0,9.0841,4.8321
2020-07-01,Health and personal care retailers [456],4339283000.0,0.7515,1.5716
2020-08-01,Health and personal care retailers [456],4321832000.0,-0.4022,2.012
2020-09-01,Health and personal care retailers [456],4455625000.0,3.0957,5.0394
2020-10-01,Health and personal care retailers [456],4353838000.0,-2.2845,4.2641
2020-11-01,Health and personal care retailers [456],4385188000.0,0.7201,9.5494
2020-12-01,Health and personal care retailers [456],4634585000.0,5.6873,9.0226
2021-01-01,Health and personal care retailers [456],4639775000.0,0.112,9.2319
2021-02-01,Health and personal care retailers [456],4648334000.0,0.1845,7.9293
2021-03-01,Health and personal care retailers [456],4669355000.0,0.4522,6.3332
2021-04-01,Health and personal care retailers [456],4411836000.0,-5.5151,20.8029
2021-05-01,Health and personal care retailers [456],4428518000.0,0.3781,12.164
2021-06-01,Health and personal care retailers [456],4537530000.0,2.4616,5.3545
2021-07-01,Health and personal care retailers [456],4517651000.0,-0.4381,4.1105
2021-08-01,Health and personal care retailers [456],4605859000.0,1.9525,6.5719
2021-09-01,Health and personal care retailers [456],4600165000.0,-0.1236,3.244
2021-10-01,Health and personal care retailers [456],4631423000.0,0.6795,6.3756
2021-11-01,Health and personal care retailers [456],4646867000.0,0.3335,5.9673
2021-12-01,Health and personal care retailers [456],4645430000.0,-0.0309,0.234
2022-01-01,Health and personal care retailers [456],4720063000.0,1.6066,1.7304
2022-02-01,Health and personal care retailers [456],4695315000.0,-0.5243,1.0107
2022-03-01,Health and personal care retailers [456],4777107000.0,1.742,2.3076
2022-04-01,Health and personal care retailers [456],4836982000.0,1.2534,9.6365
2022-05-01,Health and personal care retailers [456],4934685000.0,2.0199,11.4297
2022-06-01,Health and personal care retailers [456],5028445000.0,1.9,10.819
2022-07-01,Health and personal care retailers [456],5030311000.0,0.0371,11.3479
2022-08-01,Health and personal care retailers [456],5037733000.0,0.1475,9.3766
2022-09-01,Health and personal care retailers [456],5082952000.0,0.8976,10.495
2022-10-01,Health and personal care retailers [456],5095715000.0,0.2511,10.0248
2022-11-01,Health and personal care retailers [456],5139673000.0,0.8626,10.6051
2022-12-01,Health and personal care retailers [456],5191596000.0,1.0102,11.7571
2023-01-01,Health and personal care retailers [456],5186359000.0,-0.1009,9.879
2023-02-01,Health and personal care retailers [456],5239339000.0,1.0215,11.5865
2023-03-01,Health and personal care retailers [456],5275465000.0,0.6895,10.4322
2023-04-01,Health and personal care retailers [456],5313415000.0,0.7194,9.8498
2023-05-01,Health and personal care retailers [456],5340840000.0,0.5161,8.2306
2023-06-01,Health and personal care retailers [456],5349853000.0,0.1688,6.3918
2023-07-01,Health and personal care retailers [456],5378616000.0,0.5376,6.9241
2023-08-01,Health and personal care retailers [456],5462241000.0,1.5548,8.4266
2023-09-01,Health and personal care retailers [456],5493066000.0,0.5643,8.0684
2023-10-01,Health and personal care retailers [456],5587015000.0,1.7103,9.6414
2023-11-01,Health and personal care retailers [456],5622721000.0,0.6391,9.3984
2023-12-01,Health and personal care retailers [456],5500262000.0,-2.1779,5.9455
2024-01-01,Health and personal care retailers [456],5577366000.0,1.4018,7.5391
2024-02-01,Health and personal care retailers [456],5608553000.0,0.5592,7.047
2024-03-01,Health and personal care retailers [456],5529527000.0,-1.409,4.8159
2024-04-01,Health and personal care retailers [456],5673690000.0,2.6071,6.7805
2024-05-01,Health and personal care retailers [456],5607931000.0,-1.159,5.0009
2024-06-01,Health and personal care retailers [456],5585827000.0,-0.3942,4.4109
2024-07-01,Health and personal care retailers [456],5657196000.0,1.2777,5.1794
2024-08-01,Health and personal care retailers [456],5646132000.0,-0.1956,3.3666
2024-09-01,Health and personal care retailers [456],5725514000.0,1.406,4.2317
2024-10-01,Health and personal care retailers [456],5815589000.0,1.5732,4.0912
2024-11-01,Health and personal care retailers [456],5733702000.0,-1.4081,1.9738
2024-12-01,Health and personal care retailers [456],5812654000.0,1.377,5.6796
2025-01-01,Health and personal care retailers [456],5771656000.0,-0.7053,3.4835
2025-02-01,Health and personal care retailers [456],5817179000.0,0.7887,3.7198
2025-03-01,Health and personal care retailers [456],5856936000.0,0.6834,5.9211
2025-04-01,Health and personal care retailers [456],5835253000.0,-0.3702,2.8476
2025-05-01,Health and personal care retailers [456],5881118000.0,0.786,4.8714
2025-06-01,Health and personal care retailers [456],5914461000.0,0.567,5.8834
2025-07-01,Health and personal care retailers [456],5951842000.0,0.632,5.2083
2025-08-01,Health and personal care retailers [456],6017658000.0,1.1058,6.5802
2025-09-01,Health and personal care retailers [456],6005484000.0,-0.2023,4.8899
2025-10-01,Health and personal care retailers [456],5992560000.0,-0.2152,3.043
2025-11-01,Health and personal care retailers [456],6141697000.0,2.4887,7.1157
2025-12-01,Health and personal care retailers [456],6196916000.0,0.8991,6.6108
2026-01-01,Health and personal care retailers [456],6359821000.0,2.6288,10.1906
2026-02-01,Health and personal care retailers [456],6394755000.0,0.5493,9.9288
2026-03-01,Health and personal care retailers [456],6504636000.0,1.7183,11.0587
2026-04-01,Health and personal care retailers [456],6576584000.0,1.1061,12.7044
2026-05-01,Health and personal care retailers [456],6646029000.0,1.0559,13.0062
2026-06-01,Health and personal care retailers [456],6714012000.0,1.0229,13.5186
2017-01-01,"Jewellery, luggage and leather goods retailers [4583]",298973000.0,,
2017-02-01,"Jewellery, luggage and leather goods retailers [4583]",284267000.0,-4.9188,
2017-03-01,"Jewellery, luggage and leather goods retailers [4583]",280962000.0,-1.1626,
2017-04-01,"Jewellery, luggage and leather goods retailers [4583]",304129000.0,8.2456,
2017-05-01,"Jewellery, luggage and leather goods retailers [4583]",318385000.0,4.6875,
2017-06-01,"Jewellery, luggage and leather goods retailers [4583]",307527000.0,-3.4103,
2017-07-01,"Jewellery, luggage and leather goods retailers [4583]",304381000.0,-1.023,
2017-08-01,"Jewellery, luggage and leather goods retailers [4583]",299560000.0,-1.5839,
2017-09-01,"Jewellery, luggage and leather goods retailers [4583]",304850000.0,1.7659,
2017-10-01,"Jewellery, luggage and leather goods retailers [4583]",298301000.0,-2.1483,
2017-11-01,"Jewellery, luggage and leather goods retailers [4583]",303688000.0,1.8059,
2017-12-01,"Jewellery, luggage and leather goods retailers [4583]",303214000.0,-0.1561,
2018-01-01,"Jewellery, luggage and leather goods retailers [4583]",330664000.0,9.053,10.6
2018-02-01,"Jewellery, luggage and leather goods retailers [4583]",313222000.0,-5.2748,10.1858
2018-03-01,"Jewellery, luggage and leather goods retailers [4583]",312757000.0,-0.1485,11.3165
2018-04-01,"Jewellery, luggage and leather goods retailers [4583]",290829000.0,-7.0112,-4.3731
2018-05-01,"Jewellery, luggage and leather goods retailers [4583]",319621000.0,9.9,0.3882
2018-06-01,"Jewellery, luggage and leather goods retailers [4583]",321182000.0,0.4884,4.4403
2018-07-01,"Jewellery, luggage and leather goods retailers [4583]",329616000.0,2.6259,8.2906
2018-08-01,"Jewellery, luggage and leather goods retailers [4583]",299116000.0,-9.2532,-0.1482
2018-09-01,"Jewellery, luggage and leather goods retailers [4583]",314469000.0,5.1328,3.1553
2018-10-01,"Jewellery, luggage and leather goods retailers [4583]",312465000.0,-0.6373,4.7482
2018-11-01,"Jewellery, luggage and leather goods retailers [4583]",324870000.0,3.97,6.9749
2018-12-01,"Jewellery, luggage and leather goods retailers [4583]",307042000.0,-5.4877,1.2625
2019-01-01,"Jewellery, luggage and leather goods retailers [4583]",303657000.0,-1.1025,-8.1675
2019-02-01,"Jewellery, luggage and leather goods retailers [4583]",339082000.0,11.6661,8.2561
2019-03-01,"Jewellery, luggage and leather goods retailers [4583]",338794000.0,-0.0849,8.325
2019-04-01,"Jewellery, luggage and leather goods retailers [4583]",324920000.0,-4.0951,11.722
2019-05-01,"Jewellery, luggage and leather goods retailers [4583]",335621000.0,3.2934,5.0059
2019-06-01,"Jewellery, luggage and leather goods retailers [4583]",322701000.0,-3.8496,0.4729
2019-07-01,"Jewellery, luggage and leather goods retailers [4583]",312227000.0,-3.2457,-5.2755
2019-08-01,"Jewellery, luggage and leather goods retailers [4583]",325954000.0,4.3965,8.9724
2019-09-01,"Jewellery, luggage and leather goods retailers [4583]",321512000.0,-1.3628,2.2396
2019-10-01,"Jewellery, luggage and leather goods retailers [4583]",342909000.0,6.6551,9.7432
2019-11-01,"Jewellery, luggage and leather goods retailers [4583]",327450000.0,-4.5082,0.7942
2019-12-01,"Jewellery, luggage and leather goods retailers [4583]",343866000.0,5.0133,11.9931
2020-01-01,"Jewellery, luggage and leather goods retailers [4583]",374802000.0,8.9965,23.4294
2020-02-01,"Jewellery, luggage and leather goods retailers [4583]",334950000.0,-10.6328,-1.2186
2020-03-01,"Jewellery, luggage and leather goods retailers [4583]",185089000.0,-44.7413,-45.3683
2020-04-01,"Jewellery, luggage and leather goods retailers [4583]",78072000.0,-57.8192,-75.9719
2020-05-01,"Jewellery, luggage and leather goods retailers [4583]",106247000.0,36.0885,-68.3432
2020-06-01,"Jewellery, luggage and leather goods retailers [4583]",218936000.0,106.0632,-32.1552
2020-07-01,"Jewellery, luggage and leather goods retailers [4583]",314802000.0,43.7872,0.8247
2020-08-01,"Jewellery, luggage and leather goods retailers [4583]",331312000.0,5.2446,1.6438
2020-09-01,"Jewellery, luggage and leather goods retailers [4583]",328006000.0,-0.9979,2.0198
2020-10-01,"Jewellery, luggage and leather goods retailers [4583]",334811000.0,2.0747,-2.3616
2020-11-01,"Jewellery, luggage and leather goods retailers [4583]",342579000.0,2.3201,4.6202
2020-12-01,"Jewellery, luggage and leather goods retailers [4583]",319090000.0,-6.8565,-7.2051
2021-01-01,"Jewellery, luggage and leather goods retailers [4583]",297198000.0,-6.8608,-20.7053
2021-02-01,"Jewellery, luggage and leather goods retailers [4583]",338284000.0,13.8245,0.9954
2021-03-01,"Jewellery, luggage and leather goods retailers [4583]",348015000.0,2.8766,88.0258
2021-04-01,"Jewellery, luggage and leather goods retailers [4583]",275714000.0,-20.7753,253.1535
2021-05-01,"Jewellery, luggage and leather goods retailers [4583]",248941000.0,-9.7104,134.304
2021-06-01,"Jewellery, luggage and leather goods retailers [4583]",290959000.0,16.8787,32.8968
2021-07-01,"Jewellery, luggage and leather goods retailers [4583]",389208000.0,33.7673,23.6358
2021-08-01,"Jewellery, luggage and leather goods retailers [4583]",415930000.0,6.8657,25.5403
2021-09-01,"Jewellery, luggage and leather goods retailers [4583]",397800000.0,-4.3589,21.2783
2021-10-01,"Jewellery, luggage and leather goods retailers [4583]",375072000.0,-5.7134,12.025
2021-11-01,"Jewellery, luggage and leather goods retailers [4583]",398196000.0,6.1652,16.2348
2021-12-01,"Jewellery, luggage and leather goods retailers [4583]",393085000.0,-1.2835,23.1894
2022-01-01,"Jewellery, luggage and leather goods retailers [4583]",395089000.0,0.5098,32.938
2022-02-01,"Jewellery, luggage and leather goods retailers [4583]",397237000.0,0.5437,17.4271
2022-03-01,"Jewellery, luggage and leather goods retailers [4583]",405010000.0,1.9568,16.3772
2022-04-01,"Jewellery, luggage and leather goods retailers [4583]",410185000.0,1.2777,48.7719
2022-05-01,"Jewellery, luggage and leather goods retailers [4583]",374325000.0,-8.7424,50.367
2022-06-01,"Jewellery, luggage and leather goods retailers [4583]",409674000.0,9.4434,40.8013
2022-07-01,"Jewellery, luggage and leather goods retailers [4583]",396314000.0,-3.2611,1.8258
2022-08-01,"Jewellery, luggage and leather goods retailers [4583]",392759000.0,-0.897,-5.5709
2022-09-01,"Jewellery, luggage and leather goods retailers [4583]",395411000.0,0.6752,-0.6006
2022-10-01,"Jewellery, luggage and leather goods retailers [4583]",382867000.0,-3.1724,2.0783
2022-11-01,"Jewellery, luggage and leather goods retailers [4583]",376037000.0,-1.7839,-5.5648
2022-12-01,"Jewellery, luggage and leather goods retailers [4583]",374391000.0,-0.4377,-4.7557
2023-01-01,"Jewellery, luggage and leather goods retailers [4583]",351279000.0,-6.1732,-11.0886
2023-02-01,"Jewellery, luggage and leather goods retailers [4583]",394672000.0,12.3529,-0.6457
2023-03-01,"Jewellery, luggage and leather goods retailers [4583]",398992000.0,1.0946,-1.4859
2023-04-01,"Jewellery, luggage and leather goods retailers [4583]",403650000.0,1.1674,-1.5932
2023-05-01,"Jewellery, luggage and leather goods retailers [4583]",406692000.0,0.7536,8.6468
2023-06-01,"Jewellery, luggage and leather goods retailers [4583]",395167000.0,-2.8338,-3.5411
2023-07-01,"Jewellery, luggage and leather goods retailers [4583]",409149000.0,3.5383,3.2386
2023-08-01,"Jewellery, luggage and leather goods retailers [4583]",401857000.0,-1.7822,2.3164
2023-09-01,"Jewellery, luggage and leather goods retailers [4583]",368436000.0,-8.3166,-6.822
2023-10-01,"Jewellery, luggage and leather goods retailers [4583]",389168000.0,5.627,1.6457
2023-11-01,"Jewellery, luggage and leather goods retailers [4583]",407446000.0,4.6967,8.3526
2023-12-01,"Jewellery, luggage and leather goods retailers [4583]",408432000.0,0.242,9.0924
2024-01-01,"Jewellery, luggage and leather goods retailers [4583]",396204000.0,-2.9939,12.789
2024-02-01,"Jewellery, luggage and leather goods retailers [4583]",394491000.0,-0.4324,-0.0459
2024-03-01,"Jewellery, luggage and leather goods retailers [4583]",369598000.0,-6.3102,-7.3671
2024-04-01,"Jewellery, luggage and leather goods retailers [4583]",394349000.0,6.6967,-2.3042
2024-05-01,"Jewellery, luggage and leather goods retailers [4583]",385790000.0,-2.1704,-5.1395
2024-06-01,"Jewellery, luggage and leather goods retailers [4583]",391156000.0,1.3909,-1.015
2024-07-01,"Jewellery, luggage and leather goods retailers [4583]",412845000.0,5.5448,0.9033
2024-08-01,"Jewellery, luggage and leather goods retailers [4583]",396817000.0,-3.8823,-1.2542
2024-09-01,"Jewellery, luggage and leather goods retailers [4583]",406380000.0,2.4099,10.2987
2024-10-01,"Jewellery, luggage and leather goods retailers [4583]",416489000.0,2.4876,7.0204
2024-11-01,"Jewellery, luggage and leather goods retailers [4583]",415153000.0,-0.3208,1.8915
2024-12-01,"Jewellery, luggage and leather goods retailers [4583]",429035000.0,3.3438,5.0444
2025-01-01,"Jewellery, luggage and leather goods retailers [4583]",443350000.0,3.3366,11.8994
2025-02-01,"Jewellery, luggage and leather goods retailers [4583]",451997000.0,1.9504,14.5773
2025-03-01,"Jewellery, luggage and leather goods retailers [4583]",437360000.0,-3.2383,18.334
2025-04-01,"Jewellery, luggage and leather goods retailers [4583]",431570000.0,-1.3239,9.4386
2025-05-01,"Jewellery, luggage and leather goods retailers [4583]",435402000.0,0.8879,12.8598
2025-06-01,"Jewellery, luggage and leather goods retailers [4583]",434240000.0,-0.2669,11.0145
2025-07-01,"Jewellery, luggage and leather goods retailers [4583]",436903000.0,0.6133,5.8274
2025-08-01,"Jewellery, luggage and leather goods retailers [4583]",444898000.0,1.8299,12.1167
2025-09-01,"Jewellery, luggage and leather goods retailers [4583]",449988000.0,1.1441,10.7308
2025-10-01,"Jewellery, luggage and leather goods retailers [4583]",454198000.0,0.9356,9.054
2025-11-01,"Jewellery, luggage and leather goods retailers [4583]",440386000.0,-3.041,6.078
2025-12-01,"Jewellery, luggage and leather goods retailers [4583]",436304000.0,-0.9269,1.6943
2026-01-01,"Jewellery, luggage and leather goods retailers [4583]",466934000.0,7.0203,5.3195
2026-02-01,"Jewellery, luggage and leather goods retailers [4583]",444506000.0,-4.8032,-1.6573
2026-03-01,"Jewellery, luggage and leather goods retailers [4583]",472955000.0,6.4001,8.1386
2026-04-01,"Jewellery, luggage and leather goods retailers [4583]",466880000.0,-1.2845,8.1818
2026-05-01,"Jewellery, luggage and leather goods retailers [4583]",482814000.0,3.4129,10.8892
2026-06-01,"Jewellery, luggage and leather goods retailers [4583]",529121000.0,9.5911,21.8499
2017-01-01,Miscellaneous retailers [459B],1409308000.0,,
2017-02-01,Miscellaneous retailers [459B],1424551000.0,1.0816,
2017-03-01,Miscellaneous retailers [459B],1394922000.0,-2.0799,
2017-04-01,Miscellaneous retailers [459B],1426238000.0,2.245,
2017-05-01,Miscellaneous retailers [459B],1459456000.0,2.3291,
2017-06-01,Miscellaneous retailers [459B],1459533000.0,0.0053,
2017-07-01,Miscellaneous retailers [459B],1428508000.0,-2.1257,
2017-08-01,Miscellaneous retailers [459B],1436848000.0,0.5838,
2017-09-01,Miscellaneous retailers [459B],1454035000.0,1.1962,
2017-10-01,Miscellaneous retailers [459B],1451861000.0,-0.1495,
2017-11-01,Miscellaneous retailers [459B],1458811000.0,0.4787,
2017-12-01,Miscellaneous retailers [459B],1498778000.0,2.7397,
2018-01-01,Miscellaneous retailers [459B],1464497000.0,-2.2873,3.916
2018-02-01,Miscellaneous retailers [459B],1521622000.0,3.9007,6.8141
2018-03-01,Miscellaneous retailers [459B],1541591000.0,1.3123,10.5145
2018-04-01,Miscellaneous retailers [459B],1528668000.0,-0.8383,7.1818
2018-05-01,Miscellaneous retailers [459B],1555860000.0,1.7788,6.6055
2018-06-01,Miscellaneous retailers [459B],1550090000.0,-0.3709,6.2045
2018-07-01,Miscellaneous retailers [459B],1576237000.0,1.6868,10.3415
2018-08-01,Miscellaneous retailers [459B],1561188000.0,-0.9547,8.6537
2018-09-01,Miscellaneous retailers [459B],1543763000.0,-1.1161,6.171
2018-10-01,Miscellaneous retailers [459B],1628641000.0,5.4981,12.1761
2018-11-01,Miscellaneous retailers [459B],1624698000.0,-0.2421,11.3714
2018-12-01,Miscellaneous retailers [459B],1618340000.0,-0.3913,7.9773
2019-01-01,Miscellaneous retailers [459B],1638780000.0,1.263,11.9005
2019-02-01,Miscellaneous retailers [459B],1628913000.0,-0.6021,7.0511
2019-03-01,Miscellaneous retailers [459B],1670847000.0,2.5744,8.3846
2019-04-01,Miscellaneous retailers [459B],1674654000.0,0.2278,9.5499
2019-05-01,Miscellaneous retailers [459B],1697189000.0,1.3457,9.0837
2019-06-01,Miscellaneous retailers [459B],1743550000.0,2.7316,12.4806
2019-07-01,Miscellaneous retailers [459B],1757517000.0,0.8011,11.5008
2019-08-01,Miscellaneous retailers [459B],1759746000.0,0.1268,12.7184
2019-09-01,Miscellaneous retailers [459B],1746806000.0,-0.7353,13.1525
2019-10-01,Miscellaneous retailers [459B],1761528000.0,0.8428,8.1594
2019-11-01,Miscellaneous retailers [459B],1756355000.0,-0.2937,8.1035
2019-12-01,Miscellaneous retailers [459B],1894884000.0,7.8873,17.0881
2020-01-01,Miscellaneous retailers [459B],1856730000.0,-2.0135,13.2995
2020-02-01,Miscellaneous retailers [459B],1831323000.0,-1.3684,12.4261
2020-03-01,Miscellaneous retailers [459B],1794258000.0,-2.0239,7.3861
2020-04-01,Miscellaneous retailers [459B],1359821000.0,-24.2126,-18.7999
2020-05-01,Miscellaneous retailers [459B],1662403000.0,22.2516,-2.0496
2020-06-01,Miscellaneous retailers [459B],1884885000.0,13.3832,8.1062
2020-07-01,Miscellaneous retailers [459B],1947863000.0,3.3412,10.8304
2020-08-01,Miscellaneous retailers [459B],2017328000.0,3.5662,14.6375
2020-09-01,Miscellaneous retailers [459B],2062535000.0,2.2409,18.0746
2020-10-01,Miscellaneous retailers [459B],2063614000.0,0.0523,17.1491
2020-11-01,Miscellaneous retailers [459B],2131362000.0,3.283,21.3514
2020-12-01,Miscellaneous retailers [459B],2128698000.0,-0.125,12.3392
2021-01-01,Miscellaneous retailers [459B],1937436000.0,-8.9849,4.3467
2021-02-01,Miscellaneous retailers [459B],2222233000.0,14.6997,21.3458
2021-03-01,Miscellaneous retailers [459B],2182413000.0,-1.7919,21.6332
2021-04-01,Miscellaneous retailers [459B],2169322000.0,-0.5998,59.53
2021-05-01,Miscellaneous retailers [459B],2066864000.0,-4.723,24.3299
2021-06-01,Miscellaneous retailers [459B],2193382000.0,6.1213,16.3669
2021-07-01,Miscellaneous retailers [459B],2195356000.0,0.09,12.7059
2021-08-01,Miscellaneous retailers [459B],2374088000.0,8.1414,17.6848
2021-09-01,Miscellaneous retailers [459B],2266686000.0,-4.5239,9.8981
2021-10-01,Miscellaneous retailers [459B],2311968000.0,1.9977,12.0349
2021-11-01,Miscellaneous retailers [459B],2320036000.0,0.349,8.8523
2021-12-01,Miscellaneous retailers [459B],2308513000.0,-0.4967,8.4472
2022-01-01,Miscellaneous retailers [459B],2342816000.0,1.4859,20.9235
2022-02-01,Miscellaneous retailers [459B],2374143000.0,1.3372,6.8359
2022-03-01,Miscellaneous retailers [459B],2423461000.0,2.0773,11.045
2022-04-01,Miscellaneous retailers [459B],2605153000.0,7.4972,20.0907
2022-05-01,Miscellaneous retailers [459B],2534536000.0,-2.7107,22.6271
2022-06-01,Miscellaneous retailers [459B],2559331000.0,0.9783,16.6842
2022-07-01,Miscellaneous retailers [459B],2536945000.0,-0.8747,15.5596
2022-08-01,Miscellaneous retailers [459B],2479194000.0,-2.2764,4.4272
2022-09-01,Miscellaneous retailers [459B],2537224000.0,2.3407,11.9354
2022-10-01,Miscellaneous retailers [459B],2492503000.0,-1.7626,7.8087
2022-11-01,Miscellaneous retailers [459B],2486400000.0,-0.2449,7.1708
2022-12-01,Miscellaneous retailers [459B],2510681000.0,0.9766,8.7575
2023-01-01,Miscellaneous retailers [459B],2497128000.0,-0.5398,6.5866
2023-02-01,Miscellaneous retailers [459B],2450987000.0,-1.8478,3.2367
2023-03-01,Miscellaneous retailers [459B],2514271000.0,2.582,3.7471
2023-04-01,Miscellaneous retailers [459B],2466584000.0,-1.8967,-5.319
2023-05-01,Miscellaneous retailers [459B],2607132000.0,5.6981,2.8643
2023-06-01,Miscellaneous retailers [459B],2506110000.0,-3.8748,-2.0795
2023-07-01,Miscellaneous retailers [459B],2494055000.0,-0.481,-1.6906
2023-08-01,Miscellaneous retailers [459B],2460685000.0,-1.338,-0.7466
2023-09-01,Miscellaneous retailers [459B],2387429000.0,-2.9771,-5.9039
2023-10-01,Miscellaneous retailers [459B],2364864000.0,-0.9452,-5.1209
2023-11-01,Miscellaneous retailers [459B],2360874000.0,-0.1687,-5.0485
2023-12-01,Miscellaneous retailers [459B],2364263000.0,0.1435,-5.8318
2024-01-01,Miscellaneous retailers [459B],2368997000.0,0.2002,-5.1311
2024-02-01,Miscellaneous retailers [459B],2331954000.0,-1.5637,-4.8565
2024-03-01,Miscellaneous retailers [459B],2257532000.0,-3.1914,-10.2113
2024-04-01,Miscellaneous retailers [459B],2478715000.0,9.7976,0.4918
2024-05-01,Miscellaneous retailers [459B],2402646000.0,-3.0689,-7.8433
2024-06-01,Miscellaneous retailers [459B],2361734000.0,-1.7028,-5.761
2024-07-01,Miscellaneous retailers [459B],2409227000.0,2.0109,-3.4012
2024-08-01,Miscellaneous retailers [459B],2485227000.0,3.1545,0.9974
2024-09-01,Miscellaneous retailers [459B],2473059000.0,-0.4896,3.5867
2024-10-01,Miscellaneous retailers [459B],2532465000.0,2.4021,7.0871
2024-11-01,Miscellaneous retailers [459B],2592062000.0,2.3533,9.7925
2024-12-01,Miscellaneous retailers [459B],2595398000.0,0.1287,9.7762
2025-01-01,Miscellaneous retailers [459B],2571769000.0,-0.9104,8.5594
2025-02-01,Miscellaneous retailers [459B],2662189000.0,3.5159,14.1613
2025-03-01,Miscellaneous retailers [459B],2652383000.0,-0.3683,17.4904
2025-04-01,Miscellaneous retailers [459B],2686069000.0,1.27,8.3654
2025-05-01,Miscellaneous retailers [459B],2644586000.0,-1.5444,10.0697
2025-06-01,Miscellaneous retailers [459B],2712562000.0,2.5704,14.8547
2025-07-01,Miscellaneous retailers [459B],2711704000.0,-0.0316,12.5549
2025-08-01,Miscellaneous retailers [459B],2688169000.0,-0.8679,8.1659
2025-09-01,Miscellaneous retailers [459B],2742161000.0,2.0085,10.8813
2025-10-01,Miscellaneous retailers [459B],2803769000.0,2.2467,10.713
2025-11-01,Miscellaneous retailers [459B],2781637000.0,-0.7894,7.3137
2025-12-01,Miscellaneous retailers [459B],2846587000.0,2.335,9.6782
2026-01-01,Miscellaneous retailers [459B],2878726000.0,1.129,11.9356
2026-02-01,Miscellaneous retailers [459B],2900444000.0,0.7544,8.9496
2026-03-01,Miscellaneous retailers [459B],2866349000.0,-1.1755,8.0669
2026-04-01,Miscellaneous retailers [459B],2834970000.0,-1.0947,5.5435
2026-05-01,Miscellaneous retailers [459B],2874496000.0,1.3942,8.6936
2026-06-01,Miscellaneous retailers [459B],2948487000.0,2.5741,8.6975
2017-01-01,Motor vehicle and parts dealers [441],13561527000.0,,
2017-02-01,Motor vehicle and parts dealers [441],13074752000.0,-3.5894,
2017-03-01,Motor vehicle and parts dealers [441],13358676000.0,2.1715,
2017-04-01,Motor vehicle and parts dealers [441],13546688000.0,1.4074,
2017-05-01,Motor vehicle and parts dealers [441],13711352000.0,1.2155,
2017-06-01,Motor vehicle and parts dealers [441],13543222000.0,-1.2262,
2017-07-01,Motor vehicle and parts dealers [441],13674164000.0,0.9668,
2017-08-01,Motor vehicle and parts dealers [441],13787507000.0,0.8289,
2017-09-01,Motor vehicle and parts dealers [441],13515388000.0,-1.9737,
2017-10-01,Motor vehicle and parts dealers [441],14695586000.0,8.7323,
2017-11-01,Motor vehicle and parts dealers [441],13622869000.0,-7.2996,
2017-12-01,Motor vehicle and parts dealers [441],13988400000.0,2.6832,
2018-01-01,Motor vehicle and parts dealers [441],13686304000.0,-2.1596,0.9201
2018-02-01,Motor vehicle and parts dealers [441],13716809000.0,0.2229,4.9107
2018-03-01,Motor vehicle and parts dealers [441],13896774000.0,1.312,4.0281
2018-04-01,Motor vehicle and parts dealers [441],13882482000.0,-0.1028,2.4788
2018-05-01,Motor vehicle and parts dealers [441],14196145000.0,2.2594,3.5357
2018-06-01,Motor vehicle and parts dealers [441],14299735000.0,0.7297,5.5859
2018-07-01,Motor vehicle and parts dealers [441],13960072000.0,-2.3753,2.0909
2018-08-01,Motor vehicle and parts dealers [441],14139342000.0,1.2842,2.5518
2018-09-01,Motor vehicle and parts dealers [441],14164859000.0,0.1805,4.8054
2018-10-01,Motor vehicle and parts dealers [441],14376309000.0,1.4928,-2.1726
2018-11-01,Motor vehicle and parts dealers [441],14028658000.0,-2.4182,2.9787
2018-12-01,Motor vehicle and parts dealers [441],14343956000.0,2.2475,2.5418
2019-01-01,Motor vehicle and parts dealers [441],14252658000.0,-0.6365,4.1381
2019-02-01,Motor vehicle and parts dealers [441],14280805000.0,0.1975,4.1117
2019-03-01,Motor vehicle and parts dealers [441],14496126000.0,1.5078,4.3129
2019-04-01,Motor vehicle and parts dealers [441],14425627000.0,-0.4863,3.9124
2019-05-01,Motor vehicle and parts dealers [441],14760235000.0,2.3195,3.9735
2019-06-01,Motor vehicle and parts dealers [441],14342183000.0,-2.8323,0.2968
2019-07-01,Motor vehicle and parts dealers [441],14589212000.0,1.7224,4.5067
2019-08-01,Motor vehicle and parts dealers [441],14777424000.0,1.2901,4.5128
2019-09-01,Motor vehicle and parts dealers [441],14690081000.0,-0.5911,3.7079
2019-10-01,Motor vehicle and parts dealers [441],14116353000.0,-3.9055,-1.8082
2019-11-01,Motor vehicle and parts dealers [441],14648847000.0,3.7722,4.4209
2019-12-01,Motor vehicle and parts dealers [441],14755172000.0,0.7258,2.8668
2020-01-01,Motor vehicle and parts dealers [441],14440651000.0,-2.1316,1.319
2020-02-01,Motor vehicle and parts dealers [441],14690572000.0,1.7307,2.8694
2020-03-01,Motor vehicle and parts dealers [441],9568291000.0,-34.8678,-33.9942
2020-04-01,Motor vehicle and parts dealers [441],5698142000.0,-40.4477,-60.4999
2020-05-01,Motor vehicle and parts dealers [441],9908606000.0,73.8919,-32.8696
2020-06-01,Motor vehicle and parts dealers [441],14722057000.0,48.5785,2.6486
2020-07-01,Motor vehicle and parts dealers [441],15037930000.0,2.1456,3.0757
2020-08-01,Motor vehicle and parts dealers [441],14786108000.0,-1.6746,0.0588
2020-09-01,Motor vehicle and parts dealers [441],15882582000.0,7.4156,8.1177
2020-10-01,Motor vehicle and parts dealers [441],16491114000.0,3.8314,16.8228
2020-11-01,Motor vehicle and parts dealers [441],15970999000.0,-3.1539,9.0256
2020-12-01,Motor vehicle and parts dealers [441],14810009000.0,-7.2694,0.3716
2021-01-01,Motor vehicle and parts dealers [441],14389605000.0,-2.8386,-0.3535
2021-02-01,Motor vehicle and parts dealers [441],15223256000.0,5.7934,3.626
2021-03-01,Motor vehicle and parts dealers [441],16351032000.0,7.4082,70.8877
2021-04-01,Motor vehicle and parts dealers [441],16372494000.0,0.1313,187.3304
2021-05-01,Motor vehicle and parts dealers [441],15858676000.0,-3.1383,60.0495
2021-06-01,Motor vehicle and parts dealers [441],16011001000.0,0.9605,8.7552
2021-07-01,Motor vehicle and parts dealers [441],16383219000.0,2.3248,8.946
2021-08-01,Motor vehicle and parts dealers [441],16474866000.0,0.5594,11.4212
2021-09-01,Motor vehicle and parts dealers [441],16109294000.0,-2.219,1.4274
2021-10-01,Motor vehicle and parts dealers [441],16453550000.0,2.137,-0.2278
2021-11-01,Motor vehicle and parts dealers [441],16409279000.0,-0.2691,2.7442
2021-12-01,Motor vehicle and parts dealers [441],16525998000.0,0.7113,11.5867
2022-01-01,Motor vehicle and parts dealers [441],17214677000.0,4.1672,19.6327
2022-02-01,Motor vehicle and parts dealers [441],16300490000.0,-5.3105,7.0762
2022-03-01,Motor vehicle and parts dealers [441],15734665000.0,-3.4712,-3.7696
2022-04-01,Motor vehicle and parts dealers [441],15769350000.0,0.2204,-3.6839
2022-05-01,Motor vehicle and parts dealers [441],16397800000.0,3.9853,3.3996
2022-06-01,Motor vehicle and parts dealers [441],16586221000.0,1.1491,3.5927
2022-07-01,Motor vehicle and parts dealers [441],16442995000.0,-0.8635,0.3649
2022-08-01,Motor vehicle and parts dealers [441],16513765000.0,0.4304,0.2361
2022-09-01,Motor vehicle and parts dealers [441],16683706000.0,1.0291,3.5657
2022-10-01,Motor vehicle and parts dealers [441],16687136000.0,0.0206,1.4197
2022-11-01,Motor vehicle and parts dealers [441],16730108000.0,0.2575,1.9552
2022-12-01,Motor vehicle and parts dealers [441],16826057000.0,0.5735,1.8157
2023-01-01,Motor vehicle and parts dealers [441],18095916000.0,7.547,5.1191
2023-02-01,Motor vehicle and parts dealers [441],17710738000.0,-2.1285,8.6516
2023-03-01,Motor vehicle and parts dealers [441],17115984000.0,-3.3582,8.7788
2023-04-01,Motor vehicle and parts dealers [441],17314116000.0,1.1576,9.796
2023-05-01,Motor vehicle and parts dealers [441],17464539000.0,0.8688,6.5054
2023-06-01,Motor vehicle and parts dealers [441],18048995000.0,3.3465,8.8192
2023-07-01,Motor vehicle and parts dealers [441],17644771000.0,-2.2396,7.3087
2023-08-01,Motor vehicle and parts dealers [441],17340368000.0,-1.7252,5.0055
2023-09-01,Motor vehicle and parts dealers [441],18141085000.0,4.6176,8.7353
2023-10-01,Motor vehicle and parts dealers [441],18024310000.0,-0.6437,8.0132
2023-11-01,Motor vehicle and parts dealers [441],17995566000.0,-0.1595,7.564
2023-12-01,Motor vehicle and parts dealers [441],18166877000.0,0.952,7.9687
2024-01-01,Motor vehicle and parts dealers [441],17867536000.0,-1.6477,-1.2621
2024-02-01,Motor vehicle and parts dealers [441],18146777000.0,1.5628,2.462
2024-03-01,Motor vehicle and parts dealers [441],17875759000.0,-1.4935,4.439
2024-04-01,Motor vehicle and parts dealers [441],17507532000.0,-2.0599,1.1171
2024-05-01,Motor vehicle and parts dealers [441],17690566000.0,1.0455,1.2942
2024-06-01,Motor vehicle and parts dealers [441],17458527000.0,-1.3117,-3.2715
2024-07-01,Motor vehicle and parts dealers [441],18132177000.0,3.8586,2.7623
2024-08-01,Motor vehicle and parts dealers [441],18417183000.0,1.5718,6.2099
2024-09-01,Motor vehicle and parts dealers [441],18621213000.0,1.1078,2.6466
2024-10-01,Motor vehicle and parts dealers [441],19107282000.0,2.6103,6.0084
2024-11-01,Motor vehicle and parts dealers [441],19731813000.0,3.2685,9.6482
2024-12-01,Motor vehicle and parts dealers [441],19925175000.0,0.98,9.6786
2025-01-01,Motor vehicle and parts dealers [441],19500751000.0,-2.1301,9.1407
2025-02-01,Motor vehicle and parts dealers [441],18215559000.0,-6.5905,0.379
2025-03-01,Motor vehicle and parts dealers [441],19539255000.0,7.2668,9.3059
2025-04-01,Motor vehicle and parts dealers [441],19832255000.0,1.4995,13.2784
2025-05-01,Motor vehicle and parts dealers [441],19181079000.0,-3.2834,8.4255
2025-06-01,Motor vehicle and parts dealers [441],19167801000.0,-0.0692,9.7905
2025-07-01,Motor vehicle and parts dealers [441],19136794000.0,-0.1618,5.5405
2025-08-01,Motor vehicle and parts dealers [441],19436111000.0,1.5641,5.5325
2025-09-01,Motor vehicle and parts dealers [441],18716036000.0,-3.7048,0.5092
2025-10-01,Motor vehicle and parts dealers [441],19004019000.0,1.5387,-0.5404
2025-11-01,Motor vehicle and parts dealers [441],18920255000.0,-0.4408,-4.1129
2025-12-01,Motor vehicle and parts dealers [441],18729338000.0,-1.0091,-6.0016
2026-01-01,Motor vehicle and parts dealers [441],19085272000.0,1.9004,-2.1306
2026-02-01,Motor vehicle and parts dealers [441],19253381000.0,0.8808,5.6974
2026-03-01,Motor vehicle and parts dealers [441],19245293000.0,-0.042,-1.5045
2026-04-01,Motor vehicle and parts dealers [441],19551303000.0,1.5901,-1.4166
2026-05-01,Motor vehicle and parts dealers [441],19679072000.0,0.6535,2.5963
2026-06-01,Motor vehicle and parts dealers [441],19870809000.0,0.9743,3.6677
2017-01-01,New car dealers [44111],11020613000.0,,
2017-02-01,New car dealers [44111],10544585000.0,-4.3194,
2017-03-01,New car dealers [44111],10836264000.0,2.7661,
2017-04-01,New car dealers [44111],10889148000.0,0.488,
2017-05-01,New car dealers [44111],11086690000.0,1.8141,
2017-06-01,New car dealers [44111],10884461000.0,-1.8241,
2017-07-01,New car dealers [44111],11065138000.0,1.66,
2017-08-01,New car dealers [44111],11105363000.0,0.3635,
2017-09-01,New car dealers [44111],10859401000.0,-2.2148,
2017-10-01,New car dealers [44111],12016564000.0,10.6559,
2017-11-01,New car dealers [44111],10835443000.0,-9.8291,
2017-12-01,New car dealers [44111],11159874000.0,2.9942,
2018-01-01,New car dealers [44111],10944726000.0,-1.9279,-0.6886
2018-02-01,New car dealers [44111],10935862000.0,-0.081,3.7107
2018-03-01,New car dealers [44111],11187960000.0,2.3052,3.2455
2018-04-01,New car dealers [44111],11096780000.0,-0.815,1.9068
2018-05-01,New car dealers [44111],11287764000.0,1.7211,1.8137
2018-06-01,New car dealers [44111],11455128000.0,1.4827,5.243
2018-07-01,New car dealers [44111],11058180000.0,-3.4652,-0.0629
2018-08-01,New car dealers [44111],11217894000.0,1.4443,1.0133
2018-09-01,New car dealers [44111],11298634000.0,0.7197,4.0447
2018-10-01,New car dealers [44111],11426579000.0,1.1324,-4.9098
2018-11-01,New car dealers [44111],11118595000.0,-2.6953,2.6132
2018-12-01,New car dealers [44111],11474895000.0,3.2045,2.8228
2019-01-01,New car dealers [44111],11240260000.0,-2.0448,2.7002
2019-02-01,New car dealers [44111],11405368000.0,1.4689,4.2933
2019-03-01,New car dealers [44111],11459013000.0,0.4703,2.4227
2019-04-01,New car dealers [44111],11475078000.0,0.1402,3.4091
2019-05-01,New car dealers [44111],11726754000.0,2.1932,3.8891
2019-06-01,New car dealers [44111],11321779000.0,-3.4534,-1.1641
2019-07-01,New car dealers [44111],11632791000.0,2.747,5.1963
2019-08-01,New car dealers [44111],11802933000.0,1.4626,5.2152
2019-09-01,New car dealers [44111],11656335000.0,-1.242,3.1659
2019-10-01,New car dealers [44111],11194641000.0,-3.9609,-2.0298
2019-11-01,New car dealers [44111],11517576000.0,2.8847,3.5884
2019-12-01,New car dealers [44111],11876873000.0,3.1196,3.5031
2020-01-01,New car dealers [44111],11461520000.0,-3.4972,1.9685
2020-02-01,New car dealers [44111],11641560000.0,1.5708,2.0709
2020-03-01,New car dealers [44111],7273078000.0,-37.5249,-36.5296
2020-04-01,New car dealers [44111],4058987000.0,-44.1916,-64.6278
2020-05-01,New car dealers [44111],7140160000.0,75.9099,-39.1122
2020-06-01,New car dealers [44111],11340553000.0,58.8277,0.1658
2020-07-01,New car dealers [44111],11394696000.0,0.4774,-2.0468
2020-08-01,New car dealers [44111],11354912000.0,-0.3491,-3.7958
2020-09-01,New car dealers [44111],12489347000.0,9.9907,7.1464
2020-10-01,New car dealers [44111],12934114000.0,3.5612,15.5384
2020-11-01,New car dealers [44111],12470468000.0,-3.5847,8.2734
2020-12-01,New car dealers [44111],11153285000.0,-10.5624,-6.0924
2021-01-01,New car dealers [44111],11006291000.0,-1.3179,-3.9718
2021-02-01,New car dealers [44111],11643959000.0,5.7937,0.0206
2021-03-01,New car dealers [44111],12537119000.0,7.6706,72.3771
2021-04-01,New car dealers [44111],12647602000.0,0.8812,211.595
2021-05-01,New car dealers [44111],12284305000.0,-2.8725,72.0452
2021-06-01,New car dealers [44111],12387103000.0,0.8368,9.2284
2021-07-01,New car dealers [44111],12746480000.0,2.9012,11.8633
2021-08-01,New car dealers [44111],12881199000.0,1.0569,13.4416
2021-09-01,New car dealers [44111],12385001000.0,-3.8521,-0.8355
2021-10-01,New car dealers [44111],12680131000.0,2.383,-1.9637
2021-11-01,New car dealers [44111],12685318000.0,0.0409,1.7229
2021-12-01,New car dealers [44111],12587213000.0,-0.7734,12.8566
2022-01-01,New car dealers [44111],13121567000.0,4.2452,19.2188
2022-02-01,New car dealers [44111],12493043000.0,-4.79,7.2921
2022-03-01,New car dealers [44111],12171814000.0,-2.5713,-2.9138
2022-04-01,New car dealers [44111],12143674000.0,-0.2312,-3.9844
2022-05-01,New car dealers [44111],12696741000.0,4.5544,3.3574
2022-06-01,New car dealers [44111],12947145000.0,1.9722,4.5212
2022-07-01,New car dealers [44111],12792839000.0,-1.1918,0.3637
2022-08-01,New car dealers [44111],12758130000.0,-0.2713,-0.9554
2022-09-01,New car dealers [44111],12900976000.0,1.1196,4.1661
2022-10-01,New car dealers [44111],12962317000.0,0.4755,2.2254
2022-11-01,New car dealers [44111],12915711000.0,-0.3595,1.8162
2022-12-01,New car dealers [44111],13136656000.0,1.7107,4.3651
2023-01-01,New car dealers [44111],14358005000.0,9.2973,9.4229
2023-02-01,New car dealers [44111],13851948000.0,-3.5246,10.8773
2023-03-01,New car dealers [44111],13418036000.0,-3.1325,10.2386
2023-04-01,New car dealers [44111],13573355000.0,1.1575,11.7731
2023-05-01,New car dealers [44111],13650891000.0,0.5712,7.5149
2023-06-01,New car dealers [44111],14207795000.0,4.0796,9.7369
2023-07-01,New car dealers [44111],13880366000.0,-2.3046,8.5011
2023-08-01,New car dealers [44111],13558784000.0,-2.3168,6.2756
2023-09-01,New car dealers [44111],14352452000.0,5.8535,11.2509
2023-10-01,New car dealers [44111],14279968000.0,-0.505,10.1652
2023-11-01,New car dealers [44111],14219607000.0,-0.4227,10.0954
2023-12-01,New car dealers [44111],14343484000.0,0.8712,9.1867
2024-01-01,New car dealers [44111],14202793000.0,-0.9809,-1.081
2024-02-01,New car dealers [44111],14383295000.0,1.2709,3.8359
2024-03-01,New car dealers [44111],14122379000.0,-1.814,5.2492
2024-04-01,New car dealers [44111],13735846000.0,-2.737,1.1971
2024-05-01,New car dealers [44111],14039689000.0,2.212,2.8482
2024-06-01,New car dealers [44111],13739619000.0,-2.1373,-3.2952
2024-07-01,New car dealers [44111],14296740000.0,4.0549,2.9997
2024-08-01,New car dealers [44111],14558636000.0,1.8319,7.3742
2024-09-01,New car dealers [44111],14892636000.0,2.2942,3.7637
2024-10-01,New car dealers [44111],15252039000.0,2.4133,6.8072
2024-11-01,New car dealers [44111],15926746000.0,4.4237,12.0055
2024-12-01,New car dealers [44111],15960317000.0,0.2108,11.2722
2025-01-01,New car dealers [44111],15500361000.0,-2.8819,9.136
2025-02-01,New car dealers [44111],14274180000.0,-7.9107,-0.7586
2025-03-01,New car dealers [44111],15429657000.0,8.0949,9.2568
2025-04-01,New car dealers [44111],15819960000.0,2.5296,15.1728
2025-05-01,New car dealers [44111],15133374000.0,-4.34,7.79
2025-06-01,New car dealers [44111],15153120000.0,0.1305,10.2878
2025-07-01,New car dealers [44111],15113857000.0,-0.2591,5.7154
2025-08-01,New car dealers [44111],15390548000.0,1.8307,5.7142
2025-09-01,New car dealers [44111],14714985000.0,-4.3895,-1.1929
2025-10-01,New car dealers [44111],14959181000.0,1.6595,-1.9201
2025-11-01,New car dealers [44111],14780725000.0,-1.193,-7.1956
2025-12-01,New car dealers [44111],14746722000.0,-0.23,-7.6038
2026-01-01,New car dealers [44111],15066628000.0,2.1693,-2.7982
2026-02-01,New car dealers [44111],15138149000.0,0.4747,6.0527
2026-03-01,New car dealers [44111],15220560000.0,0.5444,-1.3552
2026-04-01,New car dealers [44111],15420349000.0,1.3126,-2.526
2026-05-01,New car dealers [44111],15509386000.0,0.5774,2.4847
2026-06-01,New car dealers [44111],15741584000.0,1.4971,3.8835
2017-01-01,Other motor vehicle dealers [4412],855975000.0,,
2017-02-01,Other motor vehicle dealers [4412],854674000.0,-0.152,
2017-03-01,Other motor vehicle dealers [4412],804244000.0,-5.9005,
2017-04-01,Other motor vehicle dealers [4412],888667000.0,10.4972,
2017-05-01,Other motor vehicle dealers [4412],831085000.0,-6.4796,
2017-06-01,Other motor vehicle dealers [4412],849784000.0,2.25,
2017-07-01,Other motor vehicle dealers [4412],804984000.0,-5.2719,
2017-08-01,Other motor vehicle dealers [4412],791997000.0,-1.6133,
2017-09-01,Other motor vehicle dealers [4412],855749000.0,8.0495,
2017-10-01,Other motor vehicle dealers [4412],851515000.0,-0.4948,
2017-11-01,Other motor vehicle dealers [4412],906659000.0,6.476,
2017-12-01,Other motor vehicle dealers [4412],909357000.0,0.2976,
2018-01-01,Other motor vehicle dealers [4412],876831000.0,-3.5768,2.4365
2018-02-01,Other motor vehicle dealers [4412],872849000.0,-0.4541,2.1265
2018-03-01,Other motor vehicle dealers [4412],840703000.0,-3.6829,4.5333
2018-04-01,Other motor vehicle dealers [4412],876180000.0,4.2199,-1.4051
2018-05-01,Other motor vehicle dealers [4412],898148000.0,2.5072,8.0693
2018-06-01,Other motor vehicle dealers [4412],867096000.0,-3.4573,2.0372
2018-07-01,Other motor vehicle dealers [4412],920958000.0,6.2118,14.407
2018-08-01,Other motor vehicle dealers [4412],917805000.0,-0.3424,15.8849
2018-09-01,Other motor vehicle dealers [4412],870794000.0,-5.1221,1.7581
2018-10-01,Other motor vehicle dealers [4412],892703000.0,2.516,4.837
2018-11-01,Other motor vehicle dealers [4412],936329000.0,4.887,3.2725
2018-12-01,Other motor vehicle dealers [4412],873762000.0,-6.6822,-3.9143
2019-01-01,Other motor vehicle dealers [4412],914768000.0,4.693,4.3266
2019-02-01,Other motor vehicle dealers [4412],839416000.0,-8.2373,-3.8303
2019-03-01,Other motor vehicle dealers [4412],911090000.0,8.5386,8.3724
2019-04-01,Other motor vehicle dealers [4412],839509000.0,-7.8566,-4.1853
2019-05-01,Other motor vehicle dealers [4412],876859000.0,4.449,-2.3703
2019-06-01,Other motor vehicle dealers [4412],885295000.0,0.9621,2.0988
2019-07-01,Other motor vehicle dealers [4412],893638000.0,0.9424,-2.9665
2019-08-01,Other motor vehicle dealers [4412],940348000.0,5.2269,2.4562
2019-09-01,Other motor vehicle dealers [4412],913379000.0,-2.868,4.8904
2019-10-01,Other motor vehicle dealers [4412],885987000.0,-2.999,-0.7523
2019-11-01,Other motor vehicle dealers [4412],1014287000.0,14.481,8.3259
2019-12-01,Other motor vehicle dealers [4412],826591000.0,-18.5052,-5.3986
2020-01-01,Other motor vehicle dealers [4412],866706000.0,4.8531,-5.254
2020-02-01,Other motor vehicle dealers [4412],912401000.0,5.2723,8.6947
2020-03-01,Other motor vehicle dealers [4412],640968000.0,-29.7493,-29.6482
2020-04-01,Other motor vehicle dealers [4412],418972000.0,-34.6345,-50.0932
2020-05-01,Other motor vehicle dealers [4412],862297000.0,105.8126,-1.6607
2020-06-01,Other motor vehicle dealers [4412],1215070000.0,40.9108,37.2503
2020-07-01,Other motor vehicle dealers [4412],1308326000.0,7.6749,46.4045
2020-08-01,Other motor vehicle dealers [4412],1105034000.0,-15.5383,17.5133
2020-09-01,Other motor vehicle dealers [4412],1101828000.0,-0.2901,20.6321
2020-10-01,Other motor vehicle dealers [4412],1168469000.0,6.0482,31.8833
2020-11-01,Other motor vehicle dealers [4412],1155654000.0,-1.0967,13.9376
2020-12-01,Other motor vehicle dealers [4412],1262005000.0,9.2027,52.6759
2021-01-01,Other motor vehicle dealers [4412],1111813000.0,-11.9011,28.2803
2021-02-01,Other motor vehicle dealers [4412],1077777000.0,-3.0613,18.1254
2021-03-01,Other motor vehicle dealers [4412],1277544000.0,18.5351,99.3148
2021-04-01,Other motor vehicle dealers [4412],1233956000.0,-3.4119,194.5199
2021-05-01,Other motor vehicle dealers [4412],1170751000.0,-5.1221,35.7712
2021-06-01,Other motor vehicle dealers [4412],1139751000.0,-2.6479,-6.1987
2021-07-01,Other motor vehicle dealers [4412],1128054000.0,-1.0263,-13.7788
2021-08-01,Other motor vehicle dealers [4412],1068016000.0,-5.3223,-3.3499
2021-09-01,Other motor vehicle dealers [4412],1103212000.0,3.2955,0.1256
2021-10-01,Other motor vehicle dealers [4412],1156565000.0,4.8362,-1.0188
2021-11-01,Other motor vehicle dealers [4412],1091960000.0,-5.5859,-5.5115
2021-12-01,Other motor vehicle dealers [4412],1226359000.0,12.3081,-2.8246
2022-01-01,Other motor vehicle dealers [4412],1384090000.0,12.8617,24.4895
2022-02-01,Other motor vehicle dealers [4412],1204630000.0,-12.9659,11.7699
2022-03-01,Other motor vehicle dealers [4412],1160291000.0,-3.6807,-9.178
2022-04-01,Other motor vehicle dealers [4412],1214423000.0,4.6654,-1.583
2022-05-01,Other motor vehicle dealers [4412],1211483000.0,-0.2421,3.4791
2022-06-01,Other motor vehicle dealers [4412],1104770000.0,-8.8085,-3.0692
2022-07-01,Other motor vehicle dealers [4412],1125011000.0,1.8321,-0.2698
2022-08-01,Other motor vehicle dealers [4412],1176261000.0,4.5555,10.1351
2022-09-01,Other motor vehicle dealers [4412],1226830000.0,4.2991,11.2053
2022-10-01,Other motor vehicle dealers [4412],1109483000.0,-9.5651,-4.0708
2022-11-01,Other motor vehicle dealers [4412],1170360000.0,5.487,7.1798
2022-12-01,Other motor vehicle dealers [4412],1141976000.0,-2.4252,-6.8808
2023-01-01,Other motor vehicle dealers [4412],1257014000.0,10.0736,-9.1812
2023-02-01,Other motor vehicle dealers [4412],1208940000.0,-3.8245,0.3578
2023-03-01,Other motor vehicle dealers [4412],1072071000.0,-11.3214,-7.6033
2023-04-01,Other motor vehicle dealers [4412],1060628000.0,-1.0674,-12.664
2023-05-01,Other motor vehicle dealers [4412],1150826000.0,8.5042,-5.0068
2023-06-01,Other motor vehicle dealers [4412],1192063000.0,3.5833,7.9015
2023-07-01,Other motor vehicle dealers [4412],1129754000.0,-5.227,0.4216
2023-08-01,Other motor vehicle dealers [4412],1142096000.0,1.0925,-2.9045
2023-09-01,Other motor vehicle dealers [4412],1146189000.0,0.3584,-6.5731
2023-10-01,Other motor vehicle dealers [4412],1142172000.0,-0.3505,2.9463
2023-11-01,Other motor vehicle dealers [4412],1168123000.0,2.2721,-0.1911
2023-12-01,Other motor vehicle dealers [4412],1232456000.0,5.5074,7.9231
2024-01-01,Other motor vehicle dealers [4412],999416000.0,-18.9086,-20.4929
2024-02-01,Other motor vehicle dealers [4412],1099505000.0,10.0147,-9.0521
2024-03-01,Other motor vehicle dealers [4412],1151339000.0,4.7143,7.3939
2024-04-01,Other motor vehicle dealers [4412],1160415000.0,0.7883,9.4083
2024-05-01,Other motor vehicle dealers [4412],1059523000.0,-8.6945,-7.9337
2024-06-01,Other motor vehicle dealers [4412],1099528000.0,3.7758,-7.7626
2024-07-01,Other motor vehicle dealers [4412],1153103000.0,4.8725,2.0667
2024-08-01,Other motor vehicle dealers [4412],1136335000.0,-1.4542,-0.5044
2024-09-01,Other motor vehicle dealers [4412],1116690000.0,-1.7288,-2.5737
2024-10-01,Other motor vehicle dealers [4412],1119615000.0,0.2619,-1.9749
2024-11-01,Other motor vehicle dealers [4412],1151526000.0,2.8502,-1.4208
2024-12-01,Other motor vehicle dealers [4412],1086106000.0,-5.6812,-11.8747
2025-01-01,Other motor vehicle dealers [4412],1106312000.0,1.8604,10.6958
2025-02-01,Other motor vehicle dealers [4412],1092708000.0,-1.2297,-0.6182
2025-03-01,Other motor vehicle dealers [4412],1126286000.0,3.0729,-2.176
2025-04-01,Other motor vehicle dealers [4412],1098721000.0,-2.4474,-5.3165
2025-05-01,Other motor vehicle dealers [4412],1133593000.0,3.1739,6.9909
2025-06-01,Other motor vehicle dealers [4412],1113321000.0,-1.7883,1.2544
2025-07-01,Other motor vehicle dealers [4412],1147112000.0,3.0352,-0.5196
2025-08-01,Other motor vehicle dealers [4412],1161359000.0,1.242,2.2022
2025-09-01,Other motor vehicle dealers [4412],1131725000.0,-2.5517,1.3464
2025-10-01,Other motor vehicle dealers [4412],1176185000.0,3.9285,5.0526
2025-11-01,Other motor vehicle dealers [4412],1105005000.0,-6.0518,-4.0399
2025-12-01,Other motor vehicle dealers [4412],1112492000.0,0.6776,2.4294
2026-01-01,Other motor vehicle dealers [4412],1157896000.0,4.0813,4.6627
2026-02-01,Other motor vehicle dealers [4412],1168498000.0,0.9156,6.936
2026-03-01,Other motor vehicle dealers [4412],1123278000.0,-3.8699,-0.2671
2026-04-01,Other motor vehicle dealers [4412],1110614000.0,-1.1274,1.0824
2026-05-01,Other motor vehicle dealers [4412],1149185000.0,3.4729,1.3754
2026-06-01,Other motor vehicle dealers [4412],1154450000.0,0.4582,3.6943
2017-01-01,Shoe retailers [4582],340732000.0,,
2017-02-01,Shoe retailers [4582],352388000.0,3.4209,
2017-03-01,Shoe retailers [4582],330612000.0,-6.1796,
2017-04-01,Shoe retailers [4582],363614000.0,9.9821,
2017-05-01,Shoe retailers [4582],345217000.0,-5.0595,
2017-06-01,Shoe retailers [4582],352905000.0,2.227,
2017-07-01,Shoe retailers [4582],349657000.0,-0.9204,
2017-08-01,Shoe retailers [4582],344028000.0,-1.6099,
2017-09-01,Shoe retailers [4582],336130000.0,-2.2957,
2017-10-01,Shoe retailers [4582],343140000.0,2.0855,
2017-11-01,Shoe retailers [4582],360692000.0,5.1151,
2017-12-01,Shoe retailers [4582],350933000.0,-2.7056,
2018-01-01,Shoe retailers [4582],343408000.0,-2.1443,0.7854
2018-02-01,Shoe retailers [4582],349479000.0,1.7679,-0.8255
2018-03-01,Shoe retailers [4582],338971000.0,-3.0068,2.5283
2018-04-01,Shoe retailers [4582],346676000.0,2.2731,-4.6582
2018-05-01,Shoe retailers [4582],366156000.0,5.6191,6.0655
2018-06-01,Shoe retailers [4582],349299000.0,-4.6038,-1.0218
2018-07-01,Shoe retailers [4582],359988000.0,3.0601,2.9546
2018-08-01,Shoe retailers [4582],354888000.0,-1.4167,3.1567
2018-09-01,Shoe retailers [4582],335615000.0,-5.4307,-0.1532
2018-10-01,Shoe retailers [4582],365939000.0,9.0354,6.6442
2018-11-01,Shoe retailers [4582],368740000.0,0.7654,2.2313
2018-12-01,Shoe retailers [4582],351430000.0,-4.6944,0.1416
2019-01-01,Shoe retailers [4582],357743000.0,1.7964,4.1743
2019-02-01,Shoe retailers [4582],357441000.0,-0.0844,2.2782
2019-03-01,Shoe retailers [4582],376703000.0,5.3889,11.1313
2019-04-01,Shoe retailers [4582],337035000.0,-10.5303,-2.781
2019-05-01,Shoe retailers [4582],328529000.0,-2.5238,-10.2762
2019-06-01,Shoe retailers [4582],355119000.0,8.0937,1.6662
2019-07-01,Shoe retailers [4582],344250000.0,-3.0607,-4.3718
2019-08-01,Shoe retailers [4582],362374000.0,5.2648,2.1094
2019-09-01,Shoe retailers [4582],352133000.0,-2.8261,4.9217
2019-10-01,Shoe retailers [4582],349640000.0,-0.708,-4.454
2019-11-01,Shoe retailers [4582],350216000.0,0.1647,-5.0236
2019-12-01,Shoe retailers [4582],358981000.0,2.5027,2.1486
2020-01-01,Shoe retailers [4582],337429000.0,-6.0037,-5.6784
2020-02-01,Shoe retailers [4582],339815000.0,0.7071,-4.9312
2020-03-01,Shoe retailers [4582],167587000.0,-50.6829,-55.5122
2020-04-01,Shoe retailers [4582],81661000.0,-51.2725,-75.7708
2020-05-01,Shoe retailers [4582],142197000.0,74.1309,-56.7171
2020-06-01,Shoe retailers [4582],328987000.0,131.36,-7.3587
2020-07-01,Shoe retailers [4582],321061000.0,-2.4092,-6.7361
2020-08-01,Shoe retailers [4582],313306000.0,-2.4154,-13.5407
2020-09-01,Shoe retailers [4582],324293000.0,3.5068,-7.9061
2020-10-01,Shoe retailers [4582],301568000.0,-7.0076,-13.749
2020-11-01,Shoe retailers [4582],281628000.0,-6.6121,-19.5845
2020-12-01,Shoe retailers [4582],265184000.0,-5.8389,-26.1287
2021-01-01,Shoe retailers [4582],198994000.0,-24.96,-41.0264
2021-02-01,Shoe retailers [4582],251389000.0,26.3299,-26.0218
2021-03-01,Shoe retailers [4582],347972000.0,38.4197,107.6366
2021-04-01,Shoe retailers [4582],229027000.0,-34.1823,180.4607
2021-05-01,Shoe retailers [4582],218732000.0,-4.4951,53.8232
2021-06-01,Shoe retailers [4582],313383000.0,43.2726,-4.743
2021-07-01,Shoe retailers [4582],354053000.0,12.9777,10.2759
2021-08-01,Shoe retailers [4582],351936000.0,-0.5979,12.3298
2021-09-01,Shoe retailers [4582],349557000.0,-0.676,7.7905
2021-10-01,Shoe retailers [4582],343306000.0,-1.7883,13.8403
2021-11-01,Shoe retailers [4582],333549000.0,-2.8421,18.436
2021-12-01,Shoe retailers [4582],334331000.0,0.2344,26.0751
2022-01-01,Shoe retailers [4582],290709000.0,-13.0475,46.0893
2022-02-01,Shoe retailers [4582],326799000.0,12.4145,29.9973
2022-03-01,Shoe retailers [4582],352777000.0,7.9492,1.3809
2022-04-01,Shoe retailers [4582],347230000.0,-1.5724,51.6109
2022-05-01,Shoe retailers [4582],380940000.0,9.7083,74.1583
2022-06-01,Shoe retailers [4582],384064000.0,0.8201,22.5542
2022-07-01,Shoe retailers [4582],342593000.0,-10.7979,-3.2368
2022-08-01,Shoe retailers [4582],368670000.0,7.6117,4.7548
2022-09-01,Shoe retailers [4582],396127000.0,7.4476,13.3226
2022-10-01,Shoe retailers [4582],385190000.0,-2.761,12.2002
2022-11-01,Shoe retailers [4582],393154000.0,2.0676,17.8699
2022-12-01,Shoe retailers [4582],404429000.0,2.8678,20.9666
2023-01-01,Shoe retailers [4582],414828000.0,2.5713,42.6953
2023-02-01,Shoe retailers [4582],409062000.0,-1.39,25.1724
2023-03-01,Shoe retailers [4582],402022000.0,-1.721,13.9592
2023-04-01,Shoe retailers [4582],429231000.0,6.768,23.6158
2023-05-01,Shoe retailers [4582],413206000.0,-3.7334,8.4701
2023-06-01,Shoe retailers [4582],407961000.0,-1.2693,6.2221
2023-07-01,Shoe retailers [4582],427982000.0,4.9076,24.9243
2023-08-01,Shoe retailers [4582],400051000.0,-6.5262,8.5119
2023-09-01,Shoe retailers [4582],402393000.0,0.5854,1.5818
2023-10-01,Shoe retailers [4582],426117000.0,5.8957,10.6251
2023-11-01,Shoe retailers [4582],411211000.0,-3.4981,4.5929
2023-12-01,Shoe retailers [4582],409394000.0,-0.4419,1.2277
2024-01-01,Shoe retailers [4582],419275000.0,2.4136,1.072
2024-02-01,Shoe retailers [4582],414351000.0,-1.1744,1.293
2024-03-01,Shoe retailers [4582],397642000.0,-4.0326,-1.0895
2024-04-01,Shoe retailers [4582],406643000.0,2.2636,-5.2624
2024-05-01,Shoe retailers [4582],404773000.0,-0.4599,-2.0409
2024-06-01,Shoe retailers [4582],390108000.0,-3.623,-4.3762
2024-07-01,Shoe retailers [4582],395028000.0,1.2612,-7.6999
2024-08-01,Shoe retailers [4582],417533000.0,5.6971,4.3699
2024-09-01,Shoe retailers [4582],407674000.0,-2.3613,1.3124
2024-10-01,Shoe retailers [4582],409636000.0,0.4813,-3.8677
2024-11-01,Shoe retailers [4582],404851000.0,-1.1681,-1.5467
2024-12-01,Shoe retailers [4582],456118000.0,12.6632,11.413
2025-01-01,Shoe retailers [4582],406487000.0,-10.8812,-3.05
2025-02-01,Shoe retailers [4582],398687000.0,-1.9189,-3.7804
2025-03-01,Shoe retailers [4582],408671000.0,2.5042,2.7736
2025-04-01,Shoe retailers [4582],395701000.0,-3.1737,-2.6908
2025-05-01,Shoe retailers [4582],399279000.0,0.9042,-1.3573
2025-06-01,Shoe retailers [4582],422618000.0,5.8453,8.3336
2025-07-01,Shoe retailers [4582],407590000.0,-3.5559,3.18
2025-08-01,Shoe retailers [4582],425688000.0,4.4402,1.9531
2025-09-01,Shoe retailers [4582],403919000.0,-5.1138,-0.9211
2025-10-01,Shoe retailers [4582],400362000.0,-0.8806,-2.264
2025-11-01,Shoe retailers [4582],420568000.0,5.0469,3.8822
2025-12-01,Shoe retailers [4582],434812000.0,3.3868,-4.6712
2026-01-01,Shoe retailers [4582],392388000.0,-9.7569,-3.4685
2026-02-01,Shoe retailers [4582],398271000.0,1.4993,-0.1043
2026-03-01,Shoe retailers [4582],394814000.0,-0.868,-3.3907
2026-04-01,Shoe retailers [4582],395202000.0,0.0983,-0.1261
2026-05-01,Shoe retailers [4582],398504000.0,0.8355,-0.1941
2026-06-01,Shoe retailers [4582],415398000.0,4.2394,-1.7084
2017-01-01,Specialty food retailers [4452],583012000.0,,
2017-02-01,Specialty food retailers [4452],592541000.0,1.6344,
2017-03-01,Specialty food retailers [4452],602452000.0,1.6726,
2017-04-01,Specialty food retailers [4452],651954000.0,8.2168,
2017-05-01,Specialty food retailers [4452],635574000.0,-2.5124,
2017-06-01,Specialty food retailers [4452],656519000.0,3.2954,
2017-07-01,Specialty food retailers [4452],658990000.0,0.3764,
2017-08-01,Specialty food retailers [4452],664809000.0,0.883,
2017-09-01,Specialty food retailers [4452],668633000.0,0.5752,
2017-10-01,Specialty food retailers [4452],660231000.0,-1.2566,
2017-11-01,Specialty food retailers [4452],660920000.0,0.1044,
2017-12-01,Specialty food retailers [4452],674171000.0,2.0049,
2018-01-01,Specialty food retailers [4452],674039000.0,-0.0196,15.6132
2018-02-01,Specialty food retailers [4452],687528000.0,2.0012,16.0305
2018-03-01,Specialty food retailers [4452],693874000.0,0.923,15.175
2018-04-01,Specialty food retailers [4452],669760000.0,-3.4753,2.7312
2018-05-01,Specialty food retailers [4452],705234000.0,5.2965,10.9602
2018-06-01,Specialty food retailers [4452],696911000.0,-1.1802,6.1524
2018-07-01,Specialty food retailers [4452],687115000.0,-1.4056,4.2679
2018-08-01,Specialty food retailers [4452],696209000.0,1.3235,4.7232
2018-09-01,Specialty food retailers [4452],704594000.0,1.2044,5.3783
2018-10-01,Specialty food retailers [4452],716156000.0,1.6409,8.4705
2018-11-01,Specialty food retailers [4452],707761000.0,-1.1722,7.0872
2018-12-01,Specialty food retailers [4452],732427000.0,3.4851,8.6411
2019-01-01,Specialty food retailers [4452],725381000.0,-0.962,7.6171
2019-02-01,Specialty food retailers [4452],701817000.0,-3.2485,2.0783
2019-03-01,Specialty food retailers [4452],705578000.0,0.5359,1.6868
2019-04-01,Specialty food retailers [4452],713102000.0,1.0664,6.4713
2019-05-01,Specialty food retailers [4452],705763000.0,-1.0292,0.075
2019-06-01,Specialty food retailers [4452],712715000.0,0.985,2.2677
2019-07-01,Specialty food retailers [4452],725853000.0,1.8434,5.6378
2019-08-01,Specialty food retailers [4452],768712000.0,5.9046,10.414
2019-09-01,Specialty food retailers [4452],729093000.0,-5.1539,3.477
2019-10-01,Specialty food retailers [4452],729861000.0,0.1053,1.9137
2019-11-01,Specialty food retailers [4452],740995000.0,1.5255,4.6957
2019-12-01,Specialty food retailers [4452],726084000.0,-2.0123,-0.866
2020-01-01,Specialty food retailers [4452],729036000.0,0.4066,0.5039
2020-02-01,Specialty food retailers [4452],728900000.0,-0.0187,3.859
2020-03-01,Specialty food retailers [4452],752458000.0,3.232,6.6442
2020-04-01,Specialty food retailers [4452],658557000.0,-12.4792,-7.649
2020-05-01,Specialty food retailers [4452],739776000.0,12.3329,4.8193
2020-06-01,Specialty food retailers [4452],773355000.0,4.5391,8.5083
2020-07-01,Specialty food retailers [4452],775116000.0,0.2277,6.7869
2020-08-01,Specialty food retailers [4452],759205000.0,-2.0527,-1.2367
2020-09-01,Specialty food retailers [4452],748591000.0,-1.398,2.6743
2020-10-01,Specialty food retailers [4452],762660000.0,1.8794,4.4939
2020-11-01,Specialty food retailers [4452],809708000.0,6.1689,9.2731
2020-12-01,Specialty food retailers [4452],799803000.0,-1.2233,10.153
2021-01-01,Specialty food retailers [4452],893463000.0,11.7104,22.554
2021-02-01,Specialty food retailers [4452],834182000.0,-6.635,14.444
2021-03-01,Specialty food retailers [4452],771858000.0,-7.4713,2.5782
2021-04-01,Specialty food retailers [4452],783598000.0,1.521,18.9871
2021-05-01,Specialty food retailers [4452],773105000.0,-1.3391,4.5053
2021-06-01,Specialty food retailers [4452],735597000.0,-4.8516,-4.8824
2021-07-01,Specialty food retailers [4452],742185000.0,0.8956,-4.2485
2021-08-01,Specialty food retailers [4452],757631000.0,2.0812,-0.2073
2021-09-01,Specialty food retailers [4452],766040000.0,1.1099,2.3309
2021-10-01,Specialty food retailers [4452],771182000.0,0.6712,1.1174
2021-11-01,Specialty food retailers [4452],764747000.0,-0.8344,-5.5527
2021-12-01,Specialty food retailers [4452],769414000.0,0.6103,-3.7996
2022-01-01,Specialty food retailers [4452],927194000.0,20.5065,3.7753
2022-02-01,Specialty food retailers [4452],892494000.0,-3.7425,6.9903
2022-03-01,Specialty food retailers [4452],879736000.0,-1.4295,13.9764
2022-04-01,Specialty food retailers [4452],867729000.0,-1.3648,10.7365
2022-05-01,Specialty food retailers [4452],872528000.0,0.5531,12.8602
2022-06-01,Specialty food retailers [4452],887111000.0,1.6714,20.5974
2022-07-01,Specialty food retailers [4452],892493000.0,0.6067,20.2521
2022-08-01,Specialty food retailers [4452],875526000.0,-1.9011,15.561
2022-09-01,Specialty food retailers [4452],876258000.0,0.0836,14.388
2022-10-01,Specialty food retailers [4452],882759000.0,0.7419,14.4683
2022-11-01,Specialty food retailers [4452],848425000.0,-3.8894,10.9419
2022-12-01,Specialty food retailers [4452],790113000.0,-6.873,2.6902
2023-01-01,Specialty food retailers [4452],810307000.0,2.5558,-12.6065
2023-02-01,Specialty food retailers [4452],826172000.0,1.9579,-7.4311
2023-03-01,Specialty food retailers [4452],843535000.0,2.1016,-4.115
2023-04-01,Specialty food retailers [4452],872297000.0,3.4097,0.5264
2023-05-01,Specialty food retailers [4452],888138000.0,1.816,1.7891
2023-06-01,Specialty food retailers [4452],885610000.0,-0.2846,-0.1692
2023-07-01,Specialty food retailers [4452],869827000.0,-1.7822,-2.5396
2023-08-01,Specialty food retailers [4452],891942000.0,2.5425,1.875
2023-09-01,Specialty food retailers [4452],896249000.0,0.4829,2.2814
2023-10-01,Specialty food retailers [4452],851526000.0,-4.99,-3.5381
2023-11-01,Specialty food retailers [4452],896680000.0,5.3027,5.6876
2023-12-01,Specialty food retailers [4452],893246000.0,-0.383,13.0529
2024-01-01,Specialty food retailers [4452],896780000.0,0.3956,10.6716
2024-02-01,Specialty food retailers [4452],901285000.0,0.5024,9.0917
2024-03-01,Specialty food retailers [4452],893504000.0,-0.8633,5.9238
2024-04-01,Specialty food retailers [4452],873694000.0,-2.2171,0.1602
2024-05-01,Specialty food retailers [4452],890805000.0,1.9585,0.3003
2024-06-01,Specialty food retailers [4452],895201000.0,0.4935,1.083
2024-07-01,Specialty food retailers [4452],919983000.0,2.7683,5.7662
2024-08-01,Specialty food retailers [4452],911809000.0,-0.8885,2.2274
2024-09-01,Specialty food retailers [4452],899901000.0,-1.306,0.4075
2024-10-01,Specialty food retailers [4452],888419000.0,-1.2759,4.3326
2024-11-01,Specialty food retailers [4452],869752000.0,-2.1011,-3.0031
2024-12-01,Specialty food retailers [4452],890204000.0,2.3515,-0.3406
2025-01-01,Specialty food retailers [4452],977045000.0,9.7552,8.9504
2025-02-01,Specialty food retailers [4452],983313000.0,0.6415,9.1012
2025-03-01,Specialty food retailers [4452],992022000.0,0.8857,11.026
2025-04-01,Specialty food retailers [4452],993379000.0,0.1368,13.6987
2025-05-01,Specialty food retailers [4452],983937000.0,-0.9505,10.4548
2025-06-01,Specialty food retailers [4452],989391000.0,0.5543,10.5217
2025-07-01,Specialty food retailers [4452],990322000.0,0.0941,7.6457
2025-08-01,Specialty food retailers [4452],992902000.0,0.2605,8.8936
2025-09-01,Specialty food retailers [4452],1000053000.0,0.7202,11.1292
2025-10-01,Specialty food retailers [4452],1019169000.0,1.9115,14.7172
2025-11-01,Specialty food retailers [4452],1039173000.0,1.9628,19.4792
2025-12-01,Specialty food retailers [4452],1032589000.0,-0.6336,15.9946
2026-01-01,Specialty food retailers [4452],1034388000.0,0.1742,5.869
2026-02-01,Specialty food retailers [4452],1028686000.0,-0.5512,4.6143
2026-03-01,Specialty food retailers [4452],1010145000.0,-1.8024,1.8269
2026-04-01,Specialty food retailers [4452],1023869000.0,1.3586,3.0693
2026-05-01,Specialty food retailers [4452],1018180000.0,-0.5556,3.4802
2026-06-01,Specialty food retailers [4452],1009049000.0,-0.8968,1.9869
2017-01-01,"Sporting goods, hobby, musical instrument, book retailers and news dealers [459A]",1152635000.0,,
2017-02-01,"Sporting goods, hobby, musical instrument, book retailers and news dealers [459A]",1144279000.0,-0.7249,
2017-03-01,"Sporting goods, hobby, musical instrument, book retailers and news dealers [459A]",1161632000.0,1.5165,
2017-04-01,"Sporting goods, hobby, musical instrument, book retailers and news dealers [459A]",1175269000.0,1.174,
2017-05-01,"Sporting goods, hobby, musical instrument, book retailers and news dealers [459A]",1142263000.0,-2.8084,
2017-06-01,"Sporting goods, hobby, musical instrument, book retailers and news dealers [459A]",1171389000.0,2.5499,
2017-07-01,"Sporting goods, hobby, musical instrument, book retailers and news dealers [459A]",1177116000.0,0.4889,
2017-08-01,"Sporting goods, hobby, musical instrument, book retailers and news dealers [459A]",1153644000.0,-1.994,
2017-09-01,"Sporting goods, hobby, musical instrument, book retailers and news dealers [459A]",1162694000.0,0.7845,
2017-10-01,"Sporting goods, hobby, musical instrument, book retailers and news dealers [459A]",1164389000.0,0.1458,
2017-11-01,"Sporting goods, hobby, musical instrument, book retailers and news dealers [459A]",1208768000.0,3.8114,
2017-12-01,"Sporting goods, hobby, musical instrument, book retailers and news dealers [459A]",1202331000.0,-0.5325,
2018-01-01,"Sporting goods, hobby, musical instrument, book retailers and news dealers [459A]",1184549000.0,-1.479,2.7688
2018-02-01,"Sporting goods, hobby, musical instrument, book retailers and news dealers [459A]",1170823000.0,-1.1588,2.3197
2018-03-01,"Sporting goods, hobby, musical instrument, book retailers and news dealers [459A]",1170668000.0,-0.0132,0.7779
2018-04-01,"Sporting goods, hobby, musical instrument, book retailers and news dealers [459A]",1144264000.0,-2.2555,-2.6381
2018-05-01,"Sporting goods, hobby, musical instrument, book retailers and news dealers [459A]",1182211000.0,3.3163,3.4973
2018-06-01,"Sporting goods, hobby, musical instrument, book retailers and news dealers [459A]",1155709000.0,-2.2417,-1.3386
2018-07-01,"Sporting goods, hobby, musical instrument, book retailers and news dealers [459A]",1160143000.0,0.3837,-1.4419
2018-08-01,"Sporting goods, hobby, musical instrument, book retailers and news dealers [459A]",1181871000.0,1.8729,2.4468
2018-09-01,"Sporting goods, hobby, musical instrument, book retailers and news dealers [459A]",1179446000.0,-0.2052,1.4408
2018-10-01,"Sporting goods, hobby, musical instrument, book retailers and news dealers [459A]",1175875000.0,-0.3028,0.9864
2018-11-01,"Sporting goods, hobby, musical instrument, book retailers and news dealers [459A]",1196863000.0,1.7849,-0.9849
2018-12-01,"Sporting goods, hobby, musical instrument, book retailers and news dealers [459A]",1172303000.0,-2.052,-2.4975
2019-01-01,"Sporting goods, hobby, musical instrument, book retailers and news dealers [459A]",1178997000.0,0.571,-0.4687
2019-02-01,"Sporting goods, hobby, musical instrument, book retailers and news dealers [459A]",1162898000.0,-1.3655,-0.6769
2019-03-01,"Sporting goods, hobby, musical instrument, book retailers and news dealers [459A]",1117834000.0,-3.8751,-4.5131
2019-04-01,"Sporting goods, hobby, musical instrument, book retailers and news dealers [459A]",1156066000.0,3.4202,1.0314
2019-05-01,"Sporting goods, hobby, musical instrument, book retailers and news dealers [459A]",1131023000.0,-2.1662,-4.3299
2019-06-01,"Sporting goods, hobby, musical instrument, book retailers and news dealers [459A]",1142457000.0,1.0109,-1.1467
2019-07-01,"Sporting goods, hobby, musical instrument, book retailers and news dealers [459A]",1134819000.0,-0.6686,-2.1828
2019-08-01,"Sporting goods, hobby, musical instrument, book retailers and news dealers [459A]",1169485000.0,3.0548,-1.048
2019-09-01,"Sporting goods, hobby, musical instrument, book retailers and news dealers [459A]",1197552000.0,2.3999,1.5351
2019-10-01,"Sporting goods, hobby, musical instrument, book retailers and news dealers [459A]",1118701000.0,-6.5843,-4.8623
2019-11-01,"Sporting goods, hobby, musical instrument, book retailers and news dealers [459A]",1126443000.0,0.6921,-5.8837
2019-12-01,"Sporting goods, hobby, musical instrument, book retailers and news dealers [459A]",1155687000.0,2.5961,-1.4174
2020-01-01,"Sporting goods, hobby, musical instrument, book retailers and news dealers [459A]",1144088000.0,-1.0036,-2.9609
2020-02-01,"Sporting goods, hobby, musical instrument, book retailers and news dealers [459A]",1191220000.0,4.1196,2.4355
2020-03-01,"Sporting goods, hobby, musical instrument, book retailers and news dealers [459A]",899989000.0,-24.4481,-19.4881
2020-04-01,"Sporting goods, hobby, musical instrument, book retailers and news dealers [459A]",517960000.0,-42.4482,-55.1963
2020-05-01,"Sporting goods, hobby, musical instrument, book retailers and news dealers [459A]",867967000.0,67.5741,-23.2582
2020-06-01,"Sporting goods, hobby, musical instrument, book retailers and news dealers [459A]",1336915000.0,54.0283,17.021
2020-07-01,"Sporting goods, hobby, musical instrument, book retailers and news dealers [459A]",1252954000.0,-6.2802,10.41
2020-08-01,"Sporting goods, hobby, musical instrument, book retailers and news dealers [459A]",1214404000.0,-3.0767,3.8409
2020-09-01,"Sporting goods, hobby, musical instrument, book retailers and news dealers [459A]",1231061000.0,1.3716,2.7981
2020-10-01,"Sporting goods, hobby, musical instrument, book retailers and news dealers [459A]",1292836000.0,5.018,15.5658
2020-11-01,"Sporting goods, hobby, musical instrument, book retailers and news dealers [459A]",1408924000.0,8.9793,25.0773
2020-12-01,"Sporting goods, hobby, musical instrument, book retailers and news dealers [459A]",1112435000.0,-21.0436,-3.7425
2021-01-01,"Sporting goods, hobby, musical instrument, book retailers and news dealers [459A]",986517000.0,-11.3191,-13.7726
2021-02-01,"Sporting goods, hobby, musical instrument, book retailers and news dealers [459A]",1286979000.0,30.4568,8.0387
2021-03-01,"Sporting goods, hobby, musical instrument, book retailers and news dealers [459A]",1390639000.0,8.0545,54.5173
2021-04-01,"Sporting goods, hobby, musical instrument, book retailers and news dealers [459A]",1097730000.0,-21.0629,111.9334
2021-05-01,"Sporting goods, hobby, musical instrument, book retailers and news dealers [459A]",1107841000.0,0.9211,27.6363
2021-06-01,"Sporting goods, hobby, musical instrument, book retailers and news dealers [459A]",1362543000.0,22.9908,1.917
2021-07-01,"Sporting goods, hobby, musical instrument, book retailers and news dealers [459A]",1344913000.0,-1.2939,7.3394
2021-08-01,"Sporting goods, hobby, musical instrument, book retailers and news dealers [459A]",1254836000.0,-6.6976,3.3294
2021-09-01,"Sporting goods, hobby, musical instrument, book retailers and news dealers [459A]",1310748000.0,4.4557,6.473
2021-10-01,"Sporting goods, hobby, musical instrument, book retailers and news dealers [459A]",1369206000.0,4.4599,5.9072
2021-11-01,"Sporting goods, hobby, musical instrument, book retailers and news dealers [459A]",1383213000.0,1.023,-1.8249
2021-12-01,"Sporting goods, hobby, musical instrument, book retailers and news dealers [459A]",1244286000.0,-10.0438,11.8525
2022-01-01,"Sporting goods, hobby, musical instrument, book retailers and news dealers [459A]",1301451000.0,4.5942,31.9238
2022-02-01,"Sporting goods, hobby, musical instrument, book retailers and news dealers [459A]",1368570000.0,5.1572,6.3397
2022-03-01,"Sporting goods, hobby, musical instrument, book retailers and news dealers [459A]",1389246000.0,1.5108,-0.1002
2022-04-01,"Sporting goods, hobby, musical instrument, book retailers and news dealers [459A]",1396676000.0,0.5348,27.2331
2022-05-01,"Sporting goods, hobby, musical instrument, book retailers and news dealers [459A]",1395704000.0,-0.0696,25.9841
2022-06-01,"Sporting goods, hobby, musical instrument, book retailers and news dealers [459A]",1404864000.0,0.6563,3.106
2022-07-01,"Sporting goods, hobby, musical instrument, book retailers and news dealers [459A]",1381576000.0,-1.6577,2.726
2022-08-01,"Sporting goods, hobby, musical instrument, book retailers and news dealers [459A]",1431631000.0,3.623,14.0891
2022-09-01,"Sporting goods, hobby, musical instrument, book retailers and news dealers [459A]",1417611000.0,-0.9793,8.1528
2022-10-01,"Sporting goods, hobby, musical instrument, book retailers and news dealers [459A]",1393167000.0,-1.7243,1.75
2022-11-01,"Sporting goods, hobby, musical instrument, book retailers and news dealers [459A]",1389535000.0,-0.2607,0.4571
2022-12-01,"Sporting goods, hobby, musical instrument, book retailers and news dealers [459A]",1411349000.0,1.5699,13.4264
2023-01-01,"Sporting goods, hobby, musical instrument, book retailers and news dealers [459A]",1478540000.0,4.7608,13.607
2023-02-01,"Sporting goods, hobby, musical instrument, book retailers and news dealers [459A]",1413165000.0,-4.4216,3.2585
2023-03-01,"Sporting goods, hobby, musical instrument, book retailers and news dealers [459A]",1380403000.0,-2.3183,-0.6365
2023-04-01,"Sporting goods, hobby, musical instrument, book retailers and news dealers [459A]",1393374000.0,0.9397,-0.2364
2023-05-01,"Sporting goods, hobby, musical instrument, book retailers and news dealers [459A]",1367041000.0,-1.8899,-2.0537
2023-06-01,"Sporting goods, hobby, musical instrument, book retailers and news dealers [459A]",1348400000.0,-1.3636,-4.0192
2023-07-01,"Sporting goods, hobby, musical instrument, book retailers and news dealers [459A]",1379058000.0,2.2737,-0.1823
2023-08-01,"Sporting goods, hobby, musical instrument, book retailers and news dealers [459A]",1368267000.0,-0.7825,-4.426
2023-09-01,"Sporting goods, hobby, musical instrument, book retailers and news dealers [459A]",1334855000.0,-2.4419,-5.8377
2023-10-01,"Sporting goods, hobby, musical instrument, book retailers and news dealers [459A]",1358951000.0,1.8051,-2.456
2023-11-01,"Sporting goods, hobby, musical instrument, book retailers and news dealers [459A]",1381162000.0,1.6344,-0.6026
2023-12-01,"Sporting goods, hobby, musical instrument, book retailers and news dealers [459A]",1313226000.0,-4.9188,-6.9524
2024-01-01,"Sporting goods, hobby, musical instrument, book retailers and news dealers [459A]",1311381000.0,-0.1405,-11.3057
2024-02-01,"Sporting goods, hobby, musical instrument, book retailers and news dealers [459A]",1308277000.0,-0.2367,-7.4222
2024-03-01,"Sporting goods, hobby, musical instrument, book retailers and news dealers [459A]",1325049000.0,1.282,-4.01
2024-04-01,"Sporting goods, hobby, musical instrument, book retailers and news dealers [459A]",1328445000.0,0.2563,-4.6598
2024-05-01,"Sporting goods, hobby, musical instrument, book retailers and news dealers [459A]",1326986000.0,-0.1098,-2.9301
2024-06-01,"Sporting goods, hobby, musical instrument, book retailers and news dealers [459A]",1314896000.0,-0.9111,-2.4847
2024-07-01,"Sporting goods, hobby, musical instrument, book retailers and news dealers [459A]",1330164000.0,1.1612,-3.5455
2024-08-01,"Sporting goods, hobby, musical instrument, book retailers and news dealers [459A]",1306329000.0,-1.7919,-4.5267
2024-09-01,"Sporting goods, hobby, musical instrument, book retailers and news dealers [459A]",1334953000.0,2.1912,0.0073
2024-10-01,"Sporting goods, hobby, musical instrument, book retailers and news dealers [459A]",1331619000.0,-0.2497,-2.0113
2024-11-01,"Sporting goods, hobby, musical instrument, book retailers and news dealers [459A]",1301438000.0,-2.2665,-5.7722
2024-12-01,"Sporting goods, hobby, musical instrument, book retailers and news dealers [459A]",1413634000.0,8.6209,7.6459
2025-01-01,"Sporting goods, hobby, musical instrument, book retailers and news dealers [459A]",1343871000.0,-4.935,2.4775
2025-02-01,"Sporting goods, hobby, musical instrument, book retailers and news dealers [459A]",1326141000.0,-1.3193,1.3655
2025-03-01,"Sporting goods, hobby, musical instrument, book retailers and news dealers [459A]",1356270000.0,2.2719,2.3562
2025-04-01,"Sporting goods, hobby, musical instrument, book retailers and news dealers [459A]",1347031000.0,-0.6812,1.3991
2025-05-01,"Sporting goods, hobby, musical instrument, book retailers and news dealers [459A]",1385292000.0,2.8404,4.3939
2025-06-01,"Sporting goods, hobby, musical instrument, book retailers and news dealers [459A]",1400874000.0,1.1248,6.5388
2025-07-01,"Sporting goods, hobby, musical instrument, book retailers and news dealers [459A]",1362592000.0,-2.7327,2.4379
2025-08-01,"Sporting goods, hobby, musical instrument, book retailers and news dealers [459A]",1388891000.0,1.9301,6.3202
2025-09-01,"Sporting goods, hobby, musical instrument, book retailers and news dealers [459A]",1402292000.0,0.9649,5.0443
2025-10-01,"Sporting goods, hobby, musical instrument, book retailers and news dealers [459A]",1372977000.0,-2.0905,3.1058
2025-11-01,"Sporting goods, hobby, musical instrument, book retailers and news dealers [459A]",1377744000.0,0.3472,5.8632
2025-12-01,"Sporting goods, hobby, musical instrument, book retailers and news dealers [459A]",1384063000.0,0.4586,-2.0918
2026-01-01,"Sporting goods, hobby, musical instrument, book retailers and news dealers [459A]",1404006000.0,1.4409,4.4748
2026-02-01,"Sporting goods, hobby, musical instrument, book retailers and news dealers [459A]",1425389000.0,1.523,7.484
2026-03-01,"Sporting goods, hobby, musical instrument, book retailers and news dealers [459A]",1422352000.0,-0.2131,4.8723
2026-04-01,"Sporting goods, hobby, musical instrument, book retailers and news dealers [459A]",1423809000.0,0.1024,5.6998
2026-05-01,"Sporting goods, hobby, musical instrument, book retailers and news dealers [459A]",1452324000.0,2.0027,4.8388
2026-06-01,"Sporting goods, hobby, musical instrument, book retailers and news dealers [459A]",1458654000.0,0.4359,4.1246
2017-01-01,"Sporting goods, hobby, musical instrument, book, and miscellaneous retailers [459]",2561944000.0,,
2017-02-01,"Sporting goods, hobby, musical instrument, book, and miscellaneous retailers [459]",2568829000.0,0.2687,
2017-03-01,"Sporting goods, hobby, musical instrument, book, and miscellaneous retailers [459]",2556554000.0,-0.4778,
2017-04-01,"Sporting goods, hobby, musical instrument, book, and miscellaneous retailers [459]",2601507000.0,1.7583,
2017-05-01,"Sporting goods, hobby, musical instrument, book, and miscellaneous retailers [459]",2601719000.0,0.0081,
2017-06-01,"Sporting goods, hobby, musical instrument, book, and miscellaneous retailers [459]",2630922000.0,1.1225,
2017-07-01,"Sporting goods, hobby, musical instrument, book, and miscellaneous retailers [459]",2605624000.0,-0.9616,
2017-08-01,"Sporting goods, hobby, musical instrument, book, and miscellaneous retailers [459]",2590492000.0,-0.5807,
2017-09-01,"Sporting goods, hobby, musical instrument, book, and miscellaneous retailers [459]",2616729000.0,1.0128,
2017-10-01,"Sporting goods, hobby, musical instrument, book, and miscellaneous retailers [459]",2616251000.0,-0.0183,
2017-11-01,"Sporting goods, hobby, musical instrument, book, and miscellaneous retailers [459]",2667579000.0,1.9619,
2017-12-01,"Sporting goods, hobby, musical instrument, book, and miscellaneous retailers [459]",2701109000.0,1.2569,
2018-01-01,"Sporting goods, hobby, musical instrument, book, and miscellaneous retailers [459]",2649046000.0,-1.9275,3.3998
2018-02-01,"Sporting goods, hobby, musical instrument, book, and miscellaneous retailers [459]",2692445000.0,1.6383,4.8122
2018-03-01,"Sporting goods, hobby, musical instrument, book, and miscellaneous retailers [459]",2712260000.0,0.7359,6.0905
2018-04-01,"Sporting goods, hobby, musical instrument, book, and miscellaneous retailers [459]",2672932000.0,-1.45,2.7455
2018-05-01,"Sporting goods, hobby, musical instrument, book, and miscellaneous retailers [459]",2738071000.0,2.437,5.2408
2018-06-01,"Sporting goods, hobby, musical instrument, book, and miscellaneous retailers [459]",2705798000.0,-1.1787,2.846
2018-07-01,"Sporting goods, hobby, musical instrument, book, and miscellaneous retailers [459]",2736379000.0,1.1302,5.0182
2018-08-01,"Sporting goods, hobby, musical instrument, book, and miscellaneous retailers [459]",2743059000.0,0.2441,5.8895
2018-09-01,"Sporting goods, hobby, musical instrument, book, and miscellaneous retailers [459]",2723209000.0,-0.7236,4.0692
2018-10-01,"Sporting goods, hobby, musical instrument, book, and miscellaneous retailers [459]",2804516000.0,2.9857,7.196
2018-11-01,"Sporting goods, hobby, musical instrument, book, and miscellaneous retailers [459]",2821562000.0,0.6078,5.7724
2018-12-01,"Sporting goods, hobby, musical instrument, book, and miscellaneous retailers [459]",2790642000.0,-1.0958,3.3147
2019-01-01,"Sporting goods, hobby, musical instrument, book, and miscellaneous retailers [459]",2817776000.0,0.9723,6.3695
2019-02-01,"Sporting goods, hobby, musical instrument, book, and miscellaneous retailers [459]",2791811000.0,-0.9215,3.6905
2019-03-01,"Sporting goods, hobby, musical instrument, book, and miscellaneous retailers [459]",2788680000.0,-0.1121,2.8176
2019-04-01,"Sporting goods, hobby, musical instrument, book, and miscellaneous retailers [459]",2830720000.0,1.5075,5.9032
2019-05-01,"Sporting goods, hobby, musical instrument, book, and miscellaneous retailers [459]",2828212000.0,-0.0886,3.2921
2019-06-01,"Sporting goods, hobby, musical instrument, book, and miscellaneous retailers [459]",2886007000.0,2.0435,6.6601
2019-07-01,"Sporting goods, hobby, musical instrument, book, and miscellaneous retailers [459]",2892336000.0,0.2193,5.6994
2019-08-01,"Sporting goods, hobby, musical instrument, book, and miscellaneous retailers [459]",2929231000.0,1.2756,6.787
2019-09-01,"Sporting goods, hobby, musical instrument, book, and miscellaneous retailers [459]",2944359000.0,0.5164,8.1209
2019-10-01,"Sporting goods, hobby, musical instrument, book, and miscellaneous retailers [459]",2880229000.0,-2.1781,2.6997
2019-11-01,"Sporting goods, hobby, musical instrument, book, and miscellaneous retailers [459]",2882798000.0,0.0892,2.1703
2019-12-01,"Sporting goods, hobby, musical instrument, book, and miscellaneous retailers [459]",3050571000.0,5.8198,9.3143
2020-01-01,"Sporting goods, hobby, musical instrument, book, and miscellaneous retailers [459]",3000818000.0,-1.6309,6.496
2020-02-01,"Sporting goods, hobby, musical instrument, book, and miscellaneous retailers [459]",3022543000.0,0.724,8.2646
2020-03-01,"Sporting goods, hobby, musical instrument, book, and miscellaneous retailers [459]",2694248000.0,-10.8615,-3.3863
2020-04-01,"Sporting goods, hobby, musical instrument, book, and miscellaneous retailers [459]",1877781000.0,-30.3041,-33.6642
2020-05-01,"Sporting goods, hobby, musical instrument, book, and miscellaneous retailers [459]",2530370000.0,34.7532,-10.5311
2020-06-01,"Sporting goods, hobby, musical instrument, book, and miscellaneous retailers [459]",3221800000.0,27.3253,11.6352
2020-07-01,"Sporting goods, hobby, musical instrument, book, and miscellaneous retailers [459]",3200817000.0,-0.6513,10.6655
2020-08-01,"Sporting goods, hobby, musical instrument, book, and miscellaneous retailers [459]",3231732000.0,0.9658,10.327
2020-09-01,"Sporting goods, hobby, musical instrument, book, and miscellaneous retailers [459]",3293597000.0,1.9143,11.8613
2020-10-01,"Sporting goods, hobby, musical instrument, book, and miscellaneous retailers [459]",3356450000.0,1.9083,16.5341
2020-11-01,"Sporting goods, hobby, musical instrument, book, and miscellaneous retailers [459]",3540286000.0,5.4771,22.8073
2020-12-01,"Sporting goods, hobby, musical instrument, book, and miscellaneous retailers [459]",3241133000.0,-8.45,6.2468
2021-01-01,"Sporting goods, hobby, musical instrument, book, and miscellaneous retailers [459]",2923953000.0,-9.7861,-2.5615
2021-02-01,"Sporting goods, hobby, musical instrument, book, and miscellaneous retailers [459]",3509212000.0,20.016,16.1013
2021-03-01,"Sporting goods, hobby, musical instrument, book, and miscellaneous retailers [459]",3573052000.0,1.8192,32.6178
2021-04-01,"Sporting goods, hobby, musical instrument, book, and miscellaneous retailers [459]",3267052000.0,-8.5641,73.9847
2021-05-01,"Sporting goods, hobby, musical instrument, book, and miscellaneous retailers [459]",3174705000.0,-2.8266,25.4641
2021-06-01,"Sporting goods, hobby, musical instrument, book, and miscellaneous retailers [459]",3555926000.0,12.0081,10.3708
2021-07-01,"Sporting goods, hobby, musical instrument, book, and miscellaneous retailers [459]",3540269000.0,-0.4403,10.6052
2021-08-01,"Sporting goods, hobby, musical instrument, book, and miscellaneous retailers [459]",3628923000.0,2.5042,12.2903
2021-09-01,"Sporting goods, hobby, musical instrument, book, and miscellaneous retailers [459]",3577434000.0,-1.4189,8.6178
2021-10-01,"Sporting goods, hobby, musical instrument, book, and miscellaneous retailers [459]",3681175000.0,2.8999,9.6747
2021-11-01,"Sporting goods, hobby, musical instrument, book, and miscellaneous retailers [459]",3703249000.0,0.5996,4.6031
2021-12-01,"Sporting goods, hobby, musical instrument, book, and miscellaneous retailers [459]",3552799000.0,-4.0626,9.616
2022-01-01,"Sporting goods, hobby, musical instrument, book, and miscellaneous retailers [459]",3644268000.0,2.5746,24.635
2022-02-01,"Sporting goods, hobby, musical instrument, book, and miscellaneous retailers [459]",3742713000.0,2.7014,6.6539
2022-03-01,"Sporting goods, hobby, musical instrument, book, and miscellaneous retailers [459]",3812706000.0,1.8701,6.7073
2022-04-01,"Sporting goods, hobby, musical instrument, book, and miscellaneous retailers [459]",4001829000.0,4.9603,22.4905
2022-05-01,"Sporting goods, hobby, musical instrument, book, and miscellaneous retailers [459]",3930240000.0,-1.7889,23.7986
2022-06-01,"Sporting goods, hobby, musical instrument, book, and miscellaneous retailers [459]",3964194000.0,0.8639,11.4813
2022-07-01,"Sporting goods, hobby, musical instrument, book, and miscellaneous retailers [459]",3918521000.0,-1.1521,10.6843
2022-08-01,"Sporting goods, hobby, musical instrument, book, and miscellaneous retailers [459]",3910826000.0,-0.1964,7.7682
2022-09-01,"Sporting goods, hobby, musical instrument, book, and miscellaneous retailers [459]",3954835000.0,1.1253,10.5495
2022-10-01,"Sporting goods, hobby, musical instrument, book, and miscellaneous retailers [459]",3885670000.0,-1.7489,5.5552
2022-11-01,"Sporting goods, hobby, musical instrument, book, and miscellaneous retailers [459]",3875935000.0,-0.2505,4.6631
2022-12-01,"Sporting goods, hobby, musical instrument, book, and miscellaneous retailers [459]",3922030000.0,1.1893,10.3927
2023-01-01,"Sporting goods, hobby, musical instrument, book, and miscellaneous retailers [459]",3975667000.0,1.3676,9.0937
2023-02-01,"Sporting goods, hobby, musical instrument, book, and miscellaneous retailers [459]",3864152000.0,-2.8049,3.2447
2023-03-01,"Sporting goods, hobby, musical instrument, book, and miscellaneous retailers [459]",3894674000.0,0.7899,2.1499
2023-04-01,"Sporting goods, hobby, musical instrument, book, and miscellaneous retailers [459]",3859958000.0,-0.8914,-3.5452
2023-05-01,"Sporting goods, hobby, musical instrument, book, and miscellaneous retailers [459]",3974174000.0,2.959,1.1178
2023-06-01,"Sporting goods, hobby, musical instrument, book, and miscellaneous retailers [459]",3854510000.0,-3.011,-2.7669
2023-07-01,"Sporting goods, hobby, musical instrument, book, and miscellaneous retailers [459]",3873113000.0,0.4826,-1.1588
2023-08-01,"Sporting goods, hobby, musical instrument, book, and miscellaneous retailers [459]",3828952000.0,-1.1402,-2.0935
2023-09-01,"Sporting goods, hobby, musical instrument, book, and miscellaneous retailers [459]",3722283000.0,-2.7859,-5.8802
2023-10-01,"Sporting goods, hobby, musical instrument, book, and miscellaneous retailers [459]",3723815000.0,0.0412,-4.1654
2023-11-01,"Sporting goods, hobby, musical instrument, book, and miscellaneous retailers [459]",3742035000.0,0.4893,-3.4547
2023-12-01,"Sporting goods, hobby, musical instrument, book, and miscellaneous retailers [459]",3677489000.0,-1.7249,-6.2351
2024-01-01,"Sporting goods, hobby, musical instrument, book, and miscellaneous retailers [459]",3680377000.0,0.0785,-7.4274
2024-02-01,"Sporting goods, hobby, musical instrument, book, and miscellaneous retailers [459]",3640231000.0,-1.0908,-5.7948
2024-03-01,"Sporting goods, hobby, musical instrument, book, and miscellaneous retailers [459]",3582582000.0,-1.5837,-8.0133
2024-04-01,"Sporting goods, hobby, musical instrument, book, and miscellaneous retailers [459]",3807160000.0,6.2686,-1.3678
2024-05-01,"Sporting goods, hobby, musical instrument, book, and miscellaneous retailers [459]",3729632000.0,-2.0364,-6.1533
2024-06-01,"Sporting goods, hobby, musical instrument, book, and miscellaneous retailers [459]",3676630000.0,-1.4211,-4.6149
2024-07-01,"Sporting goods, hobby, musical instrument, book, and miscellaneous retailers [459]",3739391000.0,1.707,-3.4526
2024-08-01,"Sporting goods, hobby, musical instrument, book, and miscellaneous retailers [459]",3791557000.0,1.395,-0.9766
2024-09-01,"Sporting goods, hobby, musical instrument, book, and miscellaneous retailers [459]",3808012000.0,0.434,2.3031
2024-10-01,"Sporting goods, hobby, musical instrument, book, and miscellaneous retailers [459]",3864083000.0,1.4724,3.7668
2024-11-01,"Sporting goods, hobby, musical instrument, book, and miscellaneous retailers [459]",3893500000.0,0.7613,4.0477
2024-12-01,"Sporting goods, hobby, musical instrument, book, and miscellaneous retailers [459]",4009032000.0,2.9673,9.0155
2025-01-01,"Sporting goods, hobby, musical instrument, book, and miscellaneous retailers [459]",3915640000.0,-2.3295,6.3924
2025-02-01,"Sporting goods, hobby, musical instrument, book, and miscellaneous retailers [459]",3988330000.0,1.8564,9.5626
2025-03-01,"Sporting goods, hobby, musical instrument, book, and miscellaneous retailers [459]",4008653000.0,0.5096,11.8928
2025-04-01,"Sporting goods, hobby, musical instrument, book, and miscellaneous retailers [459]",4033100000.0,0.6099,5.9346
2025-05-01,"Sporting goods, hobby, musical instrument, book, and miscellaneous retailers [459]",4029878000.0,-0.0799,8.0503
2025-06-01,"Sporting goods, hobby, musical instrument, book, and miscellaneous retailers [459]",4113435000.0,2.0734,11.8806
2025-07-01,"Sporting goods, hobby, musical instrument, book, and miscellaneous retailers [459]",4074296000.0,-0.9515,8.9561
2025-08-01,"Sporting goods, hobby, musical instrument, book, and miscellaneous retailers [459]",4077060000.0,0.0678,7.53
2025-09-01,"Sporting goods, hobby, musical instrument, book, and miscellaneous retailers [459]",4144453000.0,1.653,8.8351
2025-10-01,"Sporting goods, hobby, musical instrument, book, and miscellaneous retailers [459]",4176746000.0,0.7792,8.0915
2025-11-01,"Sporting goods, hobby, musical instrument, book, and miscellaneous retailers [459]",4159381000.0,-0.4158,6.8288
2025-12-01,"Sporting goods, hobby, musical instrument, book, and miscellaneous retailers [459]",4230650000.0,1.7135,5.528
2026-01-01,"Sporting goods, hobby, musical instrument, book, and miscellaneous retailers [459]",4282732000.0,1.2311,9.375
2026-02-01,"Sporting goods, hobby, musical instrument, book, and miscellaneous retailers [459]",4325833000.0,1.0064,8.4623
2026-03-01,"Sporting goods, hobby, musical instrument, book, and miscellaneous retailers [459]",4288701000.0,-0.8584,6.9861
2026-04-01,"Sporting goods, hobby, musical instrument, book, and miscellaneous retailers [459]",4258779000.0,-0.6977,5.5957
2026-05-01,"Sporting goods, hobby, musical instrument, book, and miscellaneous retailers [459]",4326819000.0,1.5976,7.3685
2026-06-01,"Sporting goods, hobby, musical instrument, book, and miscellaneous retailers [459]",4407141000.0,1.8564,7.1402
2017-01-01,Supermarkets and other grocery retailers (except convenience retailers) [44511],6949074000.0,,
2017-02-01,Supermarkets and other grocery retailers (except convenience retailers) [44511],6980949000.0,0.4587,
2017-03-01,Supermarkets and other grocery retailers (except convenience retailers) [44511],6961637000.0,-0.2766,
2017-04-01,Supermarkets and other grocery retailers (except convenience retailers) [44511],6949985000.0,-0.1674,
2017-05-01,Supermarkets and other grocery retailers (except convenience retailers) [44511],7075264000.0,1.8026,
2017-06-01,Supermarkets and other grocery retailers (except convenience retailers) [44511],7062929000.0,-0.1743,
2017-07-01,Supermarkets and other grocery retailers (except convenience retailers) [44511],7103736000.0,0.5778,
2017-08-01,Supermarkets and other grocery retailers (except convenience retailers) [44511],7006903000.0,-1.3631,
2017-09-01,Supermarkets and other grocery retailers (except convenience retailers) [44511],6950569000.0,-0.804,
2017-10-01,Supermarkets and other grocery retailers (except convenience retailers) [44511],6993285000.0,0.6146,
2017-11-01,Supermarkets and other grocery retailers (except convenience retailers) [44511],6921036000.0,-1.0331,
2017-12-01,Supermarkets and other grocery retailers (except convenience retailers) [44511],7054960000.0,1.935,
2018-01-01,Supermarkets and other grocery retailers (except convenience retailers) [44511],6949766000.0,-1.4911,0.01
2018-02-01,Supermarkets and other grocery retailers (except convenience retailers) [44511],6961959000.0,0.1754,-0.272
2018-03-01,Supermarkets and other grocery retailers (except convenience retailers) [44511],7008816000.0,0.673,0.6777
2018-04-01,Supermarkets and other grocery retailers (except convenience retailers) [44511],7099586000.0,1.2951,2.1525
2018-05-01,Supermarkets and other grocery retailers (except convenience retailers) [44511],7147656000.0,0.6771,1.0232
2018-06-01,Supermarkets and other grocery retailers (except convenience retailers) [44511],7227541000.0,1.1176,2.3306
2018-07-01,Supermarkets and other grocery retailers (except convenience retailers) [44511],7252258000.0,0.342,2.0908
2018-08-01,Supermarkets and other grocery retailers (except convenience retailers) [44511],7313655000.0,0.8466,4.3779
2018-09-01,Supermarkets and other grocery retailers (except convenience retailers) [44511],7526154000.0,2.9055,8.2811
2018-10-01,Supermarkets and other grocery retailers (except convenience retailers) [44511],7336043000.0,-2.526,4.9012
2018-11-01,Supermarkets and other grocery retailers (except convenience retailers) [44511],7179732000.0,-2.1307,3.7378
2018-12-01,Supermarkets and other grocery retailers (except convenience retailers) [44511],7283152000.0,1.4404,3.2345
2019-01-01,Supermarkets and other grocery retailers (except convenience retailers) [44511],7350649000.0,0.9268,5.7683
2019-02-01,Supermarkets and other grocery retailers (except convenience retailers) [44511],7499449000.0,2.0243,7.7204
2019-03-01,Supermarkets and other grocery retailers (except convenience retailers) [44511],7426229000.0,-0.9763,5.9555
2019-04-01,Supermarkets and other grocery retailers (except convenience retailers) [44511],7519774000.0,1.2597,5.9185
2019-05-01,Supermarkets and other grocery retailers (except convenience retailers) [44511],7387214000.0,-1.7628,3.3516
2019-06-01,Supermarkets and other grocery retailers (except convenience retailers) [44511],7439289000.0,0.7049,2.9297
2019-07-01,Supermarkets and other grocery retailers (except convenience retailers) [44511],7565299000.0,1.6938,4.3165
2019-08-01,Supermarkets and other grocery retailers (except convenience retailers) [44511],7463515000.0,-1.3454,2.049
2019-09-01,Supermarkets and other grocery retailers (except convenience retailers) [44511],7541254000.0,1.0416,0.2006
2019-10-01,Supermarkets and other grocery retailers (except convenience retailers) [44511],7508805000.0,-0.4303,2.355
2019-11-01,Supermarkets and other grocery retailers (except convenience retailers) [44511],7481231000.0,-0.3672,4.1993
2019-12-01,Supermarkets and other grocery retailers (except convenience retailers) [44511],7652616000.0,2.2909,5.0729
2020-01-01,Supermarkets and other grocery retailers (except convenience retailers) [44511],7581667000.0,-0.9271,3.1428
2020-02-01,Supermarkets and other grocery retailers (except convenience retailers) [44511],7563051000.0,-0.2455,0.8481
2020-03-01,Supermarkets and other grocery retailers (except convenience retailers) [44511],9646844000.0,27.5523,29.9023
2020-04-01,Supermarkets and other grocery retailers (except convenience retailers) [44511],8724714000.0,-9.5589,16.0236
2020-05-01,Supermarkets and other grocery retailers (except convenience retailers) [44511],8324165000.0,-4.591,12.6834
2020-06-01,Supermarkets and other grocery retailers (except convenience retailers) [44511],8459321000.0,1.6237,13.7114
2020-07-01,Supermarkets and other grocery retailers (except convenience retailers) [44511],8302116000.0,-1.8584,9.7394
2020-08-01,Supermarkets and other grocery retailers (except convenience retailers) [44511],8274172000.0,-0.3366,10.8616
2020-09-01,Supermarkets and other grocery retailers (except convenience retailers) [44511],8310784000.0,0.4425,10.2043
2020-10-01,Supermarkets and other grocery retailers (except convenience retailers) [44511],8396225000.0,1.0281,11.8184
2020-11-01,Supermarkets and other grocery retailers (except convenience retailers) [44511],8617226000.0,2.6321,15.1846
2020-12-01,Supermarkets and other grocery retailers (except convenience retailers) [44511],8472123000.0,-1.6839,10.7088
2021-01-01,Supermarkets and other grocery retailers (except convenience retailers) [44511],8659250000.0,2.2087,14.213
2021-02-01,Supermarkets and other grocery retailers (except convenience retailers) [44511],8552628000.0,-1.2313,13.0844
2021-03-01,Supermarkets and other grocery retailers (except convenience retailers) [44511],8365823000.0,-2.1842,-13.2792
2021-04-01,Supermarkets and other grocery retailers (except convenience retailers) [44511],8450645000.0,1.0139,-3.1413
2021-05-01,Supermarkets and other grocery retailers (except convenience retailers) [44511],8487079000.0,0.4311,1.9571
2021-06-01,Supermarkets and other grocery retailers (except convenience retailers) [44511],8218389000.0,-3.1659,-2.8481
2021-07-01,Supermarkets and other grocery retailers (except convenience retailers) [44511],7971698000.0,-3.0017,-3.9799
2021-08-01,Supermarkets and other grocery retailers (except convenience retailers) [44511],8245066000.0,3.4292,-0.3518
2021-09-01,Supermarkets and other grocery retailers (except convenience retailers) [44511],8310143000.0,0.7893,-0.0077
2021-10-01,Supermarkets and other grocery retailers (except convenience retailers) [44511],8224197000.0,-1.0342,-2.0489
2021-11-01,Supermarkets and other grocery retailers (except convenience retailers) [44511],8411278000.0,2.2748,-2.39
2021-12-01,Supermarkets and other grocery retailers (except convenience retailers) [44511],8270017000.0,-1.6794,-2.3855
2022-01-01,Supermarkets and other grocery retailers (except convenience retailers) [44511],8386699000.0,1.4109,-3.1475
2022-02-01,Supermarkets and other grocery retailers (except convenience retailers) [44511],8299347000.0,-1.0416,-2.9614
2022-03-01,Supermarkets and other grocery retailers (except convenience retailers) [44511],8417695000.0,1.426,0.62
2022-04-01,Supermarkets and other grocery retailers (except convenience retailers) [44511],8350926000.0,-0.7932,-1.18
2022-05-01,Supermarkets and other grocery retailers (except convenience retailers) [44511],8433353000.0,0.987,-0.633
2022-06-01,Supermarkets and other grocery retailers (except convenience retailers) [44511],8385901000.0,-0.5627,2.0383
2022-07-01,Supermarkets and other grocery retailers (except convenience retailers) [44511],8334350000.0,-0.6147,4.5492
2022-08-01,Supermarkets and other grocery retailers (except convenience retailers) [44511],8606705000.0,3.2679,4.3861
2022-09-01,Supermarkets and other grocery retailers (except convenience retailers) [44511],8455049000.0,-1.7621,1.7437
2022-10-01,Supermarkets and other grocery retailers (except convenience retailers) [44511],8653776000.0,2.3504,5.2234
2022-11-01,Supermarkets and other grocery retailers (except convenience retailers) [44511],8664561000.0,0.1246,3.0112
2022-12-01,Supermarkets and other grocery retailers (except convenience retailers) [44511],8638818000.0,-0.2971,4.4595
2023-01-01,Supermarkets and other grocery retailers (except convenience retailers) [44511],8728082000.0,1.0333,4.0705
2023-02-01,Supermarkets and other grocery retailers (except convenience retailers) [44511],8759236000.0,0.3569,5.5413
2023-03-01,Supermarkets and other grocery retailers (except convenience retailers) [44511],8860288000.0,1.1537,5.2579
2023-04-01,Supermarkets and other grocery retailers (except convenience retailers) [44511],8888151000.0,0.3145,6.4331
2023-05-01,Supermarkets and other grocery retailers (except convenience retailers) [44511],9111990000.0,2.5184,8.0471
2023-06-01,Supermarkets and other grocery retailers (except convenience retailers) [44511],8996460000.0,-1.2679,7.2808
2023-07-01,Supermarkets and other grocery retailers (except convenience retailers) [44511],9102621000.0,1.18,9.2181
2023-08-01,Supermarkets and other grocery retailers (except convenience retailers) [44511],9014448000.0,-0.9687,4.7375
2023-09-01,Supermarkets and other grocery retailers (except convenience retailers) [44511],8933474000.0,-0.8983,5.6585
2023-10-01,Supermarkets and other grocery retailers (except convenience retailers) [44511],9005031000.0,0.801,4.059
2023-11-01,Supermarkets and other grocery retailers (except convenience retailers) [44511],8902595000.0,-1.1375,2.7472
2023-12-01,Supermarkets and other grocery retailers (except convenience retailers) [44511],8961822000.0,0.6653,3.739
2024-01-01,Supermarkets and other grocery retailers (except convenience retailers) [44511],9013179000.0,0.5731,3.2664
2024-02-01,Supermarkets and other grocery retailers (except convenience retailers) [44511],8939910000.0,-0.8129,2.0627
2024-03-01,Supermarkets and other grocery retailers (except convenience retailers) [44511],8945424000.0,0.0617,0.9609
2024-04-01,Supermarkets and other grocery retailers (except convenience retailers) [44511],9081228000.0,1.5181,2.1723
2024-05-01,Supermarkets and other grocery retailers (except convenience retailers) [44511],8943741000.0,-1.514,-1.8465
2024-06-01,Supermarkets and other grocery retailers (except convenience retailers) [44511],9032029000.0,0.9871,0.3954
2024-07-01,Supermarkets and other grocery retailers (except convenience retailers) [44511],9208201000.0,1.9505,1.1599
2024-08-01,Supermarkets and other grocery retailers (except convenience retailers) [44511],9049408000.0,-1.7245,0.3878
2024-09-01,Supermarkets and other grocery retailers (except convenience retailers) [44511],9310466000.0,2.8848,4.22
2024-10-01,Supermarkets and other grocery retailers (except convenience retailers) [44511],9266947000.0,-0.4674,2.9086
2024-11-01,Supermarkets and other grocery retailers (except convenience retailers) [44511],9087000000.0,-1.9418,2.0714
2024-12-01,Supermarkets and other grocery retailers (except convenience retailers) [44511],9386081000.0,3.2913,4.7341
2025-01-01,Supermarkets and other grocery retailers (except convenience retailers) [44511],9189830000.0,-2.0909,1.9599
2025-02-01,Supermarkets and other grocery retailers (except convenience retailers) [44511],9377164000.0,2.0385,4.891
2025-03-01,Supermarkets and other grocery retailers (except convenience retailers) [44511],9417872000.0,0.4341,5.2814
2025-04-01,Supermarkets and other grocery retailers (except convenience retailers) [44511],9413842000.0,-0.0428,3.6627
2025-05-01,Supermarkets and other grocery retailers (except convenience retailers) [44511],9342649000.0,-0.7563,4.4602
2025-06-01,Supermarkets and other grocery retailers (except convenience retailers) [44511],9535750000.0,2.0669,5.5771
2025-07-01,Supermarkets and other grocery retailers (except convenience retailers) [44511],9334121000.0,-2.1145,1.3675
2025-08-01,Supermarkets and other grocery retailers (except convenience retailers) [44511],9457611000.0,1.323,4.5108
2025-09-01,Supermarkets and other grocery retailers (except convenience retailers) [44511],9422640000.0,-0.3698,1.2048
2025-10-01,Supermarkets and other grocery retailers (except convenience retailers) [44511],9383821000.0,-0.412,1.2612
2025-11-01,Supermarkets and other grocery retailers (except convenience retailers) [44511],9511875000.0,1.3646,4.6756
2025-12-01,Supermarkets and other grocery retailers (except convenience retailers) [44511],9509297000.0,-0.0271,1.3128
2026-01-01,Supermarkets and other grocery retailers (except convenience retailers) [44511],9491041000.0,-0.192,3.2777
2026-02-01,Supermarkets and other grocery retailers (except convenience retailers) [44511],9614639000.0,1.3023,2.5325
2026-03-01,Supermarkets and other grocery retailers (except convenience retailers) [44511],9698582000.0,0.8731,2.9806
2026-04-01,Supermarkets and other grocery retailers (except convenience retailers) [44511],9412822000.0,-2.9464,-0.0108
2026-05-01,Supermarkets and other grocery retailers (except convenience retailers) [44511],9492362000.0,0.845,1.6025
2026-06-01,Supermarkets and other grocery retailers (except convenience retailers) [44511],9431813000.0,-0.6379,-1.09
2017-01-01,Used car dealers [44112],959827000.0,,
2017-02-01,Used car dealers [44112],926172000.0,-3.5064,
2017-03-01,Used car dealers [44112],953277000.0,2.9266,
2017-04-01,Used car dealers [44112],969564000.0,1.7085,
2017-05-01,Used car dealers [44112],984724000.0,1.5636,
2017-06-01,Used car dealers [44112],998037000.0,1.352,
2017-07-01,Used car dealers [44112],993567000.0,-0.4479,
2017-08-01,Used car dealers [44112],1086572000.0,9.3607,
2017-09-01,Used car dealers [44112],995407000.0,-8.3901,
2017-10-01,Used car dealers [44112],1011261000.0,1.5927,
2017-11-01,Used car dealers [44112],1039266000.0,2.7693,
2017-12-01,Used car dealers [44112],1045287000.0,0.5794,
2018-01-01,Used car dealers [44112],1018050000.0,-2.6057,6.066
2018-02-01,Used car dealers [44112],1065724000.0,4.6829,15.0676
2018-03-01,Used car dealers [44112],1035111000.0,-2.8725,8.5845
2018-04-01,Used car dealers [44112],1068646000.0,3.2397,10.2192
2018-05-01,Used car dealers [44112],1088315000.0,1.8406,10.5198
2018-06-01,Used car dealers [44112],1105136000.0,1.5456,10.731
2018-07-01,Used car dealers [44112],1098583000.0,-0.593,10.5696
2018-08-01,Used car dealers [44112],1115837000.0,1.5706,2.6933
2018-09-01,Used car dealers [44112],1111974000.0,-0.3462,11.7105
2018-10-01,Used car dealers [44112],1162546000.0,4.5479,14.96
2018-11-01,Used car dealers [44112],1123881000.0,-3.3259,8.1418
2018-12-01,Used car dealers [44112],1139180000.0,1.3613,8.9825
2019-01-01,Used car dealers [44112],1197051000.0,5.0801,17.5827
2019-02-01,Used car dealers [44112],1156528000.0,-3.3852,8.5204
2019-03-01,Used car dealers [44112],1224284000.0,5.8586,18.2756
2019-04-01,Used car dealers [44112],1201876000.0,-1.8303,12.4672
2019-05-01,Used car dealers [44112],1239224000.0,3.1075,13.8663
2019-06-01,Used car dealers [44112],1228348000.0,-0.8776,11.149
2019-07-01,Used car dealers [44112],1180761000.0,-3.8741,7.4804
2019-08-01,Used car dealers [44112],1159277000.0,-1.8195,3.893
2019-09-01,Used car dealers [44112],1193669000.0,2.9667,7.3468
2019-10-01,Used car dealers [44112],1141983000.0,-4.33,-1.7688
2019-11-01,Used car dealers [44112],1216453000.0,6.5211,8.2368
2019-12-01,Used car dealers [44112],1203140000.0,-1.0944,5.6146
2020-01-01,Used car dealers [44112],1207778000.0,0.3855,0.8961
2020-02-01,Used car dealers [44112],1236365000.0,2.3669,6.9032
2020-03-01,Used car dealers [44112],834626000.0,-32.4936,-31.8274
2020-04-01,Used car dealers [44112],512886000.0,-38.549,-57.3262
2020-05-01,Used car dealers [44112],992394000.0,93.4921,-19.9181
2020-06-01,Used car dealers [44112],1197369000.0,20.6546,-2.522
2020-07-01,Used car dealers [44112],1332371000.0,11.2749,12.84
2020-08-01,Used car dealers [44112],1344661000.0,0.9224,15.9913
2020-09-01,Used car dealers [44112],1313455000.0,-2.3207,10.0351
2020-10-01,Used car dealers [44112],1325482000.0,0.9157,16.0685
2020-11-01,Used car dealers [44112],1309677000.0,-1.1924,7.6636
2020-12-01,Used car dealers [44112],1379852000.0,5.3582,14.6876
2021-01-01,Used car dealers [44112],1283867000.0,-6.9562,6.2999
2021-02-01,Used car dealers [44112],1396755000.0,8.7928,12.9727
2021-03-01,Used car dealers [44112],1442924000.0,3.3054,72.8827
2021-04-01,Used car dealers [44112],1433998000.0,-0.6186,179.5939
2021-05-01,Used car dealers [44112],1441205000.0,0.5026,45.2251
2021-06-01,Used car dealers [44112],1445207000.0,0.2777,20.6985
2021-07-01,Used car dealers [44112],1456721000.0,0.7967,9.333
2021-08-01,Used car dealers [44112],1426765000.0,-2.0564,6.1059
2021-09-01,Used car dealers [44112],1536949000.0,7.7226,17.0157
2021-10-01,Used car dealers [44112],1558215000.0,1.3837,17.5584
2021-11-01,Used car dealers [44112],1560831000.0,0.1679,19.1768
2021-12-01,Used car dealers [44112],1547403000.0,-0.8603,12.1427
2022-01-01,Used car dealers [44112],1542777000.0,-0.299,20.1664
2022-02-01,Used car dealers [44112],1471606000.0,-4.6132,5.3589
2022-03-01,Used car dealers [44112],1276146000.0,-13.2821,-11.5583
2022-04-01,Used car dealers [44112],1299924000.0,1.8633,-9.3497
2022-05-01,Used car dealers [44112],1318085000.0,1.3971,-8.5429
2022-06-01,Used car dealers [44112],1331404000.0,1.0105,-7.8745
2022-07-01,Used car dealers [44112],1343524000.0,0.9103,-7.7707
2022-08-01,Used car dealers [44112],1376414000.0,2.448,-3.529
2022-09-01,Used car dealers [44112],1350380000.0,-1.8914,-12.1389
2022-10-01,Used car dealers [44112],1399196000.0,3.615,-10.2052
2022-11-01,Used car dealers [44112],1433016000.0,2.4171,-8.1889
2022-12-01,Used car dealers [44112],1323048000.0,-7.6739,-14.4988
2023-01-01,Used car dealers [44112],1263306000.0,-4.5155,-18.1148
2023-02-01,Used car dealers [44112],1370284000.0,8.4681,-6.8851
2023-03-01,Used car dealers [44112],1381599000.0,0.8257,8.2634
2023-04-01,Used car dealers [44112],1387945000.0,0.4593,6.7712
2023-05-01,Used car dealers [44112],1352393000.0,-2.5615,2.6029
2023-06-01,Used car dealers [44112],1382262000.0,2.2086,3.8199
2023-07-01,Used car dealers [44112],1363251000.0,-1.3754,1.4683
2023-08-01,Used car dealers [44112],1368707000.0,0.4002,-0.5599
2023-09-01,Used car dealers [44112],1393755000.0,1.83,3.2121
2023-10-01,Used car dealers [44112],1339528000.0,-3.8907,-4.2644
2023-11-01,Used car dealers [44112],1324445000.0,-1.126,-7.5764
2023-12-01,Used car dealers [44112],1355979000.0,2.3809,2.489
2024-01-01,Used car dealers [44112],1385862000.0,2.2038,9.7012
2024-02-01,Used car dealers [44112],1388754000.0,0.2087,1.3479
2024-03-01,Used car dealers [44112],1329377000.0,-4.2756,-3.7798
2024-04-01,Used car dealers [44112],1326096000.0,-0.2468,-4.4562
2024-05-01,Used car dealers [44112],1350894000.0,1.87,-0.1108
2024-06-01,Used car dealers [44112],1372169000.0,1.5749,-0.7302
2024-07-01,Used car dealers [44112],1406774000.0,2.5219,3.1926
2024-08-01,Used car dealers [44112],1454004000.0,3.3573,6.2319
2024-09-01,Used car dealers [44112],1279989000.0,-11.968,-8.1626
2024-10-01,Used car dealers [44112],1430167000.0,11.7328,6.7665
2024-11-01,Used car dealers [44112],1366463000.0,-4.4543,3.1725
2024-12-01,Used car dealers [44112],1519055000.0,11.1669,12.0264
2025-01-01,Used car dealers [44112],1569853000.0,3.3441,13.2763
2025-02-01,Used car dealers [44112],1543331000.0,-1.6895,11.1306
2025-03-01,Used car dealers [44112],1581074000.0,2.4456,18.9335
2025-04-01,Used car dealers [44112],1582447000.0,0.0868,19.3313
2025-05-01,Used car dealers [44112],1571415000.0,-0.6971,16.3241
2025-06-01,Used car dealers [44112],1545124000.0,-1.6731,12.6045
2025-07-01,Used car dealers [44112],1526200000.0,-1.2248,8.4894
2025-08-01,Used car dealers [44112],1530581000.0,0.2871,5.2666
2025-09-01,Used car dealers [44112],1541456000.0,0.7105,20.4273
2025-10-01,Used car dealers [44112],1560288000.0,1.2217,9.0983
2025-11-01,Used car dealers [44112],1679651000.0,7.6501,22.9196
2025-12-01,Used car dealers [44112],1536921000.0,-8.4976,1.1761
2026-01-01,Used car dealers [44112],1523730000.0,-0.8583,-2.938
2026-02-01,Used car dealers [44112],1613227000.0,5.8735,4.5289
2026-03-01,Used car dealers [44112],1537335000.0,-4.7044,-2.7664
2026-04-01,Used car dealers [44112],1652856000.0,7.5144,4.4494
2026-05-01,Used car dealers [44112],1647523000.0,-0.3227,4.8433
2026-06-01,Used car dealers [44112],1607963000.0,-2.4012,4.0669
