ref_date,geo,retail_sales_dollars,cpi_all_items,employment_thousands,unemployment_rate_percent,population,population_source_date,population_is_carried_forward,retail_sales_yoy_percent,cpi_yoy_inflation_percent,employment_yoy_percent,retail_sales_per_capita,canada_retail_sales_yoy_percent,canada_cpi_yoy_inflation_percent,canada_employment_yoy_percent,canada_unemployment_rate_percent,retail_sales_yoy_gap_vs_canada,cpi_inflation_gap_vs_canada,employment_yoy_gap_vs_canada,unemployment_rate_gap_vs_canada
2017-01-01,Alberta,6726992000.0,137.0,2205.3,8.6,4215506,2017-01-01,False,,,,1595.7733,,,,6.9,,,,1.7
2017-01-01,British Columbia,7277591000.0,123.5,2519.1,5.6,4894147,2017-01-01,False,,,,1486.9989,,,,6.9,,,,-1.3
2017-01-01,Canada,50417235000.0,129.5,18172.5,6.9,36313068,2017-01-01,False,,,,1388.4047,,,,6.9,,,,0.0
2017-01-01,Manitoba,1749096000.0,129.6,640.6,6.0,1324044,2017-01-01,False,,,,1321.0256,,,,6.9,,,,-0.9
2017-01-01,New Brunswick,1049815000.0,130.1,360.6,8.6,764612,2017-01-01,False,,,,1373.0036,,,,6.9,,,,1.7
2017-01-01,Newfoundland and Labrador,800919000.0,135.3,230.1,14.5,530175,2017-01-01,False,,,,1510.6691,,,,6.9,,,,7.6
2017-01-01,Nova Scotia,1338447000.0,131.7,444.8,8.4,947023,2017-01-01,False,,,,1413.3205,,,,6.9,,,,1.5
2017-01-01,Ontario,18742688000.0,130.8,7028.9,6.6,13975516,2017-01-01,False,,,,1341.1088,,,,6.9,,,,-0.3
2017-01-01,Prince Edward Island,199509000.0,132.3,74.0,9.5,147811,2017-01-01,False,,,,1349.7575,,,,6.9,,,,2.6
2017-01-01,Quebec,10709589000.0,126.2,4109.3,6.5,8252179,2017-01-01,False,,,,1297.7892,,,,6.9,,,,-0.4
2017-01-01,Saskatchewan,1651544000.0,133.1,559.8,6.9,1141537,2017-01-01,False,,,,1446.7722,,,,6.9,,,,0.0
2017-02-01,Alberta,6755541000.0,136.7,2216.1,8.1,4215506,2017-01-01,True,,,,1602.5457,,,,6.6,,,,1.5
2017-02-01,British Columbia,6979447000.0,123.6,2528.0,5.4,4894147,2017-01-01,True,,,,1426.0804,,,,6.6,,,,-1.2
2017-02-01,Canada,49863452000.0,129.7,18216.6,6.6,36313068,2017-01-01,True,,,,1373.1545,,,,6.6,,,,0.0
2017-02-01,Manitoba,1733320000.0,129.5,643.3,5.8,1324044,2017-01-01,True,,,,1309.1106,,,,6.6,,,,-0.8
2017-02-01,New Brunswick,1062497000.0,130.0,359.7,8.6,764612,2017-01-01,True,,,,1389.5898,,,,6.6,,,,2.0
2017-02-01,Newfoundland and Labrador,784274000.0,135.0,227.9,14.7,530175,2017-01-01,True,,,,1479.2738,,,,6.6,,,,8.1
2017-02-01,Nova Scotia,1291331000.0,131.4,442.6,8.6,947023,2017-01-01,True,,,,1363.5688,,,,6.6,,,,2.0
2017-02-01,Ontario,18703958000.0,131.2,7037.0,6.3,13975516,2017-01-01,True,,,,1338.3376,,,,6.6,,,,-0.3
2017-02-01,Prince Edward Island,192843000.0,131.5,73.6,10.4,147811,2017-01-01,True,,,,1304.6593,,,,6.6,,,,3.8
2017-02-01,Quebec,10526893000.0,126.6,4121.1,6.4,8252179,2017-01-01,True,,,,1275.6501,,,,6.6,,,,-0.2
2017-02-01,Saskatchewan,1659959000.0,132.9,567.2,6.2,1141537,2017-01-01,True,,,,1454.1438,,,,6.6,,,,-0.4
2017-03-01,Alberta,6696621000.0,136.8,2217.0,8.6,4215506,2017-01-01,True,,,,1588.5687,,,,6.7,,,,1.9
2017-03-01,British Columbia,7041783000.0,124.2,2540.7,5.6,4894147,2017-01-01,True,,,,1438.8172,,,,6.7,,,,-1.1
2017-03-01,Canada,49937420000.0,129.9,18241.5,6.7,36313068,2017-01-01,True,,,,1375.1914,,,,6.7,,,,0.0
2017-03-01,Manitoba,1727275000.0,129.9,644.3,5.7,1324044,2017-01-01,True,,,,1304.545,,,,6.7,,,,-1.0
2017-03-01,New Brunswick,1054798000.0,130.5,359.5,8.6,764612,2017-01-01,True,,,,1379.5206,,,,6.7,,,,1.9
2017-03-01,Newfoundland and Labrador,767324000.0,135.3,227.3,15.5,530175,2017-01-01,True,,,,1447.3032,,,,6.7,,,,8.8
2017-03-01,Nova Scotia,1332297000.0,131.8,444.7,9.2,947023,2017-01-01,True,,,,1406.8264,,,,6.7,,,,2.5
2017-03-01,Ontario,18903337000.0,131.4,7040.4,6.3,13975516,2017-01-01,True,,,,1352.6039,,,,6.7,,,,-0.4
2017-03-01,Prince Edward Island,199423000.0,132.4,73.6,10.1,147811,2017-01-01,True,,,,1349.1756,,,,6.7,,,,3.4
2017-03-01,Quebec,10366074000.0,126.7,4133.6,6.0,8252179,2017-01-01,True,,,,1256.162,,,,6.7,,,,-0.7
2017-03-01,Saskatchewan,1679639000.0,133.0,560.3,6.3,1141537,2017-01-01,True,,,,1471.3838,,,,6.7,,,,-0.4
2017-04-01,Alberta,6731946000.0,137.4,2216.8,8.2,4224933,2017-04-01,False,,,,1593.3853,,,,6.5,,,,1.7
2017-04-01,British Columbia,7097179000.0,124.4,2551.7,5.4,4908971,2017-04-01,False,,,,1445.757,,,,6.5,,,,-1.1
2017-04-01,Canada,50827438000.0,130.4,18271.6,6.5,36397141,2017-04-01,False,,,,1396.4679,,,,6.5,,,,0.0
2017-04-01,Manitoba,1748527000.0,130.2,645.7,5.4,1328337,2017-04-01,False,,,,1316.3279,,,,6.5,,,,-1.1
2017-04-01,New Brunswick,1067218000.0,131.2,358.9,9.0,764859,2017-04-01,False,,,,1395.3134,,,,6.5,,,,2.5
2017-04-01,Newfoundland and Labrador,764090000.0,135.6,228.4,14.8,529700,2017-04-01,False,,,,1442.4958,,,,6.5,,,,8.3
2017-04-01,Nova Scotia,1339876000.0,132.0,445.2,8.8,948945,2017-04-01,False,,,,1411.9638,,,,6.5,,,,2.3
2017-04-01,Ontario,19222214000.0,132.0,7048.1,6.0,14012209,2017-04-01,False,,,,1371.819,,,,6.5,,,,-0.5
2017-04-01,Prince Edward Island,201039000.0,133.2,74.2,10.1,148354,2017-04-01,False,,,,1355.1303,,,,6.5,,,,3.6
2017-04-01,Quebec,10861159000.0,127.0,4139.9,6.3,8265839,2017-04-01,False,,,,1313.9814,,,,6.5,,,,-0.2
2017-04-01,Saskatchewan,1626696000.0,134.2,562.8,6.2,1143829,2017-04-01,False,,,,1422.1496,,,,6.5,,,,-0.3
2017-05-01,Alberta,6794861000.0,137.2,2213.6,8.4,4224933,2017-04-01,True,,,,1608.2766,,,,6.6,,,,1.8
2017-05-01,British Columbia,7231238000.0,125.0,2569.4,5.4,4908971,2017-04-01,True,,,,1473.0659,,,,6.6,,,,-1.2
2017-05-01,Canada,50711634000.0,130.5,18312.9,6.6,36397141,2017-04-01,True,,,,1393.2862,,,,6.6,,,,0.0
2017-05-01,Manitoba,1756835000.0,130.2,647.5,5.2,1328337,2017-04-01,True,,,,1322.5823,,,,6.6,,,,-1.4
2017-05-01,New Brunswick,1103307000.0,131.2,358.6,8.8,764859,2017-04-01,True,,,,1442.4972,,,,6.6,,,,2.2
2017-05-01,Newfoundland and Labrador,777538000.0,135.4,228.3,15.2,529700,2017-04-01,True,,,,1467.8837,,,,6.6,,,,8.6
2017-05-01,Nova Scotia,1363924000.0,132.2,446.9,8.5,948945,2017-04-01,True,,,,1437.3056,,,,6.6,,,,1.9
2017-05-01,Ontario,19082390000.0,131.9,7079.1,6.4,14012209,2017-04-01,True,,,,1361.8402,,,,6.6,,,,-0.2
2017-05-01,Prince Edward Island,198471000.0,133.3,74.6,10.4,148354,2017-04-01,True,,,,1337.8203,,,,6.6,,,,3.8
2017-05-01,Quebec,10597288000.0,127.1,4130.5,6.1,8265839,2017-04-01,True,,,,1282.0584,,,,6.6,,,,-0.5
2017-05-01,Saskatchewan,1632421000.0,133.9,564.4,6.6,1143829,2017-04-01,True,,,,1427.1548,,,,6.6,,,,0.0
2017-06-01,Alberta,6845782000.0,136.9,2219.5,7.8,4224933,2017-04-01,True,,,,1620.3291,,,,6.5,,,,1.3
2017-06-01,British Columbia,7386505000.0,125.2,2585.0,5.2,4908971,2017-04-01,True,,,,1504.6952,,,,6.5,,,,-1.3
2017-06-01,Canada,50762624000.0,130.4,18371.4,6.5,36397141,2017-04-01,True,,,,1394.6871,,,,6.5,,,,0.0
2017-06-01,Manitoba,1689244000.0,130.2,648.0,5.1,1328337,2017-04-01,True,,,,1271.6984,,,,6.5,,,,-1.4
2017-06-01,New Brunswick,1059621000.0,131.1,357.9,8.3,764859,2017-04-01,True,,,,1385.3808,,,,6.5,,,,1.8
2017-06-01,Newfoundland and Labrador,781018000.0,135.0,227.5,15.4,529700,2017-04-01,True,,,,1474.4535,,,,6.5,,,,8.9
2017-06-01,Nova Scotia,1383907000.0,132.4,443.7,9.0,948945,2017-04-01,True,,,,1458.3638,,,,6.5,,,,2.5
2017-06-01,Ontario,18995152000.0,132.1,7085.8,6.2,14012209,2017-04-01,True,,,,1355.6144,,,,6.5,,,,-0.3
2017-06-01,Prince Edward Island,196269000.0,133.4,74.5,10.2,148354,2017-04-01,True,,,,1322.9775,,,,6.5,,,,3.7
2017-06-01,Quebec,10622609000.0,126.7,4167.6,6.2,8265839,2017-04-01,True,,,,1285.1217,,,,6.5,,,,-0.3
2017-06-01,Saskatchewan,1630278000.0,133.9,561.8,6.4,1143829,2017-04-01,True,,,,1425.2812,,,,6.5,,,,-0.1
2017-07-01,Alberta,6795728000.0,137.0,2207.6,8.0,4237310,2017-07-01,False,,,,1603.7835,,,,6.3,,,,1.7
2017-07-01,British Columbia,7406444000.0,125.6,2575.6,5.0,4934202,2017-07-01,False,,,,1501.0419,,,,6.3,,,,-1.3
2017-07-01,Canada,50879002000.0,130.4,18416.9,6.3,36545075,2017-07-01,False,,,,1392.226,,,,6.3,,,,0.0
2017-07-01,Manitoba,1694162000.0,130.1,652.9,4.8,1334734,2017-07-01,False,,,,1269.2881,,,,6.3,,,,-1.5
2017-07-01,New Brunswick,1062811000.0,131.2,359.9,7.0,766697,2017-07-01,False,,,,1386.2204,,,,6.3,,,,0.7
2017-07-01,Newfoundland and Labrador,757795000.0,135.5,225.7,15.3,529742,2017-07-01,False,,,,1430.4982,,,,6.3,,,,9.0
2017-07-01,Nova Scotia,1378193000.0,132.4,446.0,8.2,952159,2017-07-01,False,,,,1447.44,,,,6.3,,,,1.9
2017-07-01,Ontario,19055251000.0,131.9,7132.4,6.0,14078499,2017-07-01,False,,,,1353.5002,,,,6.3,,,,-0.3
2017-07-01,Prince Edward Island,203365000.0,133.4,73.9,10.1,149740,2017-07-01,False,,,,1358.1207,,,,6.3,,,,3.8
2017-07-01,Quebec,10706696000.0,126.7,4179.6,5.9,8292832,2017-07-01,False,,,,1291.0784,,,,6.3,,,,-0.4
2017-07-01,Saskatchewan,1646244000.0,133.9,563.4,6.8,1147315,2017-07-01,False,,,,1434.8666,,,,6.3,,,,0.5
2017-08-01,Alberta,6758273000.0,137.4,2209.3,8.4,4237310,2017-07-01,True,,,,1594.9442,,,,6.2,,,,2.2
2017-08-01,British Columbia,7362373000.0,125.9,2585.8,5.2,4934202,2017-07-01,True,,,,1492.1102,,,,6.2,,,,-1.0
2017-08-01,Canada,51011588000.0,130.5,18436.4,6.2,36545075,2017-07-01,True,,,,1395.854,,,,6.2,,,,0.0
2017-08-01,Manitoba,1727144000.0,130.4,653.0,4.8,1334734,2017-07-01,True,,,,1293.9987,,,,6.2,,,,-1.4
2017-08-01,New Brunswick,1057142000.0,131.3,358.0,8.1,766697,2017-07-01,True,,,,1378.8263,,,,6.2,,,,1.9
2017-08-01,Newfoundland and Labrador,772502000.0,135.5,224.8,15.0,529742,2017-07-01,True,,,,1458.2608,,,,6.2,,,,8.8
2017-08-01,Nova Scotia,1375351000.0,132.6,445.0,8.5,952159,2017-07-01,True,,,,1444.4552,,,,6.2,,,,2.3
2017-08-01,Ontario,19241152000.0,131.8,7135.9,5.5,14078499,2017-07-01,True,,,,1366.7048,,,,6.2,,,,-0.7
2017-08-01,Prince Edward Island,199877000.0,133.6,74.3,9.2,149740,2017-07-01,True,,,,1334.827,,,,6.2,,,,3.0
2017-08-01,Quebec,10680257000.0,126.7,4187.0,6.2,8292832,2017-07-01,True,,,,1287.8902,,,,6.2,,,,0.0
2017-08-01,Saskatchewan,1667903000.0,134.7,563.3,6.2,1147315,2017-07-01,True,,,,1453.7446,,,,6.2,,,,0.0
2017-09-01,Alberta,6870429000.0,137.0,2220.5,7.5,4237310,2017-07-01,True,,,,1621.4129,,,,6.2,,,,1.3
2017-09-01,British Columbia,7408205000.0,125.7,2559.4,5.3,4934202,2017-07-01,True,,,,1501.3988,,,,6.2,,,,-0.9
2017-09-01,Canada,51040384000.0,130.8,18442.5,6.2,36545075,2017-07-01,True,,,,1396.6419,,,,6.2,,,,0.0
2017-09-01,Manitoba,1702710000.0,130.9,650.3,5.3,1334734,2017-07-01,True,,,,1275.6924,,,,6.2,,,,-0.9
2017-09-01,New Brunswick,1087907000.0,131.6,358.0,8.0,766697,2017-07-01,True,,,,1418.953,,,,6.2,,,,1.8
2017-09-01,Newfoundland and Labrador,791890000.0,136.4,224.4,15.0,529742,2017-07-01,True,,,,1494.8598,,,,6.2,,,,8.8
2017-09-01,Nova Scotia,1369070000.0,133.3,445.4,9.1,952159,2017-07-01,True,,,,1437.8586,,,,6.2,,,,2.9
2017-09-01,Ontario,19173367000.0,132.3,7161.5,5.8,14078499,2017-07-01,True,,,,1361.89,,,,6.2,,,,-0.4
2017-09-01,Prince Edward Island,200176000.0,133.7,73.6,10.7,149740,2017-07-01,True,,,,1336.8238,,,,6.2,,,,4.5
2017-09-01,Quebec,10642318000.0,127.1,4187.0,5.9,8292832,2017-07-01,True,,,,1283.3153,,,,6.2,,,,-0.3
2017-09-01,Saskatchewan,1623424000.0,134.9,562.4,6.3,1147315,2017-07-01,True,,,,1414.9767,,,,6.2,,,,0.1
2017-10-01,Alberta,6984728000.0,137.6,2222.1,7.7,4253530,2017-10-01,False,,,,1642.1015,,,,6.3,,,,1.4
2017-10-01,British Columbia,7672275000.0,125.6,2553.8,5.5,4962706,2017-10-01,False,,,,1545.9862,,,,6.3,,,,-0.8
2017-10-01,Canada,52522532000.0,130.9,18475.1,6.3,36722075,2017-10-01,False,,,,1430.2714,,,,6.3,,,,0.0
2017-10-01,Manitoba,1758426000.0,131.4,652.3,5.1,1340426,2017-10-01,False,,,,1311.8412,,,,6.3,,,,-1.2
2017-10-01,New Brunswick,1106071000.0,131.4,361.0,8.3,768029,2017-10-01,False,,,,1440.1422,,,,6.3,,,,2.0
2017-10-01,Newfoundland and Labrador,812403000.0,136.1,226.0,15.0,530153,2017-10-01,False,,,,1532.3935,,,,6.3,,,,8.7
2017-10-01,Nova Scotia,1406108000.0,132.8,444.3,8.7,956074,2017-10-01,False,,,,1470.7104,,,,6.3,,,,2.4
2017-10-01,Ontario,19568947000.0,132.3,7177.4,5.8,14161084,2017-10-01,False,,,,1381.882,,,,6.3,,,,-0.5
2017-10-01,Prince Edward Island,208121000.0,133.5,73.3,11.4,150595,2017-10-01,False,,,,1381.9914,,,,6.3,,,,5.1
2017-10-01,Quebec,11101171000.0,127.2,4205.0,6.1,8326075,2017-10-01,False,,,,1333.3018,,,,6.3,,,,-0.2
2017-10-01,Saskatchewan,1725005000.0,135.4,560.0,6.2,1151044,2017-10-01,False,,,,1498.6438,,,,6.3,,,,-0.1
2017-11-01,Alberta,6897129000.0,138.4,2235.0,7.4,4253530,2017-10-01,True,,,,1621.5071,,,,6.2,,,,1.2
2017-11-01,British Columbia,7467284000.0,125.9,2583.3,5.1,4962706,2017-10-01,True,,,,1504.6799,,,,6.2,,,,-1.1
2017-11-01,Canada,52139092000.0,131.3,18550.5,6.2,36722075,2017-10-01,True,,,,1419.8297,,,,6.2,,,,0.0
2017-11-01,Manitoba,1764535000.0,132.0,650.7,5.5,1340426,2017-10-01,True,,,,1316.3987,,,,6.2,,,,-0.7
2017-11-01,New Brunswick,1105305000.0,132.4,359.4,8.6,768029,2017-10-01,True,,,,1439.1449,,,,6.2,,,,2.4
2017-11-01,Newfoundland and Labrador,789652000.0,136.7,226.4,15.1,530153,2017-10-01,True,,,,1489.4795,,,,6.2,,,,8.9
2017-11-01,Nova Scotia,1418089000.0,133.2,444.4,9.1,956074,2017-10-01,True,,,,1483.2419,,,,6.2,,,,2.9
2017-11-01,Ontario,19623448000.0,132.7,7207.7,5.9,14161084,2017-10-01,True,,,,1385.7306,,,,6.2,,,,-0.3
2017-11-01,Prince Edward Island,209302000.0,134.7,74.8,9.6,150595,2017-10-01,True,,,,1389.8337,,,,6.2,,,,3.4
2017-11-01,Quebec,10972440000.0,127.7,4208.3,5.5,8326075,2017-10-01,True,,,,1317.8406,,,,6.2,,,,-0.7
2017-11-01,Saskatchewan,1710429000.0,136.6,560.5,6.4,1151044,2017-10-01,True,,,,1485.9806,,,,6.2,,,,0.2
2017-12-01,Alberta,6871052000.0,137.6,2263.5,7.2,4253530,2017-10-01,True,,,,1615.3764,,,,6.0,,,,1.2
2017-12-01,British Columbia,7515551000.0,125.2,2591.6,4.9,4962706,2017-10-01,True,,,,1514.4059,,,,6.0,,,,-1.1
2017-12-01,Canada,52310573000.0,130.8,18619.7,6.0,36722075,2017-10-01,True,,,,1424.4994,,,,6.0,,,,0.0
2017-12-01,Manitoba,1743638000.0,131.5,650.1,5.5,1340426,2017-10-01,True,,,,1300.8088,,,,6.0,,,,-0.5
2017-12-01,New Brunswick,1109544000.0,132.1,363.0,8.1,768029,2017-10-01,True,,,,1444.6642,,,,6.0,,,,2.1
2017-12-01,Newfoundland and Labrador,784523000.0,136.2,226.9,15.1,530153,2017-10-01,True,,,,1479.8049,,,,6.0,,,,9.1
2017-12-01,Nova Scotia,1401558000.0,132.8,448.4,8.2,956074,2017-10-01,True,,,,1465.9514,,,,6.0,,,,2.2
2017-12-01,Ontario,19616052000.0,132.0,7205.4,5.9,14161084,2017-10-01,True,,,,1385.2084,,,,6.0,,,,-0.1
2017-12-01,Prince Edward Island,212043000.0,133.5,75.2,10.2,150595,2017-10-01,True,,,,1408.0348,,,,6.0,,,,4.2
2017-12-01,Quebec,11152991000.0,127.5,4231.2,5.3,8326075,2017-10-01,True,,,,1339.5256,,,,6.0,,,,-0.7
2017-12-01,Saskatchewan,1716063000.0,135.9,564.3,6.5,1151044,2017-10-01,True,,,,1490.8752,,,,6.0,,,,0.5
2018-01-01,Alberta,6917447000.0,138.9,2267.8,6.7,4263957,2018-01-01,False,2.8312,1.3869,2.8341,1622.3069,3.6777324262228905,1.698841698841691,2.224790204980054,5.9,-0.8465,-0.312,0.6093,0.8
2018-01-01,British Columbia,7398388000.0,126.1,2582.7,4.9,4974712,2018-01-01,False,1.6598,2.1053,2.5247,1487.1993,3.6777324262228905,1.698841698841691,2.224790204980054,5.9,-2.0179,0.4064,0.2999,-1.0
2018-01-01,Canada,52271446000.0,131.7,18576.8,5.9,36801579,2018-01-01,False,3.6777,1.6988,2.2248,1420.3588,3.6777324262228905,1.698841698841691,2.224790204980054,5.9,0.0,0.0,0.0,0.0
2018-01-01,Manitoba,1838483000.0,132.3,649.3,5.7,1344198,2018-01-01,False,5.1105,2.0833,1.3581,1367.7174,3.6777324262228905,1.698841698841691,2.224790204980054,5.9,1.4327,0.3845,-0.8667,-0.2
2018-01-01,New Brunswick,1080622000.0,132.5,357.2,8.9,768146,2018-01-01,False,2.9345,1.8447,-0.9429,1406.7925,3.6777324262228905,1.698841698841691,2.224790204980054,5.9,-0.7432,0.1459,-3.1677,3.0
2018-01-01,Newfoundland and Labrador,762943000.0,136.8,224.6,15.1,529743,2018-01-01,False,-4.7416,1.1086,-2.3903,1440.2135,3.6777324262228905,1.698841698841691,2.224790204980054,5.9,-8.4193,-0.5902,-4.6151,9.2
2018-01-01,Nova Scotia,1362535000.0,133.5,446.2,8.6,956711,2018-01-01,False,1.7997,1.3667,0.3147,1424.1866,3.6777324262228905,1.698841698841691,2.224790204980054,5.9,-1.878,-0.3321,-1.91,2.7
2018-01-01,Ontario,19841693000.0,133.2,7172.1,5.7,14199811,2018-01-01,False,5.8636,1.8349,2.0373,1397.3209,3.6777324262228905,1.698841698841691,2.224790204980054,5.9,2.1859,0.136,-0.1875,-0.2
2018-01-01,Prince Edward Island,208109000.0,134.4,74.6,11.0,150619,2018-01-01,False,4.3106,1.5873,0.8108,1381.6916,3.6777324262228905,1.698841698841691,2.224790204980054,5.9,0.6329,-0.1115,-1.414,5.1
2018-01-01,Quebec,10978276000.0,127.8,4237.6,5.3,8338883,2018-01-01,False,2.5088,1.2678,3.1222,1316.5164,3.6777324262228905,1.698841698841691,2.224790204980054,5.9,-1.1689,-0.431,0.8974,-0.6
2018-01-01,Saskatchewan,1699562000.0,136.4,564.7,5.8,1152366,2018-01-01,False,2.9075,2.4793,0.8753,1474.8457,3.6777324262228905,1.698841698841691,2.224790204980054,5.9,-0.7703,0.7805,-1.3495,-0.1
2018-02-01,Alberta,6884324000.0,139.7,2265.4,6.5,4263957,2018-01-01,True,1.9063,2.1946,2.2246,1614.5388,4.355921848330913,2.1588280647648617,1.9416356509996513,6.0,-2.4496,0.0358,0.283,0.5
2018-02-01,British Columbia,7414089000.0,127.0,2583.4,5.0,4974712,2018-01-01,True,6.2275,2.7508,2.1915,1490.3554,4.355921848330913,2.1588280647648617,1.9416356509996513,6.0,1.8715,0.592,0.2498,-1.0
2018-02-01,Canada,52035465000.0,132.5,18570.3,6.0,36801579,2018-01-01,True,4.3559,2.1588,1.9416,1413.9465,4.355921848330913,2.1588280647648617,1.9416356509996513,6.0,0.0,0.0,0.0,0.0
2018-02-01,Manitoba,1694954000.0,132.6,646.6,6.1,1344198,2018-01-01,True,-2.2134,2.3938,0.513,1260.9407,4.355921848330913,2.1588280647648617,1.9416356509996513,6.0,-6.5694,0.235,-1.4287,0.1
2018-02-01,New Brunswick,1080177000.0,133.5,359.9,8.4,768146,2018-01-01,True,1.664,2.6923,0.0556,1406.2131,4.355921848330913,2.1588280647648617,1.9416356509996513,6.0,-2.6919,0.5335,-1.886,2.4
2018-02-01,Newfoundland and Labrador,773106000.0,137.3,225.3,15.0,529743,2018-01-01,True,-1.424,1.7037,-1.1409,1459.3982,4.355921848330913,2.1588280647648617,1.9416356509996513,6.0,-5.7799,-0.4551,-3.0825,9.0
2018-02-01,Nova Scotia,1394547000.0,134.4,448.7,8.7,956711,2018-01-01,True,7.993,2.2831,1.3782,1457.6471,4.355921848330913,2.1588280647648617,1.9416356509996513,6.0,3.6371,0.1243,-0.5634,2.7
2018-02-01,Ontario,19783552000.0,134.0,7174.2,5.6,14199811,2018-01-01,True,5.772,2.1341,1.9497,1393.2264,4.355921848330913,2.1588280647648617,1.9416356509996513,6.0,1.4161,-0.0247,0.0081,-0.4
2018-02-01,Prince Edward Island,209249000.0,135.4,75.4,10.1,150619,2018-01-01,True,8.5074,2.9658,2.4457,1389.2603,4.355921848330913,2.1588280647648617,1.9416356509996513,6.0,4.1515,0.807,0.504,4.1
2018-02-01,Quebec,10944079000.0,128.5,4227.8,5.9,8338883,2018-01-01,True,3.963,1.5008,2.5891,1312.4155,4.355921848330913,2.1588280647648617,1.9416356509996513,6.0,-0.3929,-0.658,0.6475,-0.1
2018-02-01,Saskatchewan,1684505000.0,136.7,563.6,5.8,1152366,2018-01-01,True,1.4787,2.8593,-0.6347,1461.7795,4.355921848330913,2.1588280647648617,1.9416356509996513,6.0,-2.8772,0.7005,-2.5763,-0.2
2018-03-01,Alberta,6830192000.0,139.9,2273.3,6.2,4263957,2018-01-01,True,1.9946,2.2661,2.5395,1601.8435,4.0241265968486095,2.3094688221708903,2.130307266398046,5.8,-2.0295,-0.0434,0.4092,0.4
2018-03-01,British Columbia,7393743000.0,127.4,2580.4,4.9,4974712,2018-01-01,True,4.9982,2.5765,1.5626,1486.2655,4.0241265968486095,2.3094688221708903,2.130307266398046,5.8,0.974,0.267,-0.5677,-0.9
2018-03-01,Canada,51946965000.0,132.9,18630.1,5.8,36801579,2018-01-01,True,4.0241,2.3095,2.1303,1411.5417,4.0241265968486095,2.3094688221708903,2.130307266398046,5.8,0.0,0.0,0.0,0.0
2018-03-01,Manitoba,1736813000.0,133.0,648.4,6.4,1344198,2018-01-01,True,0.5522,2.3865,0.6363,1292.0812,4.0241265968486095,2.3094688221708903,2.130307266398046,5.8,-3.4719,0.077,-1.494,0.6
2018-03-01,New Brunswick,1060407000.0,133.8,359.9,8.2,768146,2018-01-01,True,0.5318,2.5287,0.1113,1380.4758,4.0241265968486095,2.3094688221708903,2.130307266398046,5.8,-3.4924,0.2193,-2.019,2.4
2018-03-01,Newfoundland and Labrador,773804000.0,137.5,225.8,14.8,529743,2018-01-01,True,0.8445,1.626,-0.6599,1460.7159,4.0241265968486095,2.3094688221708903,2.130307266398046,5.8,-3.1796,-0.6835,-2.7902,9.0
2018-03-01,Nova Scotia,1353712000.0,135.0,448.4,8.3,956711,2018-01-01,True,1.6074,2.4279,0.832,1414.9644,4.0241265968486095,2.3094688221708903,2.130307266398046,5.8,-2.4168,0.1185,-1.2983,2.5
2018-03-01,Ontario,19793528000.0,134.6,7204.7,5.6,14199811,2018-01-01,True,4.7092,2.4353,2.3337,1393.929,4.0241265968486095,2.3094688221708903,2.130307266398046,5.8,0.685,0.1258,0.2034,-0.2
2018-03-01,Prince Edward Island,202365000.0,135.6,75.0,10.6,150619,2018-01-01,True,1.4753,2.4169,1.9022,1343.5556,4.0241265968486095,2.3094688221708903,2.130307266398046,5.8,-2.5489,0.1074,-0.2281,4.8
2018-03-01,Quebec,11075244000.0,128.7,4247.9,5.5,8338883,2018-01-01,True,6.8413,1.5785,2.7651,1328.1448,4.0241265968486095,2.3094688221708903,2.130307266398046,5.8,2.8171,-0.7309,0.6348,-0.3
2018-03-01,Saskatchewan,1552425000.0,136.8,566.4,6.1,1152366,2018-01-01,True,-7.5739,2.8571,1.0887,1347.1631,4.0241265968486095,2.3094688221708903,2.130307266398046,5.8,-11.598,0.5477,-1.0416,0.3
2018-04-01,Alberta,6867732000.0,140.6,2256.1,6.8,4276444,2018-04-01,False,2.017,2.329,1.7728,1605.9446,2.507187161391067,2.223926380368102,1.8684734779658152,5.8,-0.4901,0.105,-0.0956,1.0
2018-04-01,British Columbia,7567765000.0,127.7,2590.4,5.0,4991716,2018-04-01,False,6.6306,2.6527,1.5166,1516.0648,2.507187161391067,2.223926380368102,1.8684734779658152,5.8,4.1234,0.4288,-0.3518,-0.8
2018-04-01,Canada,52101777000.0,133.3,18613.0,5.8,36903671,2018-04-01,False,2.5072,2.2239,1.8685,1411.8318,2.507187161391067,2.223926380368102,1.8684734779658152,5.8,0.0,0.0,0.0,0.0
2018-04-01,Manitoba,1751519000.0,134.0,650.4,6.2,1346916,2018-04-01,False,0.1711,2.9186,0.7279,1300.3922,2.507187161391067,2.223926380368102,1.8684734779658152,5.8,-2.3361,0.6947,-1.1406,0.4
2018-04-01,New Brunswick,1069299000.0,134.1,359.9,8.0,768707,2018-04-01,False,0.195,2.2104,0.2786,1391.0359,2.507187161391067,2.223926380368102,1.8684734779658152,5.8,-2.3122,-0.0136,-1.5898,2.2
2018-04-01,Newfoundland and Labrador,778259000.0,137.7,226.2,14.9,528924,2018-04-01,False,1.8544,1.5487,-0.9632,1471.4004,2.507187161391067,2.223926380368102,1.8684734779658152,5.8,-0.6528,-0.6753,-2.8317,9.1
2018-04-01,Nova Scotia,1400903000.0,135.7,450.2,7.3,957883,2018-04-01,False,4.5547,2.803,1.1231,1462.4991,2.507187161391067,2.223926380368102,1.8684734779658152,5.8,2.0475,0.5791,-0.7454,1.5
2018-04-01,Ontario,19649640000.0,134.8,7209.2,5.3,14251136,2018-04-01,False,2.2236,2.1212,2.2857,1378.8122,2.507187161391067,2.223926380368102,1.8684734779658152,5.8,-0.2836,-0.1027,0.4172,-0.5
2018-04-01,Prince Edward Island,201254000.0,136.1,75.0,11.8,151008,2018-04-01,False,0.1069,2.1772,1.0782,1332.7373,2.507187161391067,2.223926380368102,1.8684734779658152,5.8,-2.4002,-0.0467,-0.7903,6.0
2018-04-01,Quebec,10963794000.0,129.2,4234.7,5.4,8354460,2018-04-01,False,0.945,1.7323,2.2899,1312.3283,2.507187161391067,2.223926380368102,1.8684734779658152,5.8,-1.5622,-0.4916,0.4214,-0.4
2018-04-01,Saskatchewan,1672210000.0,137.5,561.0,6.2,1153530,2018-04-01,False,2.7979,2.459,-0.3198,1449.6459,2.507187161391067,2.223926380368102,1.8684734779658152,5.8,0.2908,0.2351,-2.1883,0.4
2018-05-01,Alberta,7168885000.0,140.7,2270.7,6.2,4276444,2018-04-01,True,5.5045,2.551,2.5795,1676.3659,5.394125142960293,2.2222222222222365,1.6862430308689502,5.9,0.1104,0.3288,0.8933,0.3
2018-05-01,British Columbia,7609988000.0,128.4,2573.7,4.8,4991716,2018-04-01,True,5.2377,2.72,0.1674,1524.5234,5.394125142960293,2.2222222222222365,1.6862430308689502,5.9,-0.1564,0.4978,-1.5189,-1.1
2018-05-01,Canada,53447083000.0,133.4,18621.7,5.9,36903671,2018-04-01,True,5.3941,2.2222,1.6862,1448.2864,5.394125142960293,2.2222222222222365,1.6862430308689502,5.9,0.0,0.0,0.0,0.0
2018-05-01,Manitoba,1773933000.0,133.7,650.8,6.2,1346916,2018-04-01,True,0.9732,2.6882,0.5097,1317.0331,5.394125142960293,2.2222222222222365,1.6862430308689502,5.9,-4.4209,0.4659,-1.1766,0.3
2018-05-01,New Brunswick,1105668000.0,133.9,360.9,7.9,768707,2018-04-01,True,0.214,2.0579,0.6414,1438.3478,5.394125142960293,2.2222222222222365,1.6862430308689502,5.9,-5.1801,-0.1643,-1.0449,2.0
2018-05-01,Newfoundland and Labrador,772133000.0,137.8,226.1,14.5,528924,2018-04-01,True,-0.6951,1.7725,-0.9636,1459.8184,5.394125142960293,2.2222222222222365,1.6862430308689502,5.9,-6.0893,-0.4497,-2.6499,8.6
2018-05-01,Nova Scotia,1396148000.0,135.2,448.2,7.5,957883,2018-04-01,True,2.3626,2.2693,0.2909,1457.535,5.394125142960293,2.2222222222222365,1.6862430308689502,5.9,-3.0315,0.0471,-1.3954,1.6
2018-05-01,Ontario,20168123000.0,134.9,7201.1,5.8,14251136,2018-04-01,True,5.6897,2.2745,1.7234,1415.1941,5.394125142960293,2.2222222222222365,1.6862430308689502,5.9,0.2956,0.0522,0.0371,-0.1
2018-05-01,Prince Edward Island,210235000.0,136.5,75.8,9.5,151008,2018-04-01,True,5.9273,2.4006,1.6086,1392.211,5.394125142960293,2.2222222222222365,1.6862430308689502,5.9,0.5332,0.1784,-0.0777,3.6
2018-05-01,Quebec,11378025000.0,129.3,4253.7,5.3,8354460,2018-04-01,True,7.3673,1.7309,2.9827,1361.9103,5.394125142960293,2.2222222222222365,1.6862430308689502,5.9,1.9732,-0.4913,1.2964,-0.6
2018-05-01,Saskatchewan,1683830000.0,137.9,560.5,6.6,1153530,2018-04-01,True,3.1492,2.9873,-0.691,1459.7193,5.394125142960293,2.2222222222222365,1.6862430308689502,5.9,-2.2449,0.7651,-2.3772,0.7
2018-06-01,Alberta,7007217000.0,140.7,2269.7,6.6,4276444,2018-04-01,True,2.3582,2.7757,2.2618,1638.5616,4.974754654132929,2.4539877300613355,1.6667210990996661,6.0,-2.6166,0.3218,0.595,0.6
2018-06-01,British Columbia,7554814000.0,128.6,2588.0,4.9,4991716,2018-04-01,True,2.2786,2.7157,0.1161,1513.4703,4.974754654132929,2.4539877300613355,1.6667210990996661,6.0,-2.6962,0.2617,-1.5507,-1.1
2018-06-01,Canada,53287940000.0,133.6,18677.6,6.0,36903671,2018-04-01,True,4.9748,2.454,1.6667,1443.974,4.974754654132929,2.4539877300613355,1.6667210990996661,6.0,0.0,0.0,0.0,0.0
2018-06-01,Manitoba,1784074000.0,133.7,654.3,6.0,1346916,2018-04-01,True,5.6138,2.6882,0.9722,1324.5622,4.974754654132929,2.4539877300613355,1.6667210990996661,6.0,0.639,0.2342,-0.6945,0.0
2018-06-01,New Brunswick,1078425000.0,134.0,360.3,8.0,768707,2018-04-01,True,1.7746,2.2121,0.6706,1402.9077,4.974754654132929,2.4539877300613355,1.6667210990996661,6.0,-3.2002,-0.2419,-0.9961,2.0
2018-06-01,Newfoundland and Labrador,751625000.0,138.1,226.8,14.7,528924,2018-04-01,True,-3.7634,2.2963,-0.3077,1421.0454,4.974754654132929,2.4539877300613355,1.6667210990996661,6.0,-8.7382,-0.1577,-1.9744,8.7
2018-06-01,Nova Scotia,1364163000.0,135.3,447.9,7.9,957883,2018-04-01,True,-1.4267,2.1903,0.9466,1424.1437,4.974754654132929,2.4539877300613355,1.6667210990996661,6.0,-6.4014,-0.2637,-0.7201,1.9
2018-06-01,Ontario,20408902000.0,135.3,7239.8,5.9,14251136,2018-04-01,True,7.4427,2.4224,2.1734,1432.0895,4.974754654132929,2.4539877300613355,1.6667210990996661,6.0,2.4679,-0.0316,0.5066,-0.1
2018-06-01,Prince Edward Island,209637000.0,137.3,76.6,9.0,151008,2018-04-01,True,6.8111,2.9235,2.8188,1388.251,4.974754654132929,2.4539877300613355,1.6667210990996661,6.0,1.8363,0.4696,1.1521,3.0
2018-06-01,Quebec,11231527000.0,129.2,4249.7,5.4,8354460,2018-04-01,True,5.7323,1.9732,1.97,1344.375,4.974754654132929,2.4539877300613355,1.6667210990996661,6.0,0.7575,-0.4808,0.3032,-0.6
2018-06-01,Saskatchewan,1714809000.0,137.5,564.5,6.4,1153530,2018-04-01,True,5.1851,2.6886,0.4806,1486.5751,4.974754654132929,2.4539877300613355,1.6667210990996661,6.0,0.2103,0.2346,-1.1861,0.4
2018-07-01,Alberta,6978264000.0,141.8,2275.8,6.9,4292556,2018-07-01,False,2.686,3.5036,3.0893,1625.6664,4.35759333486927,2.9907975460122804,1.8841390244829448,5.9,-1.6716,0.5129,1.2052,1.0
2018-07-01,British Columbia,7506840000.0,129.7,2609.1,4.6,5020979,2018-07-01,False,1.3555,3.2643,1.3007,1495.0949,4.35759333486927,2.9907975460122804,1.8841390244829448,5.9,-3.0021,0.2735,-0.5835,-1.3
2018-07-01,Canada,53096102000.0,134.3,18763.9,5.9,37072620,2018-07-01,False,4.3576,2.9908,1.8841,1432.2188,4.35759333486927,2.9907975460122804,1.8841390244829448,5.9,0.0,0.0,0.0,0.0
2018-07-01,Manitoba,1760379000.0,134.4,654.0,6.0,1352687,2018-07-01,False,3.9085,3.3051,0.1685,1301.3942,4.35759333486927,2.9907975460122804,1.8841390244829448,5.9,-0.4491,0.3144,-1.7157,0.1
2018-07-01,New Brunswick,1112654000.0,134.8,361.3,7.7,770497,2018-07-01,False,4.6897,2.7439,0.389,1444.0731,4.35759333486927,2.9907975460122804,1.8841390244829448,5.9,0.3321,-0.2469,-1.4951,1.8
2018-07-01,Newfoundland and Labrador,773232000.0,139.1,228.7,15.0,528402,2018-07-01,False,2.0371,2.6568,1.3292,1463.3404,4.35759333486927,2.9907975460122804,1.8841390244829448,5.9,-2.3205,-0.334,-0.5549,9.1
2018-07-01,Nova Scotia,1384346000.0,136.0,449.6,8.4,962072,2018-07-01,False,0.4465,2.719,0.8072,1438.9214,4.35759333486927,2.9907975460122804,1.8841390244829448,5.9,-3.9111,-0.2718,-1.077,2.5
2018-07-01,Ontario,20207206000.0,136.0,7306.4,5.5,14326746,2018-07-01,False,6.0453,3.1084,2.4396,1410.4533,4.35759333486927,2.9907975460122804,1.8841390244829448,5.9,1.6877,0.1176,0.5554,-0.4
2018-07-01,Prince Edward Island,209566000.0,138.0,76.4,9.9,152259,2018-07-01,False,3.0492,3.4483,3.3829,1376.3784,4.35759333486927,2.9907975460122804,1.8841390244829448,5.9,-1.3084,0.4575,1.4988,4.0
2018-07-01,Quebec,11271759000.0,129.7,4239.2,5.6,8386951,2018-07-01,False,5.2777,2.3678,1.426,1343.9639,4.35759333486927,2.9907975460122804,1.8841390244829448,5.9,0.9201,-0.623,-0.4582,-0.3
2018-07-01,Saskatchewan,1707628000.0,138.0,563.3,6.3,1156210,2018-07-01,False,3.7287,3.062,-0.0177,1476.9186,4.35759333486927,2.9907975460122804,1.8841390244829448,5.9,-0.6289,0.0712,-1.9019,0.4
2018-08-01,Alberta,6995013000.0,141.6,2290.2,6.7,4292556,2018-07-01,True,3.503,3.0568,3.6618,1629.5683,4.635889790374681,2.8352490421455823,1.4552732637608257,6.0,-1.1329,0.2215,2.2065,0.7
2018-08-01,British Columbia,7521946000.0,129.6,2622.6,4.7,5020979,2018-07-01,True,2.1674,2.9388,1.4232,1498.1035,4.635889790374681,2.8352490421455823,1.4552732637608257,6.0,-2.4685,0.1036,-0.0321,-1.3
2018-08-01,Canada,53376429000.0,134.2,18704.7,6.0,37072620,2018-07-01,True,4.6359,2.8352,1.4553,1439.7803,4.635889790374681,2.8352490421455823,1.4552732637608257,6.0,0.0,0.0,0.0,0.0
2018-08-01,Manitoba,1798816000.0,134.2,657.3,5.6,1352687,2018-07-01,True,4.1497,2.9141,0.6585,1329.8095,4.635889790374681,2.8352490421455823,1.4552732637608257,6.0,-0.4861,0.0789,-0.7968,-0.4
2018-08-01,New Brunswick,1112179000.0,134.7,359.6,8.4,770497,2018-07-01,True,5.2062,2.5895,0.4469,1443.4566,4.635889790374681,2.8352490421455823,1.4552732637608257,6.0,0.5703,-0.2458,-1.0083,2.4
2018-08-01,Newfoundland and Labrador,781314000.0,138.9,228.7,14.2,528402,2018-07-01,True,1.1407,2.5092,1.7349,1478.6356,4.635889790374681,2.8352490421455823,1.4552732637608257,6.0,-3.4952,-0.326,0.2796,8.2
2018-08-01,Nova Scotia,1391138000.0,136.2,452.0,8.3,962072,2018-07-01,True,1.1479,2.7149,1.573,1445.9812,4.635889790374681,2.8352490421455823,1.4552732637608257,6.0,-3.488,-0.1203,0.1178,2.3
2018-08-01,Ontario,20509244000.0,135.9,7226.9,5.8,14326746,2018-07-01,True,6.5905,3.1108,1.2752,1431.5354,4.635889790374681,2.8352490421455823,1.4552732637608257,6.0,1.9546,0.2755,-0.18,-0.2
2018-08-01,Prince Edward Island,210615000.0,137.6,76.3,9.6,152259,2018-07-01,True,5.3723,2.994,2.6918,1383.268,4.635889790374681,2.8352490421455823,1.4552732637608257,6.0,0.7364,0.1588,1.2365,3.6
2018-08-01,Quebec,11231156000.0,129.5,4228.7,5.8,8386951,2018-07-01,True,5.1581,2.2099,0.9959,1339.1226,4.635889790374681,2.8352490421455823,1.4552732637608257,6.0,0.5222,-0.6253,-0.4593,-0.2
2018-08-01,Saskatchewan,1641798000.0,137.6,562.5,6.5,1156210,2018-07-01,True,-1.5651,2.1529,-0.142,1419.9825,4.635889790374681,2.8352490421455823,1.4552732637608257,6.0,-6.201,-0.6823,-1.5973,0.5
2018-09-01,Alberta,7030299000.0,141.1,2293.9,6.9,4292556,2018-07-01,True,2.3269,2.9927,3.3056,1637.7885,5.083323824522945,2.2171253822629744,1.9249017215670294,5.8,-2.7564,0.7756,1.3807,1.1
2018-09-01,British Columbia,7511801000.0,128.9,2645.1,4.1,5020979,2018-07-01,True,1.3984,2.5457,3.3484,1496.0829,5.083323824522945,2.2171253822629744,1.9249017215670294,5.8,-3.6849,0.3286,1.4235,-1.7
2018-09-01,Canada,53634932000.0,133.7,18797.5,5.8,37072620,2018-07-01,True,5.0833,2.2171,1.9249,1446.7532,5.083323824522945,2.2171253822629744,1.9249017215670294,5.8,0.0,0.0,0.0,0.0
2018-09-01,Manitoba,1818321000.0,134.0,655.9,5.7,1352687,2018-07-01,True,6.7898,2.3682,0.8611,1344.2289,5.083323824522945,2.2171253822629744,1.9249017215670294,5.8,1.7065,0.1511,-1.0638,-0.1
2018-09-01,New Brunswick,1138811000.0,134.2,361.4,7.9,770497,2018-07-01,True,4.6791,1.9757,0.9497,1478.0213,5.083323824522945,2.2171253822629744,1.9249017215670294,5.8,-0.4042,-0.2414,-0.9752,2.1
2018-09-01,Newfoundland and Labrador,768373000.0,138.3,229.8,12.7,528402,2018-07-01,True,-2.9697,1.393,2.4064,1454.1448,5.083323824522945,2.2171253822629744,1.9249017215670294,5.8,-8.0531,-0.8242,0.4815,6.9
2018-09-01,Nova Scotia,1374678000.0,135.5,456.2,7.9,962072,2018-07-01,True,0.4096,1.6504,2.4248,1428.8723,5.083323824522945,2.2171253822629744,1.9249017215670294,5.8,-4.6737,-0.5667,0.4999,2.1
2018-09-01,Ontario,20565224000.0,135.2,7288.2,5.7,14326746,2018-07-01,True,7.2593,2.192,1.7692,1435.4428,5.083323824522945,2.2171253822629744,1.9249017215670294,5.8,2.176,-0.0251,-0.1557,-0.1
2018-09-01,Prince Edward Island,211392000.0,136.0,77.3,9.2,152259,2018-07-01,True,5.6031,1.7203,5.0272,1388.3711,5.083323824522945,2.2171253822629744,1.9249017215670294,5.8,0.5197,-0.4969,3.1023,3.4
2018-09-01,Quebec,11341983000.0,129.3,4225.8,5.4,8386951,2018-07-01,True,6.5744,1.7309,0.9267,1352.3369,5.083323824522945,2.2171253822629744,1.9249017215670294,5.8,1.491,-0.4862,-0.9982,-0.4
2018-09-01,Saskatchewan,1686586000.0,137.3,563.8,6.5,1156210,2018-07-01,True,3.8907,1.7791,0.2489,1458.7194,5.083323824522945,2.2171253822629744,1.9249017215670294,5.8,-1.1927,-0.438,-1.676,0.7
2018-10-01,Alberta,6894852000.0,141.4,2293.3,6.8,4311439,2018-10-01,False,-1.2868,2.7616,3.2042,1599.1997,2.5450524738601654,2.444614209320073,1.8392322639661174,5.6,-3.8318,0.317,1.3649,1.2
2018-10-01,British Columbia,7557942000.0,129.4,2635.3,4.2,5052131,2018-10-01,False,-1.4902,3.0255,3.1913,1495.9909,2.5450524738601654,2.444614209320073,1.8392322639661174,5.6,-4.0353,0.5809,1.3521,-1.4
2018-10-01,Canada,53859258000.0,134.1,18814.9,5.6,37259485,2018-10-01,False,2.5451,2.4446,1.8392,1445.518,2.5450524738601654,2.444614209320073,1.8392322639661174,5.6,0.0,0.0,0.0,0.0
2018-10-01,Manitoba,1766504000.0,135.0,655.0,6.2,1357856,2018-10-01,False,0.4594,2.7397,0.4139,1300.9509,2.5450524738601654,2.444614209320073,1.8392322639661174,5.6,-2.0857,0.2951,-1.4253,0.6
2018-10-01,New Brunswick,1121273000.0,135.1,361.2,7.2,772793,2018-10-01,False,1.3744,2.8158,0.0554,1450.9358,2.5450524738601654,2.444614209320073,1.8392322639661174,5.6,-1.1706,0.3712,-1.7838,1.6
2018-10-01,Newfoundland and Labrador,756467000.0,139.0,231.8,11.8,528926,2018-10-01,False,-6.8853,2.1308,2.5664,1430.1944,2.5450524738601654,2.444614209320073,1.8392322639661174,5.6,-9.4303,-0.3138,0.7271,6.2
2018-10-01,Nova Scotia,1390434000.0,136.6,457.4,7.6,967578,2018-10-01,False,-1.1147,2.8614,2.9485,1437.0252,2.5450524738601654,2.444614209320073,1.8392322639661174,5.6,-3.6598,0.4168,1.1092,2.0
2018-10-01,Ontario,20796206000.0,135.6,7292.3,5.5,14413055,2018-10-01,False,6.2715,2.4943,1.6009,1442.8729,2.5450524738601654,2.444614209320073,1.8392322639661174,5.6,3.7264,0.0497,-0.2384,-0.1
2018-10-01,Prince Edward Island,208867000.0,136.9,77.0,9.1,153906,2018-10-01,False,0.3584,2.5468,5.0477,1357.1076,2.5450524738601654,2.444614209320073,1.8392322639661174,5.6,-2.1866,0.1022,3.2085,3.5
2018-10-01,Quebec,11523743000.0,129.4,4245.7,5.0,8418646,2018-10-01,False,3.8066,1.7296,0.9679,1368.8357,2.5450524738601654,2.444614209320073,1.8392322639661174,5.6,1.2615,-0.7151,-0.8713,-0.6
2018-10-01,Saskatchewan,1663185000.0,138.7,566.1,6.3,1159648,2018-10-01,False,-3.5838,2.4372,1.0893,1434.2154,2.5450524738601654,2.444614209320073,1.8392322639661174,5.6,-6.1288,-0.0074,-0.7499,0.7
2018-11-01,Alberta,7013254000.0,140.7,2313.7,6.3,4311439,2018-10-01,True,1.6837,1.6618,3.5213,1626.662,1.605662791365825,1.6755521706016685,1.7190911296191658,5.7,0.078,-0.0137,1.8022,0.6
2018-11-01,British Columbia,7534630000.0,128.9,2647.0,4.7,5052131,2018-10-01,True,0.9019,2.3828,2.4658,1491.3766,1.605662791365825,1.6755521706016685,1.7190911296191658,5.7,-0.7038,0.7073,0.7467,-1.0
2018-11-01,Canada,52976270000.0,133.5,18869.4,5.7,37259485,2018-10-01,True,1.6057,1.6756,1.7191,1421.8197,1.605662791365825,1.6755521706016685,1.7190911296191658,5.7,0.0,0.0,0.0,0.0
2018-11-01,Manitoba,1762589000.0,134.3,657.8,5.8,1357856,2018-10-01,True,-0.1103,1.7424,1.0911,1298.0677,1.605662791365825,1.6755521706016685,1.7190911296191658,5.7,-1.7159,0.0669,-0.628,0.1
2018-11-01,New Brunswick,1089678000.0,134.1,361.1,8.1,772793,2018-10-01,True,-1.4138,1.284,0.473,1410.0516,1.605662791365825,1.6755521706016685,1.7190911296191658,5.7,-3.0195,-0.3916,-1.2461,2.4
2018-11-01,Newfoundland and Labrador,747536000.0,137.8,229.4,12.3,528926,2018-10-01,True,-5.3335,0.8047,1.3251,1413.3092,1.605662791365825,1.6755521706016685,1.7190911296191658,5.7,-6.9392,-0.8709,-0.394,6.6
2018-11-01,Nova Scotia,1322764000.0,135.6,456.0,7.2,967578,2018-10-01,True,-6.7221,1.8018,2.6103,1367.0877,1.605662791365825,1.6755521706016685,1.7190911296191658,5.7,-8.3277,0.1262,0.8912,1.5
2018-11-01,Ontario,20252252000.0,135.1,7289.1,5.7,14413055,2018-10-01,True,3.2044,1.8086,1.1293,1405.1325,1.605662791365825,1.6755521706016685,1.7190911296191658,5.7,1.5987,0.133,-0.5897,0.0
2018-11-01,Prince Edward Island,205706000.0,136.1,76.7,9.7,153906,2018-10-01,True,-1.7181,1.0393,2.5401,1336.5691,1.605662791365825,1.6755521706016685,1.7190911296191658,5.7,-3.3238,-0.6362,0.821,4.0
2018-11-01,Quebec,11207404000.0,128.9,4265.3,5.2,8418646,2018-10-01,True,2.1414,0.9397,1.3545,1331.2597,1.605662791365825,1.6755521706016685,1.7190911296191658,5.7,0.5357,-0.7358,-0.3646,-0.5
2018-11-01,Saskatchewan,1658371000.0,137.9,573.3,5.4,1159648,2018-10-01,True,-3.0436,0.9517,2.2837,1430.0641,1.605662791365825,1.6755521706016685,1.7190911296191658,5.7,-4.6492,-0.7239,0.5646,-0.3
2018-12-01,Alberta,7053815000.0,140.5,2295.3,6.4,4311439,2018-10-01,True,2.6599,2.1076,1.4049,1636.0698,2.0569474549628763,1.9877675840978437,1.4667261019242872,5.6,0.603,0.1198,-0.0618,0.8
2018-12-01,British Columbia,7596712000.0,129.0,2657.1,4.5,5052131,2018-10-01,True,1.0799,3.0351,2.5274,1503.6649,2.0569474549628763,1.9877675840978437,1.4667261019242872,5.6,-0.977,1.0474,1.0607,-1.1
2018-12-01,Canada,53386574000.0,133.4,18892.8,5.6,37259485,2018-10-01,True,2.0569,1.9878,1.4667,1432.8318,2.0569474549628763,1.9877675840978437,1.4667261019242872,5.6,0.0,0.0,0.0,0.0
2018-12-01,Manitoba,1803490000.0,134.3,658.0,5.9,1357856,2018-10-01,True,3.4326,2.1293,1.2152,1328.1894,2.0569474549628763,1.9877675840978437,1.4667261019242872,5.6,1.3756,0.1415,-0.2515,0.3
2018-12-01,New Brunswick,1114144000.0,133.3,357.7,8.5,772793,2018-10-01,True,0.4146,0.9084,-1.4601,1441.7108,2.0569474549628763,1.9877675840978437,1.4667261019242872,5.6,-1.6424,-1.0794,-2.9268,2.9
2018-12-01,Newfoundland and Labrador,763458000.0,136.9,231.0,12.1,528926,2018-10-01,True,-2.6851,0.514,1.807,1443.4117,2.0569474549628763,1.9877675840978437,1.4667261019242872,5.6,-4.742,-1.4738,0.3402,6.5
2018-12-01,Nova Scotia,1386039000.0,134.9,458.6,7.1,967578,2018-10-01,True,-1.1073,1.5813,2.2748,1432.483,2.0569474549628763,1.9877675840978437,1.4667261019242872,5.6,-3.1642,-0.4064,0.808,1.5
2018-12-01,Ontario,20313057000.0,135.0,7307.8,5.5,14413055,2018-10-01,True,3.5532,2.2727,1.4212,1409.3512,2.0569474549628763,1.9877675840978437,1.4667261019242872,5.6,1.4963,0.285,-0.0456,-0.1
2018-12-01,Prince Edward Island,208445000.0,135.3,75.8,10.3,153906,2018-10-01,True,-1.6968,1.3483,0.7979,1354.3657,2.0569474549628763,1.9877675840978437,1.4667261019242872,5.6,-3.7538,-0.6395,-0.6689,4.7
2018-12-01,Quebec,11292835000.0,128.9,4278.5,5.2,8418646,2018-10-01,True,1.2539,1.098,1.1179,1341.4075,2.0569474549628763,1.9877675840978437,1.4667261019242872,5.6,-0.8031,-0.8897,-0.3488,-0.4
2018-12-01,Saskatchewan,1673403000.0,137.4,573.2,5.6,1159648,2018-10-01,True,-2.4859,1.1038,1.5772,1443.0267,2.0569474549628763,1.9877675840978437,1.4667261019242872,5.6,-4.5429,-0.884,0.1104,0.0
2019-01-01,Alberta,6849274000.0,140.5,2292.0,6.6,4324254,2019-01-01,False,-0.9855,1.1519,1.0671,1583.9204,1.2177183696046923,1.4426727410782103,1.8501571853064114,5.7,-2.2032,-0.2908,-0.783,0.9
2019-01-01,British Columbia,7623010000.0,129.1,2669.3,4.7,5061132,2019-01-01,False,3.0361,2.3791,3.3531,1506.1868,1.2177183696046923,1.4426727410782103,1.8501571853064114,5.7,1.8184,0.9364,1.5029,-1.0
2019-01-01,Canada,52907965000.0,133.6,18920.5,5.7,37336956,2019-01-01,False,1.2177,1.4427,1.8502,1417.0401,1.2177183696046923,1.4426727410782103,1.8501571853064114,5.7,0.0,0.0,0.0,0.0
2019-01-01,Manitoba,1780119000.0,134.1,661.5,5.9,1361737,2019-01-01,False,-3.1746,1.3605,1.8789,1307.2414,1.2177183696046923,1.4426727410782103,1.8501571853064114,5.7,-4.3923,-0.0821,0.0288,0.2
2019-01-01,New Brunswick,1089235000.0,134.0,359.8,8.2,773059,2019-01-01,False,0.797,1.1321,0.7279,1408.9934,1.2177183696046923,1.4426727410782103,1.8501571853064114,5.7,-0.4207,-0.3106,-1.1223,2.5
2019-01-01,Newfoundland and Labrador,753576000.0,137.0,235.5,11.7,528326,2019-01-01,False,-1.2277,0.1462,4.8531,1426.3466,1.2177183696046923,1.4426727410782103,1.8501571853064114,5.7,-2.4455,-1.2965,3.0029,6.0
2019-01-01,Nova Scotia,1398788000.0,135.0,459.9,7.4,968724,2019-01-01,False,2.6607,1.1236,3.0704,1443.9489,1.2177183696046923,1.4426727410782103,1.8501571853064114,5.7,1.443,-0.3191,1.2202,1.7
2019-01-01,Ontario,20208460000.0,135.2,7322.6,5.6,14449986,2019-01-01,False,1.8485,1.5015,2.0984,1398.5107,1.2177183696046923,1.4426727410782103,1.8501571853064114,5.7,0.6307,0.0588,0.2483,-0.1
2019-01-01,Prince Edward Island,206503000.0,135.0,76.0,10.1,153881,2019-01-01,False,-0.7717,0.4464,1.8767,1341.9655,1.2177183696046923,1.4426727410782103,1.8501571853064114,5.7,-1.9894,-0.9962,0.0265,4.4
2019-01-01,Quebec,11163366000.0,129.1,4272.5,5.2,8430363,2019-01-01,False,1.686,1.0172,0.8236,1324.1857,1.2177183696046923,1.4426727410782103,1.8501571853064114,5.7,0.4682,-0.4255,-1.0266,-0.5
2019-01-01,Saskatchewan,1651713000.0,137.4,571.4,5.5,1161529,2019-01-01,False,-2.8154,0.7331,1.1865,1422.0162,1.2177183696046923,1.4426727410782103,1.8501571853064114,5.7,-4.0331,-0.7095,-0.6637,-0.2
2019-02-01,Alberta,6846332000.0,142.0,2288.8,7.3,4324254,2019-01-01,True,-0.5519,1.6464,1.0329,1583.24,1.8487717943906246,1.5094339622641506,2.1292063133067307,5.8,-2.4006,0.137,-1.0963,1.5
2019-02-01,British Columbia,7460788000.0,129.8,2677.3,4.6,5061132,2019-01-01,True,0.6299,2.2047,3.6347,1474.1342,1.8487717943906246,1.5094339622641506,2.1292063133067307,5.8,-1.2189,0.6953,1.5055,-1.2
2019-02-01,Canada,52997482000.0,134.5,18965.7,5.8,37336956,2019-01-01,True,1.8488,1.5094,2.1292,1419.4377,1.8487717943906246,1.5094339622641506,2.1292063133067307,5.8,0.0,0.0,0.0,0.0
2019-02-01,Manitoba,1801391000.0,135.2,659.0,5.6,1361737,2019-01-01,True,6.2796,1.9608,1.9177,1322.8626,1.8487717943906246,1.5094339622641506,2.1292063133067307,5.8,4.4309,0.4514,-0.2115,-0.2
2019-02-01,New Brunswick,1096385000.0,134.7,360.3,8.8,773059,2019-01-01,True,1.5005,0.8989,0.1111,1418.2423,1.8487717943906246,1.5094339622641506,2.1292063133067307,5.8,-0.3483,-0.6106,-2.0181,3.0
2019-02-01,Newfoundland and Labrador,747311000.0,138.0,234.3,12.1,528326,2019-01-01,True,-3.3365,0.5098,3.9947,1414.4884,1.8487717943906246,1.5094339622641506,2.1292063133067307,5.8,-5.1853,-0.9996,1.8655,6.3
2019-02-01,Nova Scotia,1365649000.0,135.7,458.9,7.1,968724,2019-01-01,True,-2.0722,0.9673,2.2732,1409.74,1.8487717943906246,1.5094339622641506,2.1292063133067307,5.8,-3.921,-0.5422,0.144,1.3
2019-02-01,Ontario,20303537000.0,136.0,7358.8,5.6,14449986,2019-01-01,True,2.6284,1.4925,2.5731,1405.0904,1.8487717943906246,1.5094339622641506,2.1292063133067307,5.8,0.7796,-0.0169,0.4439,-0.2
2019-02-01,Prince Edward Island,209353000.0,135.9,76.4,9.9,153881,2019-01-01,True,0.0497,0.3693,1.3263,1360.4863,1.8487717943906246,1.5094339622641506,2.1292063133067307,5.8,-1.7991,-1.1402,-0.8029,4.1
2019-02-01,Quebec,11300910000.0,130.2,4282.2,5.2,8430363,2019-01-01,True,3.2605,1.323,1.2867,1340.501,1.8487717943906246,1.5094339622641506,2.1292063133067307,5.8,1.4117,-0.1865,-0.8425,-0.6
2019-02-01,Saskatchewan,1682914000.0,138.5,569.9,5.9,1161529,2019-01-01,True,-0.0944,1.3168,1.1178,1448.8782,1.8487717943906246,1.5094339622641506,2.1292063133067307,5.8,-1.9432,-0.1927,-1.0114,0.1
2019-03-01,Alberta,7004759000.0,143.1,2281.5,6.9,4324254,2019-01-01,True,2.5558,2.2873,0.3607,1619.8769,3.235567275200779,1.8811136192625977,1.6253267561634255,5.8,-0.6798,0.4062,-1.2646,1.1
2019-03-01,British Columbia,7637540000.0,130.7,2671.5,4.8,5061132,2019-01-01,True,3.2973,2.5903,3.5305,1509.0577,3.235567275200779,1.8811136192625977,1.6253267561634255,5.8,0.0618,0.7092,1.9051,-1.0
2019-03-01,Canada,53627744000.0,135.4,18932.9,5.8,37336956,2019-01-01,True,3.2356,1.8811,1.6253,1436.3181,3.235567275200779,1.8811136192625977,1.6253267561634255,5.8,0.0,0.0,0.0,0.0
2019-03-01,Manitoba,1798062000.0,136.1,660.3,5.3,1361737,2019-01-01,True,3.5265,2.3308,1.8353,1320.418,3.235567275200779,1.8811136192625977,1.6253267561634255,5.8,0.2909,0.4497,0.21,-0.5
2019-03-01,New Brunswick,1127838000.0,135.9,362.4,8.1,773059,2019-01-01,True,6.359,1.5695,0.6946,1458.9287,3.235567275200779,1.8811136192625977,1.6253267561634255,5.8,3.1234,-0.3116,-0.9307,2.3
2019-03-01,Newfoundland and Labrador,787285000.0,139.1,233.8,12.3,528326,2019-01-01,True,1.7422,1.1636,3.543,1490.15,3.235567275200779,1.8811136192625977,1.6253267561634255,5.8,-1.4934,-0.7175,1.9176,6.5
2019-03-01,Nova Scotia,1413303000.0,136.8,459.8,6.9,968724,2019-01-01,True,4.402,1.3333,2.5424,1458.9326,3.235567275200779,1.8811136192625977,1.6253267561634255,5.8,1.1665,-0.5478,0.917,1.1
2019-03-01,Ontario,20332648000.0,137.0,7344.4,5.9,14449986,2019-01-01,True,2.7237,1.7831,1.939,1407.105,3.235567275200779,1.8811136192625977,1.6253267561634255,5.8,-0.5118,-0.0981,0.3137,0.1
2019-03-01,Prince Edward Island,215656000.0,137.0,77.2,9.4,153881,2019-01-01,True,6.5678,1.0324,2.9333,1401.4466,3.235567275200779,1.8811136192625977,1.6253267561634255,5.8,3.3323,-0.8487,1.308,3.6
2019-03-01,Quebec,11428147000.0,131.0,4267.3,5.3,8430363,2019-01-01,True,3.1864,1.7871,0.4567,1355.5937,3.235567275200779,1.8811136192625977,1.6253267561634255,5.8,-0.0492,-0.094,-1.1686,-0.5
2019-03-01,Saskatchewan,1695987000.0,139.2,574.9,5.1,1161529,2019-01-01,True,9.2476,1.7544,1.5007,1460.1332,3.235567275200779,1.8811136192625977,1.6253267561634255,5.8,6.012,-0.1267,-0.1246,-0.7
2019-04-01,Alberta,7094556000.0,143.7,2313.5,6.5,4337569,2019-04-01,False,3.3027,2.2048,2.5442,1635.6065,3.2326978022265918,2.025506376594133,2.3676999946274258,5.7,0.0701,0.1793,0.1765,0.8
2019-04-01,British Columbia,7542317000.0,131.2,2678.7,4.7,5080515,2019-04-01,False,-0.3363,2.7408,3.4087,1484.5576,3.2326978022265918,2.025506376594133,2.3676999946274258,5.7,-3.569,0.7153,1.041,-1.0
2019-04-01,Canada,53786070000.0,136.0,19053.7,5.7,37437243,2019-04-01,False,3.2327,2.0255,2.3677,1436.6995,3.2326978022265918,2.025506376594133,2.3676999946274258,5.7,0.0,0.0,0.0,0.0
2019-04-01,Manitoba,1810109000.0,137.1,662.8,5.1,1364666,2019-04-01,False,3.3451,2.3134,1.9065,1326.4117,3.2326978022265918,2.025506376594133,2.3676999946274258,5.7,0.1124,0.2879,-0.4612,-0.6
2019-04-01,New Brunswick,1114457000.0,136.4,358.6,8.2,774277,2019-04-01,False,4.2231,1.7151,-0.3612,1439.3518,3.2326978022265918,2.025506376594133,2.3676999946274258,5.7,0.9904,-0.3104,-2.7289,2.5
2019-04-01,Newfoundland and Labrador,736408000.0,139.7,233.0,11.9,527993,2019-04-01,False,-5.3775,1.4524,3.0062,1394.7306,3.2326978022265918,2.025506376594133,2.3676999946274258,5.7,-8.6102,-0.5731,0.6385,6.2
2019-04-01,Nova Scotia,1409972000.0,137.4,459.6,7.4,970680,2019-04-01,False,0.6474,1.2528,2.088,1452.5611,3.2326978022265918,2.025506376594133,2.3676999946274258,5.7,-2.5853,-0.7727,-0.2797,1.7
2019-04-01,Ontario,20709633000.0,137.4,7381.4,5.9,14493612,2019-04-01,False,5.3945,1.9288,2.3886,1428.88,3.2326978022265918,2.025506376594133,2.3676999946274258,5.7,2.1618,-0.0967,0.0209,0.2
2019-04-01,Prince Edward Island,215172000.0,137.8,77.7,9.2,154409,2019-04-01,False,6.9156,1.2491,3.6,1393.5198,3.2326978022265918,2.025506376594133,2.3676999946274258,5.7,3.6829,-0.7764,1.2323,3.5
2019-04-01,Quebec,11247295000.0,131.5,4313.0,4.8,8447632,2019-04-01,False,2.5858,1.7802,1.849,1331.4139,3.2326978022265918,2.025506376594133,2.3676999946274258,5.7,-0.6469,-0.2453,-0.5187,-0.9
2019-04-01,Saskatchewan,1718868000.0,140.6,575.4,5.4,1161787,2019-04-01,False,2.7902,2.2545,2.5668,1479.5036,3.2326978022265918,2.025506376594133,2.3676999946274258,5.7,-0.4425,0.229,0.1991,-0.3
2019-05-01,Alberta,7032082000.0,144.0,2306.6,6.7,4337569,2019-04-01,True,-1.9083,2.3454,1.581,1621.2035,1.2086403293515513,2.398800599700146,2.3929071996648954,5.5,-3.1169,-0.0534,-0.8119,1.2
2019-05-01,British Columbia,7631488000.0,131.8,2698.5,4.6,5080515,2019-04-01,True,0.2825,2.648,4.8491,1502.1091,1.2086403293515513,2.398800599700146,2.3929071996648954,5.5,-0.9261,0.2492,2.4561,-0.9
2019-05-01,Canada,54093066000.0,136.6,19067.3,5.5,37437243,2019-04-01,True,1.2086,2.3988,2.3929,1444.8998,1.2086403293515513,2.398800599700146,2.3929071996648954,5.5,0.0,0.0,0.0,0.0
2019-05-01,Manitoba,1790053000.0,137.5,662.3,5.1,1364666,2019-04-01,True,0.9087,2.8422,1.7671,1311.7151,1.2086403293515513,2.398800599700146,2.3929071996648954,5.5,-0.2999,0.4434,-0.6259,-0.4
2019-05-01,New Brunswick,1104408000.0,136.7,362.5,7.7,774277,2019-04-01,True,-0.114,2.0911,0.4433,1426.3732,1.2086403293515513,2.398800599700146,2.3929071996648954,5.5,-1.3226,-0.3077,-1.9496,2.2
2019-05-01,Newfoundland and Labrador,741629000.0,140.0,230.7,12.4,527993,2019-04-01,True,-3.9506,1.5965,2.0345,1404.619,1.2086403293515513,2.398800599700146,2.3929071996648954,5.5,-5.1593,-0.8023,-0.3584,6.9
2019-05-01,Nova Scotia,1394098000.0,137.8,465.3,7.1,970680,2019-04-01,True,-0.1468,1.9231,3.8153,1436.2076,1.2086403293515513,2.398800599700146,2.3929071996648954,5.5,-1.3555,-0.4757,1.4224,1.6
2019-05-01,Ontario,20829825000.0,138.1,7403.4,5.2,14493612,2019-04-01,True,3.2809,2.3721,2.8093,1437.1728,1.2086403293515513,2.398800599700146,2.3929071996648954,5.5,2.0723,-0.0267,0.4164,-0.3
2019-05-01,Prince Edward Island,208062000.0,138.2,77.3,8.7,154409,2019-04-01,True,-1.0336,1.2454,1.9789,1347.4733,1.2086403293515513,2.398800599700146,2.3929071996648954,5.5,-2.2422,-1.1534,-0.414,3.2
2019-05-01,Quebec,11467525000.0,132.4,4287.8,5.0,8447632,2019-04-01,True,0.7866,2.3975,0.8017,1357.484,1.2086403293515513,2.398800599700146,2.3929071996648954,5.5,-0.422,-0.0013,-1.5913,-0.5
2019-05-01,Saskatchewan,1706809000.0,140.8,573.0,5.3,1161787,2019-04-01,True,1.3647,2.103,2.2302,1469.1239,1.2086403293515513,2.398800599700146,2.3929071996648954,5.5,0.156,-0.2958,-0.1628,-0.2
2019-06-01,Alberta,6959217000.0,142.7,2312.5,6.7,4337569,2019-04-01,True,-0.685,1.4215,1.8857,1604.4049,0.9648412004667373,2.020958083832358,2.146956782456,5.6,-1.6498,-0.5995,-0.2612,1.1
2019-06-01,British Columbia,7510125000.0,131.9,2695.3,4.8,5080515,2019-04-01,True,-0.5915,2.5661,4.1461,1478.2212,0.9648412004667373,2.020958083832358,2.146956782456,5.6,-1.5564,0.5451,1.9991,-0.8
2019-06-01,Canada,53802084000.0,136.3,19078.6,5.6,37437243,2019-04-01,True,0.9648,2.021,2.147,1437.1273,0.9648412004667373,2.020958083832358,2.146956782456,5.6,0.0,0.0,0.0,0.0
2019-06-01,Manitoba,1783362000.0,137.3,661.6,5.5,1364666,2019-04-01,True,-0.0399,2.6926,1.1157,1306.8121,0.9648412004667373,2.020958083832358,2.146956782456,5.6,-1.0047,0.6716,-1.0313,-0.1
2019-06-01,New Brunswick,1121287000.0,136.3,362.2,8.4,774277,2019-04-01,True,3.9745,1.7164,0.5273,1448.1729,0.9648412004667373,2.020958083832358,2.146956782456,5.6,3.0097,-0.3045,-1.6196,2.8
2019-06-01,Newfoundland and Labrador,759945000.0,139.4,230.1,12.8,527993,2019-04-01,True,1.1069,0.9413,1.455,1439.3089,0.9648412004667373,2.020958083832358,2.146956782456,5.6,0.1421,-1.0796,-0.6919,7.2
2019-06-01,Nova Scotia,1413255000.0,137.4,467.1,7.1,970680,2019-04-01,True,3.5987,1.5521,4.2867,1455.9433,0.9648412004667373,2.020958083832358,2.146956782456,5.6,2.6338,-0.4689,2.1397,1.5
2019-06-01,Ontario,20895556000.0,138.0,7403.6,5.3,14493612,2019-04-01,True,2.3845,1.9956,2.2625,1441.708,0.9648412004667373,2.020958083832358,2.146956782456,5.6,1.4197,-0.0254,0.1155,-0.3
2019-06-01,Prince Edward Island,213808000.0,138.0,77.8,9.3,154409,2019-04-01,True,1.9896,0.5098,1.5666,1384.6861,0.9648412004667373,2.020958083832358,2.146956782456,5.6,1.0248,-1.5111,-0.5804,3.7
2019-06-01,Quebec,11312376000.0,132.0,4293.4,4.9,8447632,2019-04-01,True,0.7198,2.1672,1.0283,1339.118,0.9648412004667373,2.020958083832358,2.146956782456,5.6,-0.245,0.1462,-1.1186,-0.7
2019-06-01,Saskatchewan,1648872000.0,140.2,574.9,5.1,1161787,2019-04-01,True,-3.8452,1.9636,1.8423,1419.255,0.9648412004667373,2.020958083832358,2.146956782456,5.6,-4.81,-0.0573,-0.3046,-0.5
2019-07-01,Alberta,7022772000.0,143.6,2314.4,7.1,4355377,2019-07-01,False,0.6378,1.2694,1.6961,1612.4372,2.4217559322904814,2.010424422933732,1.6441144964532972,5.7,-1.7839,-0.741,0.052,1.4
2019-07-01,British Columbia,7551448000.0,132.4,2685.4,4.7,5111022,2019-07-01,False,0.5942,2.0817,2.9244,1477.483,2.4217559322904814,2.010424422933732,1.6441144964532972,5.7,-1.8275,0.0713,1.2803,-1.0
2019-07-01,Canada,54381960000.0,137.0,19072.4,5.7,37618495,2019-07-01,False,2.4218,2.0104,1.6441,1445.6176,2.4217559322904814,2.010424422933732,1.6441144964532972,5.7,0.0,0.0,0.0,0.0
2019-07-01,Manitoba,1798179000.0,137.4,660.0,5.8,1370033,2019-07-01,False,2.1473,2.2321,0.9174,1312.5078,2.4217559322904814,2.010424422933732,1.6441144964532972,5.7,-0.2745,0.2217,-0.7267,0.1
2019-07-01,New Brunswick,1099595000.0,137.1,358.5,9.2,777387,2019-07-01,False,-1.1737,1.7062,-0.775,1414.4757,2.4217559322904814,2.010424422933732,1.6441144964532972,5.7,-3.5954,-0.3042,-2.4191,3.5
2019-07-01,Newfoundland and Labrador,780380000.0,140.1,231.8,12.7,527643,2019-07-01,False,0.9244,0.7189,1.3555,1478.9924,2.4217559322904814,2.010424422933732,1.6441144964532972,5.7,-1.4973,-1.2915,-0.2886,7.0
2019-07-01,Nova Scotia,1445191000.0,138.5,465.2,7.5,975799,2019-07-01,False,4.3952,1.8382,3.4698,1481.0335,2.4217559322904814,2.010424422933732,1.6441144964532972,5.7,1.9735,-0.1722,1.8256,1.8
2019-07-01,Ontario,21159166000.0,138.8,7391.8,5.7,14573565,2019-07-01,False,4.711,2.0588,1.1688,1451.8868,2.4217559322904814,2.010424422933732,1.6441144964532972,5.7,2.2892,0.0484,-0.4753,0.0
2019-07-01,Prince Edward Island,222219000.0,139.5,78.6,8.8,155792,2019-07-01,False,6.0377,1.087,2.8796,1426.3826,2.4217559322904814,2.010424422933732,1.6441144964532972,5.7,3.616,-0.9235,1.2355,3.1
2019-07-01,Quebec,11435129000.0,132.6,4313.7,4.8,8483186,2019-07-01,False,1.4494,2.2359,1.7574,1347.9757,2.4217559322904814,2.010424422933732,1.6441144964532972,5.7,-0.9724,0.2255,0.1133,-0.9
2019-07-01,Saskatchewan,1683092000.0,140.7,572.9,5.6,1164223,2019-07-01,False,-1.4368,1.9565,1.7042,1445.6784,2.4217559322904814,2.010424422933732,1.6441144964532972,5.7,-3.8586,-0.0539,0.0601,-0.1
2019-08-01,Alberta,7003906000.0,143.4,2298.3,7.6,4355377,2019-07-01,True,0.1271,1.2712,0.3537,1608.1056,1.824316497456202,1.9374068554396606,2.294610445503009,5.7,-1.6972,-0.6662,-1.9409,1.9
2019-08-01,British Columbia,7674922000.0,132.2,2684.2,5.0,5111022,2019-07-01,True,2.0337,2.0062,2.3488,1501.6414,1.824316497456202,1.9374068554396606,2.294610445503009,5.7,0.2094,0.0688,0.0542,-0.7
2019-08-01,Canada,54350184000.0,136.8,19133.9,5.7,37618495,2019-07-01,True,1.8243,1.9374,2.2946,1444.773,1.824316497456202,1.9374068554396606,2.294610445503009,5.7,0.0,0.0,0.0,0.0
2019-08-01,Manitoba,1780389000.0,137.3,662.8,5.2,1370033,2019-07-01,True,-1.0244,2.31,0.8368,1299.5227,1.824316497456202,1.9374068554396606,2.294610445503009,5.7,-2.8487,0.3726,-1.4579,-0.5
2019-08-01,New Brunswick,1144392000.0,137.4,364.4,8.5,777387,2019-07-01,True,2.8964,2.0045,1.3348,1472.1008,1.824316497456202,1.9374068554396606,2.294610445503009,5.7,1.0721,0.067,-0.9598,2.8
2019-08-01,Newfoundland and Labrador,780742000.0,139.9,230.5,13.1,527643,2019-07-01,True,-0.0732,0.7199,0.7871,1479.6785,1.824316497456202,1.9374068554396606,2.294610445503009,5.7,-1.8975,-1.2175,-1.5076,7.4
2019-08-01,Nova Scotia,1417554000.0,138.4,465.2,8.0,975799,2019-07-01,True,1.8989,1.6153,2.9204,1452.7111,1.824316497456202,1.9374068554396606,2.294610445503009,5.7,0.0746,-0.3221,0.6257,2.3
2019-08-01,Ontario,21038507000.0,138.5,7446.6,5.6,14573565,2019-07-01,True,2.5806,1.9132,3.04,1443.6074,1.824316497456202,1.9374068554396606,2.294610445503009,5.7,0.7563,-0.0242,0.7454,-0.1
2019-08-01,Prince Edward Island,226375000.0,138.8,78.0,9.0,155792,2019-07-01,True,7.4828,0.8721,2.228,1453.0592,1.824316497456202,1.9374068554396606,2.294610445503009,5.7,5.6585,-1.0653,-0.0666,3.3
2019-08-01,Quebec,11394962000.0,132.4,4329.0,4.6,8483186,2019-07-01,True,1.4585,2.2394,2.3719,1343.2409,1.824316497456202,1.9374068554396606,2.294610445503009,5.7,-0.3658,0.302,0.0773,-1.1
2019-08-01,Saskatchewan,1700700000.0,140.2,574.9,5.3,1164223,2019-07-01,True,3.5877,1.8895,2.2044,1460.8026,1.824316497456202,1.9374068554396606,2.294610445503009,5.7,1.7633,-0.0479,-0.0902,-0.4
2019-09-01,Alberta,6851074000.0,142.9,2308.9,6.6,4355377,2019-07-01,True,-2.5493,1.2757,0.6539,1573.0151,1.357907939549552,1.8698578908002972,1.8369464024471371,5.6,-3.9072,-0.5942,-1.183,1.0
2019-09-01,British Columbia,7613130000.0,132.0,2669.8,5.0,5111022,2019-07-01,True,1.3489,2.405,0.9338,1489.5514,1.357907939549552,1.8698578908002972,1.8369464024471371,5.6,-0.009,0.5351,-0.9031,-0.6
2019-09-01,Canada,54363245000.0,136.2,19142.8,5.6,37618495,2019-07-01,True,1.3579,1.8699,1.8369,1445.1201,1.357907939549552,1.8698578908002972,1.8369464024471371,5.6,0.0,0.0,0.0,0.0
2019-09-01,Manitoba,1764511000.0,136.9,663.6,5.0,1370033,2019-07-01,True,-2.9593,2.1642,1.174,1287.9332,1.357907939549552,1.8698578908002972,1.8369464024471371,5.6,-4.3172,0.2943,-0.663,-0.6
2019-09-01,New Brunswick,1110824000.0,136.6,363.2,8.0,777387,2019-07-01,True,-2.4576,1.7884,0.4981,1428.9202,1.357907939549552,1.8698578908002972,1.8369464024471371,5.6,-3.8155,-0.0815,-1.3389,2.4
2019-09-01,Newfoundland and Labrador,779402000.0,139.0,230.2,11.4,527643,2019-07-01,True,1.4354,0.5061,0.1741,1477.1389,1.357907939549552,1.8698578908002972,1.8369464024471371,5.6,0.0775,-1.3637,-1.6629,5.8
2019-09-01,Nova Scotia,1429428000.0,138.4,466.9,7.3,975799,2019-07-01,True,3.9828,2.1402,2.3455,1464.8795,1.357907939549552,1.8698578908002972,1.8369464024471371,5.6,2.6248,0.2704,0.5085,1.7
2019-09-01,Ontario,21167994000.0,137.5,7458.7,5.5,14573565,2019-07-01,True,2.931,1.7012,2.3394,1452.4925,1.357907939549552,1.8698578908002972,1.8369464024471371,5.6,1.5731,-0.1687,0.5025,-0.1
2019-09-01,Prince Edward Island,219114000.0,138.2,79.2,8.4,155792,2019-07-01,True,3.6529,1.6176,2.458,1406.4522,1.357907939549552,1.8698578908002972,1.8369464024471371,5.6,2.295,-0.2522,0.621,2.8
2019-09-01,Quebec,11533892000.0,132.1,4324.2,5.1,8483186,2019-07-01,True,1.692,2.1655,2.3286,1359.618,1.357907939549552,1.8698578908002972,1.8369464024471371,5.6,0.3341,0.2956,0.4916,-0.5
2019-09-01,Saskatchewan,1706608000.0,139.7,578.2,5.5,1164223,2019-07-01,True,1.1871,1.748,2.5541,1465.8772,1.357907939549552,1.8698578908002972,1.8369464024471371,5.6,-0.1708,-0.1219,0.7172,-0.1
2019-10-01,Alberta,6934850000.0,143.6,2311.7,6.7,4376860,2019-10-01,False,0.5801,1.5559,0.8023,1584.435,-0.4340720772647799,1.8642803877703118,1.6795199549293427,5.6,1.0142,-0.3084,-0.8772,1.1
2019-10-01,British Columbia,7600067000.0,132.2,2689.7,4.9,5148047,2019-10-01,False,0.5574,2.1638,2.0643,1476.301,-0.4340720772647799,1.8642803877703118,1.6795199549293427,5.6,0.9914,0.2996,0.3848,-0.7
2019-10-01,Canada,53625470000.0,136.6,19130.9,5.6,37828162,2019-10-01,False,-0.4341,1.8643,1.6795,1417.6071,-0.4340720772647799,1.8642803877703118,1.6795199549293427,5.6,0.0,0.0,0.0,0.0
2019-10-01,Manitoba,1780268000.0,138.0,661.9,5.3,1373884,2019-10-01,False,0.7792,2.2222,1.0534,1295.7921,-0.4340720772647799,1.8642803877703118,1.6795199549293427,5.6,1.2132,0.3579,-0.6261,-0.3
2019-10-01,New Brunswick,1147604000.0,136.8,360.7,8.3,780907,2019-10-01,False,2.3483,1.2583,-0.1384,1469.5783,-0.4340720772647799,1.8642803877703118,1.6795199549293427,5.6,2.7824,-0.606,-1.8179,2.7
2019-10-01,Newfoundland and Labrador,802997000.0,139.7,229.5,12.0,528442,2019-10-01,False,6.151,0.5036,-0.9922,1519.5556,-0.4340720772647799,1.8642803877703118,1.6795199549293427,5.6,6.585,-1.3607,-2.6718,6.4
2019-10-01,Nova Scotia,1401457000.0,138.0,467.3,7.8,982592,2019-10-01,False,0.7928,1.0249,2.1644,1426.2858,-0.4340720772647799,1.8642803877703118,1.6795199549293427,5.6,1.2268,-0.8394,0.4849,2.2
2019-10-01,Ontario,20499721000.0,137.9,7444.6,5.5,14666727,2019-10-01,False,-1.4257,1.6962,2.0885,1397.7025,-0.4340720772647799,1.8642803877703118,1.6795199549293427,5.6,-0.9916,-0.1681,0.409,-0.1
2019-10-01,Prince Edward Island,216052000.0,138.4,79.5,7.9,157025,2019-10-01,False,3.44,1.0957,3.2468,1375.9083,-0.4340720772647799,1.8642803877703118,1.6795199549293427,5.6,3.8741,-0.7686,1.5672,2.3
2019-10-01,Quebec,11370798000.0,132.4,4308.4,5.1,8521542,2019-10-01,False,-1.3272,2.3184,1.4768,1334.3592,-0.4340720772647799,1.8642803877703118,1.6795199549293427,5.6,-0.8931,0.4541,-0.2027,-0.5
2019-10-01,Saskatchewan,1684257000.0,140.9,577.5,5.3,1167271,2019-10-01,False,1.267,1.5862,2.0138,1442.9014,-0.4340720772647799,1.8642803877703118,1.6795199549293427,5.6,1.701,-0.2781,0.3343,-0.3
2019-11-01,Alberta,6833655000.0,143.6,2305.0,7.2,4376860,2019-10-01,True,-2.5609,2.0611,-0.376,1561.3145,2.0084917265787094,2.1722846441947663,1.2051257591656261,5.9,-4.5693,-0.1112,-1.5811,1.3
2019-11-01,British Columbia,7631816000.0,131.8,2676.0,5.2,5148047,2019-10-01,True,1.2899,2.2498,1.0956,1482.4682,2.0084917265787094,2.1722846441947663,1.2051257591656261,5.9,-0.7186,0.0775,-0.1095,-0.7
2019-11-01,Canada,54040294000.0,136.4,19096.8,5.9,37828162,2019-10-01,True,2.0085,2.1723,1.2051,1428.5731,2.0084917265787094,2.1722846441947663,1.2051257591656261,5.9,0.0,0.0,0.0,0.0
2019-11-01,Manitoba,1772016000.0,137.6,661.4,5.6,1373884,2019-10-01,True,0.5348,2.4572,0.5473,1289.7857,2.0084917265787094,2.1722846441947663,1.2051257591656261,5.9,-1.4737,0.2849,-0.6578,-0.3
2019-11-01,New Brunswick,1138206000.0,137.3,361.1,7.9,780907,2019-10-01,True,4.4534,2.3863,0.0,1457.5436,2.0084917265787094,2.1722846441947663,1.2051257591656261,5.9,2.4449,0.214,-1.2051,2.0
2019-11-01,Newfoundland and Labrador,768645000.0,139.9,228.0,12.3,528442,2019-10-01,True,2.8238,1.5239,-0.6103,1454.5494,2.0084917265787094,2.1722846441947663,1.2051257591656261,5.9,0.8153,-0.6483,-1.8154,6.4
2019-11-01,Nova Scotia,1408389000.0,138.4,465.0,8.3,982592,2019-10-01,True,6.4732,2.0649,1.9737,1433.3406,2.0084917265787094,2.1722846441947663,1.2051257591656261,5.9,4.4647,-0.1074,0.7686,2.4
2019-11-01,Ontario,21026654000.0,137.7,7471.4,5.5,14666727,2019-10-01,True,3.8238,1.9245,2.501,1433.6296,2.0084917265787094,2.1722846441947663,1.2051257591656261,5.9,1.8153,-0.2478,1.2959,-0.4
2019-11-01,Prince Edward Island,215800000.0,139.0,79.1,7.6,157025,2019-10-01,True,4.907,2.1308,3.1291,1374.3035,2.0084917265787094,2.1722846441947663,1.2051257591656261,5.9,2.8985,-0.0415,1.9239,1.7
2019-11-01,Quebec,11402632000.0,132.4,4273.0,5.5,8521542,2019-10-01,True,1.742,2.7153,0.1805,1338.0949,2.0084917265787094,2.1722846441947663,1.2051257591656261,5.9,-0.2665,0.543,-1.0246,-0.4
2019-11-01,Saskatchewan,1660538000.0,140.5,576.7,6.4,1167271,2019-10-01,True,0.1307,1.8854,0.5931,1422.5814,2.0084917265787094,2.1722846441947663,1.2051257591656261,5.9,-1.8778,-0.2869,-0.6121,0.5
2019-12-01,Alberta,7069474000.0,143.7,2309.1,7.0,4376860,2019-10-01,True,0.222,2.2776,0.6012,1615.1931,3.6775013882703877,2.2488755622188883,1.554560467479682,5.6,-3.4555,0.0287,-0.9533,1.4
2019-12-01,British Columbia,7828135000.0,131.7,2680.7,4.9,5148047,2019-10-01,True,3.0464,2.093,0.8882,1520.6029,3.6775013882703877,2.2488755622188883,1.554560467479682,5.6,-0.6311,-0.1559,-0.6664,-0.7
2019-12-01,Canada,55349866000.0,136.4,19186.5,5.6,37828162,2019-10-01,True,3.6775,2.2489,1.5546,1463.1921,3.6775013882703877,2.2488755622188883,1.554560467479682,5.6,0.0,0.0,0.0,0.0
2019-12-01,Manitoba,1811259000.0,137.4,664.5,4.9,1373884,2019-10-01,True,0.4308,2.3083,0.9878,1318.3493,3.6775013882703877,2.2488755622188883,1.554560467479682,5.6,-3.2467,0.0594,-0.5667,-0.7
2019-12-01,New Brunswick,1149222000.0,136.4,363.8,7.4,780907,2019-10-01,True,3.1484,2.3256,1.7053,1471.6503,3.6775013882703877,2.2488755622188883,1.554560467479682,5.6,-0.5291,0.0767,0.1508,1.8
2019-12-01,Newfoundland and Labrador,776500000.0,139.6,226.3,12.5,528442,2019-10-01,True,1.7083,1.9722,-2.0346,1469.4139,3.6775013882703877,2.2488755622188883,1.554560467479682,5.6,-1.9692,-0.2766,-3.5892,6.9
2019-12-01,Nova Scotia,1430311000.0,137.9,466.5,8.1,982592,2019-10-01,True,3.1941,2.2239,1.7226,1455.651,3.6775013882703877,2.2488755622188883,1.554560467479682,5.6,-0.4834,-0.025,0.1681,2.5
2019-12-01,Ontario,21595758000.0,137.8,7506.1,5.2,14666727,2019-10-01,True,6.3147,2.0741,2.7135,1472.432,3.6775013882703877,2.2488755622188883,1.554560467479682,5.6,2.6372,-0.1748,1.159,-0.4
2019-12-01,Prince Edward Island,221410000.0,138.4,80.8,7.6,157025,2019-10-01,True,6.2199,2.2912,6.5963,1410.0302,3.6775013882703877,2.2488755622188883,1.554560467479682,5.6,2.5424,0.0423,5.0417,2.0
2019-12-01,Quebec,11548840000.0,132.4,4315.1,5.0,8521542,2019-10-01,True,2.267,2.7153,0.8554,1355.2524,3.6775013882703877,2.2488755622188883,1.554560467479682,5.6,-1.4105,0.4664,-0.6991,-0.6
2019-12-01,Saskatchewan,1735903000.0,139.6,573.5,6.2,1167271,2019-10-01,True,3.7349,1.6012,0.0523,1487.1465,3.6775013882703877,2.2488755622188883,1.554560467479682,5.6,0.0574,-0.6477,-1.5022,0.6
2020-01-01,Alberta,7083978000.0,144.7,2289.3,7.3,4392958,2020-01-01,False,3.4267,2.9893,-0.1178,1612.5759,3.376811034028626,2.3952095808383422,1.5020744694907773,5.5,0.0499,0.5941,-1.6199,1.8
2020-01-01,British Columbia,7644188000.0,132.1,2681.3,4.7,5157053,2020-01-01,False,0.2778,2.3238,0.4496,1482.2783,3.376811034028626,2.3952095808383422,1.5020744694907773,5.5,-3.099,-0.0714,-1.0525,-0.8
2020-01-01,Canada,54694567000.0,136.8,19204.7,5.5,37928208,2020-01-01,False,3.3768,2.3952,1.5021,1442.0551,3.376811034028626,2.3952095808383422,1.5020744694907773,5.5,0.0,0.0,0.0,0.0
2020-01-01,Manitoba,1819903000.0,137.5,669.7,5.2,1377283,2020-01-01,False,2.2349,2.5354,1.2396,1321.3719,3.376811034028626,2.3952095808383422,1.5020744694907773,5.5,-1.1419,0.1402,-0.2625,-0.3
2020-01-01,New Brunswick,1171375000.0,137.3,366.5,7.8,781054,2020-01-01,False,7.5411,2.4627,1.8621,1499.7363,3.376811034028626,2.3952095808383422,1.5020744694907773,5.5,4.1643,0.0675,0.3601,2.3
2020-01-01,Newfoundland and Labrador,752490000.0,140.0,230.3,11.9,528231,2020-01-01,False,-0.1441,2.1898,-2.2081,1424.5472,3.376811034028626,2.3952095808383422,1.5020744694907773,5.5,-3.5209,-0.2054,-3.7101,6.4
2020-01-01,Nova Scotia,1451237000.0,138.5,468.2,8.1,984130,2020-01-01,False,3.7496,2.5926,1.8047,1474.6395,3.376811034028626,2.3952095808383422,1.5020744694907773,5.5,0.3728,0.1974,0.3027,2.6
2020-01-01,Ontario,21000507000.0,138.0,7516.9,5.2,14718155,2020-01-01,False,3.9194,2.071,2.6534,1426.8437,3.376811034028626,2.3952095808383422,1.5020744694907773,5.5,0.5426,-0.3242,1.1514,-0.3
2020-01-01,Prince Edward Island,222547000.0,139.0,81.1,7.3,157494,2020-01-01,False,7.7694,2.963,6.7105,1413.0507,3.376811034028626,2.3952095808383422,1.5020744694907773,5.5,4.3926,0.5678,5.2085,1.8
2020-01-01,Quebec,11625812000.0,132.6,4327.4,4.8,8537376,2020-01-01,False,4.1425,2.7111,1.285,1361.7547,3.376811034028626,2.3952095808383422,1.5020744694907773,5.5,0.7657,0.3159,-0.2171,-0.7
2020-01-01,Saskatchewan,1735164000.0,140.6,574.0,5.9,1169426,2020-01-01,False,5.0524,2.329,0.455,1483.7741,3.376811034028626,2.3952095808383422,1.5020744694907773,5.5,1.6756,-0.0662,-1.0471,0.4
2020-02-01,Alberta,6968621000.0,145.5,2294.8,7.4,4392958,2020-01-01,True,1.7862,2.4648,0.2621,1586.3163,3.55186119974531,2.1561338289962872,1.2506788570946448,5.8,-1.7657,0.3087,-0.9885,1.6
2020-02-01,British Columbia,7755909000.0,132.9,2678.8,5.4,5157053,2020-01-01,True,3.9556,2.3883,0.056,1503.9421,3.55186119974531,2.1561338289962872,1.2506788570946448,5.8,0.4038,0.2322,-1.1947,-0.4
2020-02-01,Canada,54879879000.0,137.4,19202.9,5.8,37928208,2020-01-01,True,3.5519,2.1561,1.2507,1446.941,3.55186119974531,2.1561338289962872,1.2506788570946448,5.8,0.0,0.0,0.0,0.0
2020-02-01,Manitoba,1813643000.0,138.3,669.8,5.3,1377283,2020-01-01,True,0.6801,2.2929,1.6388,1316.8267,3.55186119974531,2.1561338289962872,1.2506788570946448,5.8,-2.8717,0.1368,0.3882,-0.5
2020-02-01,New Brunswick,1155661000.0,137.6,367.1,7.4,781054,2020-01-01,True,5.4065,2.1529,1.8873,1479.6173,3.55186119974531,2.1561338289962872,1.2506788570946448,5.8,1.8546,-0.0032,0.6366,1.6
2020-02-01,Newfoundland and Labrador,786873000.0,140.3,227.8,12.6,528231,2020-01-01,True,5.2939,1.6667,-2.7742,1489.6381,3.55186119974531,2.1561338289962872,1.2506788570946448,5.8,1.7421,-0.4895,-4.0249,6.8
2020-02-01,Nova Scotia,1407547000.0,139.1,469.9,8.6,984130,2020-01-01,True,3.068,2.5055,2.397,1430.245,3.55186119974531,2.1561338289962872,1.2506788570946448,5.8,-0.4839,0.3494,1.1464,2.8
2020-02-01,Ontario,21325158000.0,138.7,7501.2,5.6,14718155,2020-01-01,True,5.0317,1.9853,1.9351,1448.9016,3.55186119974531,2.1561338289962872,1.2506788570946448,5.8,1.4799,-0.1708,0.6844,-0.2
2020-02-01,Prince Edward Island,222988000.0,138.9,80.3,8.2,157494,2020-01-01,True,6.5129,2.2075,5.1047,1415.8508,3.55186119974531,2.1561338289962872,1.2506788570946448,5.8,2.9611,0.0514,3.854,2.4
2020-02-01,Quebec,11542429000.0,133.2,4340.1,4.5,8537376,2020-01-01,True,2.1372,2.3041,1.3521,1351.9879,3.55186119974531,2.1561338289962872,1.2506788570946448,5.8,-1.4147,0.148,0.1014,-1.3
2020-02-01,Saskatchewan,1710325000.0,141.2,573.1,6.6,1169426,2020-01-01,True,1.6288,1.9495,0.5615,1462.5338,3.55186119974531,2.1561338289962872,1.2506788570946448,5.8,-1.9231,-0.2067,-0.6892,0.8
2020-03-01,Alberta,6043770000.0,144.1,2167.2,8.8,4392958,2020-01-01,True,-13.7191,0.6988,-5.0099,1375.786,-8.98566794083301,0.8862629246676468,-4.620000105636224,8.5,-4.7334,-0.1875,-0.3899,0.3
2020-03-01,British Columbia,7266578000.0,132.3,2503.2,7.9,5157053,2020-01-01,True,-4.8571,1.2242,-6.2998,1409.0563,-8.98566794083301,0.8862629246676468,-4.620000105636224,8.5,4.1286,0.3379,-1.6798,-0.6
2020-03-01,Canada,48808933000.0,136.6,18058.2,8.5,37928208,2020-01-01,True,-8.9857,0.8863,-4.62,1286.8769,-8.98566794083301,0.8862629246676468,-4.620000105636224,8.5,0.0,0.0,0.0,0.0
2020-03-01,Manitoba,1646699000.0,137.4,639.3,6.6,1377283,2020-01-01,True,-8.4181,0.9552,-3.1804,1195.6141,-8.98566794083301,0.8862629246676468,-4.620000105636224,8.5,0.5675,0.0689,1.4396,-1.9
2020-03-01,New Brunswick,1002705000.0,136.6,349.8,9.2,781054,2020-01-01,True,-11.0949,0.5151,-3.4768,1283.7845,-8.98566794083301,0.8862629246676468,-4.620000105636224,8.5,-2.1093,-0.3712,1.1432,0.7
2020-03-01,Newfoundland and Labrador,735928000.0,139.2,222.6,11.6,528231,2020-01-01,True,-6.5233,0.0719,-4.7904,1393.1935,-8.98566794083301,0.8862629246676468,-4.620000105636224,8.5,2.4624,-0.8144,-0.1704,3.1
2020-03-01,Nova Scotia,1229222000.0,138.0,439.7,9.9,984130,2020-01-01,True,-13.0249,0.8772,-4.3715,1249.0443,-8.98566794083301,0.8862629246676468,-4.620000105636224,8.5,-4.0392,-0.0091,0.2485,1.4
2020-03-01,Ontario,19305055000.0,137.9,7036.8,8.5,14718155,2020-01-01,True,-5.0539,0.6569,-4.1882,1311.6491,-8.98566794083301,0.8862629246676468,-4.620000105636224,8.5,3.9318,-0.2293,0.4318,0.0
2020-03-01,Prince Edward Island,191236000.0,137.5,76.9,9.4,157494,2020-01-01,True,-11.3236,0.365,-0.3886,1214.2431,-8.98566794083301,0.8862629246676468,-4.620000105636224,8.5,-2.3379,-0.5213,4.2314,0.9
2020-03-01,Quebec,9685949000.0,132.5,4067.8,8.6,8537376,2020-01-01,True,-15.2448,1.145,-4.6751,1134.5347,-8.98566794083301,0.8862629246676468,-4.620000105636224,8.5,-6.2591,0.2588,-0.0551,0.1
2020-03-01,Saskatchewan,1514080000.0,140.0,554.8,7.3,1169426,2020-01-01,True,-10.7257,0.5747,-3.4963,1294.7207,-8.98566794083301,0.8862629246676468,-4.620000105636224,8.5,-1.7401,-0.3116,1.1237,-1.2
2020-04-01,Alberta,5068118000.0,143.0,1939.3,13.1,4405455,2020-04-01,False,-28.5633,-0.4871,-16.1746,1150.4187,-30.163964387061558,-0.22058823529412797,-15.576502201672128,13.7,1.6007,-0.2665,-0.5981,-0.6
2020-04-01,British Columbia,6050867000.0,131.2,2247.3,11.9,5169535,2020-04-01,False,-19.7744,0.0,-16.1048,1170.4857,-30.163964387061558,-0.22058823529412797,-15.576502201672128,13.7,10.3895,0.2206,-0.5283,-1.8
2020-04-01,Canada,37562059000.0,135.7,16085.8,13.7,38006941,2020-04-01,False,-30.164,-0.2206,-15.5765,988.2947,-30.163964387061558,-0.22058823529412797,-15.576502201672128,13.7,0.0,0.0,0.0,0.0
2020-04-01,Manitoba,1334614000.0,136.3,576.3,11.5,1379280,2020-04-01,False,-26.2689,-0.5835,-13.0507,967.6164,-30.163964387061558,-0.22058823529412797,-15.576502201672128,13.7,3.8951,-0.3629,2.5258,-2.2
2020-04-01,New Brunswick,842241000.0,134.6,310.3,14.4,782512,2020-04-01,False,-24.4259,-1.3196,-13.469,1076.3298,-30.163964387061558,-0.22058823529412797,-15.576502201672128,13.7,5.7381,-1.0991,2.1075,0.7
2020-04-01,Newfoundland and Labrador,575585000.0,137.6,193.4,15.6,527733,2020-04-01,False,-21.8388,-1.5032,-16.9957,1090.6746,-30.163964387061558,-0.22058823529412797,-15.576502201672128,13.7,8.3251,-1.2826,-1.4192,1.9
2020-04-01,Nova Scotia,976498000.0,136.6,396.8,12.8,986204,2020-04-01,False,-30.7434,-0.5822,-13.6641,990.1582,-30.163964387061558,-0.22058823529412797,-15.576502201672128,13.7,-0.5795,-0.3617,1.9124,-0.9
2020-04-01,Ontario,13867134000.0,137.3,6346.9,12.1,14752374,2020-04-01,False,-33.0402,-0.0728,-14.015,939.9934,-30.163964387061558,-0.22058823529412797,-15.576502201672128,13.7,-2.8762,0.1478,1.5615,-1.6
2020-04-01,Prince Edward Island,161992000.0,136.0,69.6,11.5,158401,2020-04-01,False,-24.7151,-1.3062,-10.4247,1022.6703,-30.163964387061558,-0.22058823529412797,-15.576502201672128,13.7,5.4489,-1.0857,5.1518,-2.2
2020-04-01,Quebec,7156289000.0,131.7,3507.2,18.2,8550900,2020-04-01,False,-36.3732,0.1521,-18.6831,836.9048,-30.163964387061558,-0.22058823529412797,-15.576502201672128,13.7,-6.2093,0.3727,-3.1065,4.5
2020-04-01,Saskatchewan,1350716000.0,138.7,498.7,11.1,1169038,2020-04-01,False,-21.4183,-1.3514,-13.3299,1155.4081,-30.163964387061558,-0.22058823529412797,-15.576502201672128,13.7,8.7457,-1.1308,2.2466,-2.6
2020-05-01,Alberta,6176291000.0,144.1,1953.0,15.4,4405455,2020-04-01,True,-12.1698,0.0694,-15.3299,1401.9644,-15.14957943038392,-0.36603221083455484,-13.932753981948142,14.2,2.9798,0.4355,-1.3972,1.2
2020-05-01,British Columbia,6903359000.0,131.5,2301.2,14.0,5169535,2020-04-01,True,-9.5411,-0.2276,-14.723,1335.3926,-15.14957943038392,-0.36603221083455484,-13.932753981948142,14.2,5.6085,0.1384,-0.7902,-0.2
2020-05-01,Canada,45898194000.0,136.1,16410.7,14.2,38006941,2020-04-01,True,-15.1496,-0.366,-13.9328,1207.6266,-15.14957943038392,-0.36603221083455484,-13.932753981948142,14.2,0.0,0.0,0.0,0.0
2020-05-01,Manitoba,1696585000.0,136.8,589.1,11.9,1379280,2020-04-01,True,-5.2215,-0.5091,-11.0524,1230.0512,-15.14957943038392,-0.36603221083455484,-13.932753981948142,14.2,9.9281,-0.1431,2.8804,-2.3
2020-05-01,New Brunswick,1044187000.0,135.6,327.3,13.9,782512,2020-04-01,True,-5.4528,-0.8047,-9.7103,1334.4038,-15.14957943038392,-0.36603221083455484,-13.932753981948142,14.2,9.6968,-0.4386,4.2224,-0.3
2020-05-01,Newfoundland and Labrador,717959000.0,138.2,197.2,17.8,527733,2020-04-01,True,-3.1916,-1.2857,-14.521,1360.4588,-15.14957943038392,-0.36603221083455484,-13.932753981948142,14.2,11.958,-0.9197,-0.5883,3.6
2020-05-01,Nova Scotia,1193445000.0,136.5,402.4,14.6,986204,2020-04-01,True,-14.393,-0.9434,-13.5182,1210.1401,-15.14957943038392,-0.36603221083455484,-13.932753981948142,14.2,0.7565,-0.5774,0.4146,0.4
2020-05-01,Ontario,16112190000.0,137.5,6334.0,14.2,14752374,2020-04-01,True,-22.6485,-0.4345,-14.4447,1092.1761,-15.14957943038392,-0.36603221083455484,-13.932753981948142,14.2,-7.4989,-0.0684,-0.512,0.0
2020-05-01,Prince Edward Island,195364000.0,136.1,71.3,14.2,158401,2020-04-01,True,-6.103,-1.5195,-7.762,1233.3508,-15.14957943038392,-0.36603221083455484,-13.932753981948142,14.2,9.0466,-1.1535,6.1708,0.0
2020-05-01,Quebec,10088705000.0,131.9,3736.5,14.2,8550900,2020-04-01,True,-12.0237,-0.3776,-12.8574,1179.8413,-15.14957943038392,-0.36603221083455484,-13.932753981948142,14.2,3.1259,-0.0116,1.0753,0.0
2020-05-01,Saskatchewan,1569823000.0,139.9,498.9,12.2,1169038,2020-04-01,True,-8.0259,-0.6392,-12.9319,1342.8332,-15.14957943038392,-0.36603221083455484,-13.932753981948142,14.2,7.1237,-0.2732,1.0008,-2.0
2020-06-01,Alberta,6998393000.0,145.0,2056.5,15.3,4405455,2020-04-01,True,0.5629,1.6118,-11.0703,1588.5744,3.8574137760165605,0.6603081438004255,-8.434581153753406,12.6,-3.2945,0.9515,-2.6357,2.7
2020-06-01,British Columbia,7760208000.0,132.6,2429.6,12.8,5169535,2020-04-01,True,3.3299,0.5307,-9.8579,1501.1424,3.8574137760165605,0.6603081438004255,-8.434581153753406,12.6,-0.5275,-0.1296,-1.4233,0.2
2020-06-01,Canada,55877453000.0,137.2,17469.4,12.6,38006941,2020-04-01,True,3.8574,0.6603,-8.4346,1470.1907,3.8574137760165605,0.6603081438004255,-8.434581153753406,12.6,0.0,0.0,0.0,0.0
2020-06-01,Manitoba,1877979000.0,137.9,620.2,10.5,1379280,2020-04-01,True,5.3055,0.437,-6.2576,1361.5647,3.8574137760165605,0.6603081438004255,-8.434581153753406,12.6,1.4481,-0.2233,2.177,-2.1
2020-06-01,New Brunswick,1177413000.0,136.6,352.4,11.5,782512,2020-04-01,True,5.0055,0.2201,-2.7057,1504.6581,3.8574137760165605,0.6603081438004255,-8.434581153753406,12.6,1.1481,-0.4402,5.7289,-1.1
2020-06-01,Newfoundland and Labrador,851926000.0,139.5,205.5,17.7,527733,2020-04-01,True,12.1036,0.0717,-10.691,1614.3125,3.8574137760165605,0.6603081438004255,-8.434581153753406,12.6,8.2462,-0.5886,-2.2564,5.1
2020-06-01,Nova Scotia,1419572000.0,137.6,433.4,13.8,986204,2020-04-01,True,0.447,0.1456,-7.2147,1439.4304,3.8574137760165605,0.6603081438004255,-8.434581153753406,12.6,-3.4104,-0.5147,1.2199,1.2
2020-06-01,Ontario,21269304000.0,138.6,6751.4,12.6,14752374,2020-04-01,True,1.7886,0.4348,-8.8092,1441.7547,3.8574137760165605,0.6603081438004255,-8.434581153753406,12.6,-2.0688,-0.2255,-0.3746,0.0
2020-06-01,Prince Edward Island,224409000.0,137.5,74.1,14.8,158401,2020-04-01,True,4.9582,-0.3623,-4.7558,1416.7145,3.8574137760165605,0.6603081438004255,-8.434581153753406,12.6,1.1008,-1.0226,3.6788,2.2
2020-06-01,Quebec,12348380000.0,132.8,4015.2,11.0,8550900,2020-04-01,True,9.1581,0.6061,-6.4797,1444.103,3.8574137760165605,0.6603081438004255,-8.434581153753406,12.6,5.3007,-0.0542,1.9549,-1.6
2020-06-01,Saskatchewan,1750692000.0,141.2,531.1,11.2,1169038,2020-04-01,True,6.1751,0.7133,-7.6187,1497.5493,3.8574137760165605,0.6603081438004255,-8.434581153753406,12.6,2.3177,0.053,0.8159,-1.4
2020-07-01,Alberta,7129646000.0,144.9,2117.3,12.9,4407495,2020-07-01,False,1.5218,0.9053,-8.5162,1617.6186,3.5416524156172358,0.14598540145984717,-6.1706969233027875,10.9,-2.0198,0.7593,-2.3455,2.0
2020-07-01,British Columbia,7941231000.0,132.6,2500.5,10.8,5176101,2020-07-01,False,5.1617,0.1511,-6.8854,1534.211,3.5416524156172358,0.14598540145984717,-6.1706969233027875,10.9,1.62,0.0051,-0.7147,-0.1
2020-07-01,Canada,56307980000.0,137.2,17895.5,10.9,38028638,2020-07-01,False,3.5417,0.146,-6.1707,1480.6731,3.5416524156172358,0.14598540145984717,-6.1706969233027875,10.9,0.0,0.0,0.0,0.0
2020-07-01,Manitoba,1933348000.0,137.9,635.3,8.8,1380132,2020-07-01,False,7.517,0.3639,-3.7424,1400.8428,3.5416524156172358,0.14598540145984717,-6.1706969233027875,10.9,3.9753,0.2179,2.4283,-2.1
2020-07-01,New Brunswick,1176593000.0,137.1,354.2,10.4,783432,2020-07-01,False,7.0024,0.0,-1.1994,1501.8444,3.5416524156172358,0.14598540145984717,-6.1706969233027875,10.9,3.4607,-0.146,4.9713,-0.5
2020-07-01,Newfoundland and Labrador,834070000.0,139.6,209.7,17.3,526884,2020-07-01,False,6.88,-0.3569,-9.5341,1583.024,3.5416524156172358,0.14598540145984717,-6.1706969233027875,10.9,3.3383,-0.5029,-3.3634,6.4
2020-07-01,Nova Scotia,1424169000.0,137.8,444.2,10.9,989168,2020-07-01,False,-1.4546,-0.5054,-4.5142,1439.7645,3.5416524156172358,0.14598540145984717,-6.1706969233027875,10.9,-4.9963,-0.6514,1.6565,0.0
2020-07-01,Ontario,21339294000.0,138.8,6913.9,11.4,14761811,2020-07-01,False,0.8513,0.0,-6.4653,1445.5743,3.5416524156172358,0.14598540145984717,-6.1706969233027875,10.9,-2.6904,-0.146,-0.2946,0.5
2020-07-01,Prince Edward Island,217742000.0,138.2,75.5,11.6,159193,2020-07-01,False,-2.0147,-0.9319,-3.944,1367.7863,3.5416524156172358,0.14598540145984717,-6.1706969233027875,10.9,-5.5563,-1.0779,2.2267,0.7
2020-07-01,Quebec,12316742000.0,133.0,4097.8,9.4,8551095,2020-07-01,False,7.7097,0.3017,-5.005,1440.3702,3.5416524156172358,0.14598540145984717,-6.1706969233027875,10.9,4.168,0.1557,1.1657,-1.5
2020-07-01,Saskatchewan,1790974000.0,141.4,547.1,9.2,1167386,2020-07-01,False,6.4098,0.4975,-4.5034,1534.1746,3.5416524156172358,0.14598540145984717,-6.1706969233027875,10.9,2.8681,0.3515,1.6673,-1.7
2020-08-01,Alberta,6760693000.0,144.2,2126.6,12.5,4407495,2020-07-01,True,-3.4725,0.5579,-7.4707,1533.9083,3.182421608729058,0.14619883040933868,-5.250367149404989,10.1,-6.655,0.4117,-2.2204,2.4
2020-08-01,British Columbia,7974952000.0,132.4,2519.0,10.5,5176101,2020-07-01,True,3.9092,0.1513,-6.1545,1540.7257,3.182421608729058,0.14619883040933868,-5.250367149404989,10.1,0.7268,0.0051,-0.9042,0.4
2020-08-01,Canada,56079836000.0,137.0,18129.3,10.1,38028638,2020-07-01,True,3.1824,0.1462,-5.2504,1474.6738,3.182421608729058,0.14619883040933868,-5.250367149404989,10.1,0.0,0.0,0.0,0.0
2020-08-01,Manitoba,1904242000.0,137.2,643.9,8.0,1380132,2020-07-01,True,6.9565,-0.0728,-2.8515,1379.7535,3.182421608729058,0.14619883040933868,-5.250367149404989,10.1,3.7741,-0.219,2.3988,-2.1
2020-08-01,New Brunswick,1184678000.0,136.6,354.8,9.7,783432,2020-07-01,True,3.5203,-0.5822,-2.6345,1512.1644,3.182421608729058,0.14619883040933868,-5.250367149404989,10.1,0.3379,-0.7284,2.6159,-0.4
2020-08-01,Newfoundland and Labrador,829655000.0,139.1,215.7,14.3,526884,2020-07-01,True,6.2649,-0.5718,-6.4208,1574.6445,3.182421608729058,0.14619883040933868,-5.250367149404989,10.1,3.0825,-0.718,-1.1705,4.2
2020-08-01,Nova Scotia,1478956000.0,137.5,448.5,10.0,989168,2020-07-01,True,4.3315,-0.6503,-3.5899,1495.1515,3.182421608729058,0.14619883040933868,-5.250367149404989,10.1,1.1491,-0.7965,1.6605,-0.1
2020-08-01,Ontario,21283510000.0,138.6,7047.5,10.4,14761811,2020-07-01,True,1.1645,0.0722,-5.3595,1441.7953,3.182421608729058,0.14619883040933868,-5.250367149404989,10.1,-2.0179,-0.074,-0.1091,0.3
2020-08-01,Prince Edward Island,223074000.0,138.3,77.3,10.0,159193,2020-07-01,True,-1.4582,-0.3602,-0.8974,1401.2802,3.182421608729058,0.14619883040933868,-5.250367149404989,10.1,-4.6406,-0.5064,4.3529,-0.1
2020-08-01,Quebec,12463076000.0,132.9,4149.1,8.4,8551095,2020-07-01,True,9.3736,0.3776,-4.1557,1457.483,3.182421608729058,0.14619883040933868,-5.250367149404989,10.1,6.1911,0.2314,1.0947,-1.7
2020-08-01,Saskatchewan,1771833000.0,140.8,546.9,8.0,1167386,2020-07-01,True,4.1826,0.428,-4.8704,1517.7782,3.182421608729058,0.14619883040933868,-5.250367149404989,10.1,1.0002,0.2818,0.38,-2.1
2020-09-01,Alberta,7480420000.0,145.0,2167.2,12.0,4407495,2020-07-01,True,9.1861,1.4696,-6.1371,1697.2044,6.663673222597355,0.5139500734214542,-3.0659046743423013,9.1,2.5224,0.9556,-3.0712,2.9
2020-09-01,British Columbia,8273255000.0,132.5,2586.3,8.7,5176101,2020-07-01,True,8.6709,0.3788,-3.1276,1598.3566,6.663673222597355,0.5139500734214542,-3.0659046743423013,9.1,2.0072,-0.1352,-0.0617,-0.4
2020-09-01,Canada,57985834000.0,136.9,18555.9,9.1,38028638,2020-07-01,True,6.6637,0.514,-3.0659,1524.7939,6.663673222597355,0.5139500734214542,-3.0659046743423013,9.1,0.0,0.0,0.0,0.0
2020-09-01,Manitoba,1950006000.0,137.2,661.6,7.5,1380132,2020-07-01,True,10.5125,0.2191,-0.3014,1412.9127,6.663673222597355,0.5139500734214542,-3.0659046743423013,9.1,3.8489,-0.2948,2.7645,-1.6
2020-09-01,New Brunswick,1262333000.0,136.3,355.3,11.3,783432,2020-07-01,True,13.6393,-0.2196,-2.1751,1611.286,6.663673222597355,0.5139500734214542,-3.0659046743423013,9.1,6.9757,-0.7336,0.8908,2.2
2020-09-01,Newfoundland and Labrador,828539000.0,139.4,220.5,15.0,526884,2020-07-01,True,6.3044,0.2878,-4.2137,1572.5264,6.663673222597355,0.5139500734214542,-3.0659046743423013,9.1,-0.3592,-0.2262,-1.1478,5.9
2020-09-01,Nova Scotia,1458211000.0,137.5,463.1,7.6,989168,2020-07-01,True,2.0136,-0.6503,-0.8139,1474.1793,6.663673222597355,0.5139500734214542,-3.0659046743423013,9.1,-4.6501,-1.1642,2.252,-1.5
2020-09-01,Ontario,21980870000.0,138.3,7234.2,9.6,14761811,2020-07-01,True,3.8401,0.5818,-3.0099,1489.0361,6.663673222597355,0.5139500734214542,-3.0659046743423013,9.1,-2.8236,0.0679,0.056,0.5
2020-09-01,Prince Edward Island,237818000.0,138.2,77.1,10.6,159193,2020-07-01,True,8.5362,0.0,-2.6515,1493.8973,6.663673222597355,0.5139500734214542,-3.0659046743423013,9.1,1.8725,-0.514,0.4144,1.5
2020-09-01,Quebec,12522834000.0,132.5,4230.9,7.2,8551095,2020-07-01,True,8.5742,0.3028,-2.1576,1464.4714,6.663673222597355,0.5139500734214542,-3.0659046743423013,9.1,1.9106,-0.2111,0.9083,-1.9
2020-09-01,Saskatchewan,1784555000.0,140.8,559.6,6.9,1167386,2020-07-01,True,4.5674,0.7874,-3.2169,1528.676,6.663673222597355,0.5139500734214542,-3.0659046743423013,9.1,-2.0963,0.2735,-0.151,-2.2
2020-10-01,Alberta,7414225000.0,145.2,2183.6,11.6,4412013,2020-10-01,False,6.9126,1.1142,-5.5414,1680.4631,9.146707711839163,0.6588579795022032,-2.6893664176802945,9.0,-2.2342,0.4553,-2.852,2.6
2020-10-01,British Columbia,8427019000.0,132.9,2619.4,8.2,5173896,2020-10-01,False,10.8809,0.5295,-2.6137,1628.7569,9.146707711839163,0.6588579795022032,-2.6893664176802945,9.0,1.7341,-0.1294,0.0757,-0.8
2020-10-01,Canada,58530435000.0,137.5,18616.4,9.0,38027406,2020-10-01,False,9.1467,0.6589,-2.6894,1539.1645,9.146707711839163,0.6588579795022032,-2.6893664176802945,9.0,0.0,0.0,0.0,0.0
2020-10-01,Manitoba,1948733000.0,138.1,656.4,7.1,1381809,2020-10-01,False,9.4629,0.0725,-0.8309,1410.2767,9.146707711839163,0.6588579795022032,-2.6893664176802945,9.0,0.3162,-0.5864,1.8584,-1.9
2020-10-01,New Brunswick,1192984000.0,137.0,357.6,10.5,783814,2020-10-01,False,3.9543,0.1462,-0.8594,1522.0244,9.146707711839163,0.6588579795022032,-2.6893664176802945,9.0,-5.1924,-0.5127,1.8299,1.5
2020-10-01,Newfoundland and Labrador,824048000.0,140.5,226.1,13.5,526046,2020-10-01,False,2.6216,0.5727,-1.4815,1566.4942,9.146707711839163,0.6588579795022032,-2.6893664176802945,9.0,-6.5252,-0.0862,1.2079,4.5
2020-10-01,Nova Scotia,1500512000.0,138.4,462.8,8.7,989154,2020-10-01,False,7.068,0.2899,-0.963,1516.965,9.146707711839163,0.6588579795022032,-2.6893664176802945,9.0,-2.0787,-0.369,1.7264,-0.3
2020-10-01,Ontario,22342351000.0,138.9,7278.1,9.4,14757582,2020-10-01,False,8.9886,0.7252,-2.2365,1513.9574,9.146707711839163,0.6588579795022032,-2.6893664176802945,9.0,-0.1581,0.0663,0.4528,0.4
2020-10-01,Prince Edward Island,236952000.0,138.6,77.1,10.5,159179,2020-10-01,False,9.6736,0.1445,-3.0189,1488.5883,9.146707711839163,0.6588579795022032,-2.6893664176802945,9.0,0.5269,-0.5143,-0.3295,1.5
2020-10-01,Quebec,12657567000.0,133.1,4196.0,7.6,8551865,2020-10-01,False,11.3164,0.5287,-2.6089,1480.0943,9.146707711839163,0.6588579795022032,-2.6893664176802945,9.0,2.1697,-0.1302,0.0805,-1.4
2020-10-01,Saskatchewan,1776586000.0,141.6,559.3,6.7,1165963,2020-10-01,False,5.4819,0.4968,-3.1515,1523.707,9.146707711839163,0.6588579795022032,-2.6893664176802945,9.0,-3.6648,-0.1621,-0.4621,-2.3
2020-11-01,Alberta,7468556000.0,145.4,2182.8,11.1,4412013,2020-10-01,True,9.2908,1.2535,-5.3015,1692.7774,8.6884686452668,0.9530791788856074,-2.339659000460803,8.6,0.6023,0.3004,-2.9619,2.5
2020-11-01,British Columbia,8456943000.0,133.3,2635.2,7.8,5173896,2020-10-01,True,10.8117,1.1381,-1.5247,1634.5406,8.6884686452668,0.9530791788856074,-2.339659000460803,8.6,2.1232,0.185,0.815,-0.8
2020-11-01,Canada,58735568000.0,137.7,18650.0,8.6,38027406,2020-10-01,True,8.6885,0.9531,-2.3397,1544.5589,8.6884686452668,0.9530791788856074,-2.339659000460803,8.6,0.0,0.0,0.0,0.0
2020-11-01,Manitoba,1827399000.0,138.4,639.1,7.8,1381809,2020-10-01,True,3.1254,0.5814,-3.3716,1322.4686,8.6884686452668,0.9530791788856074,-2.339659000460803,8.6,-5.563,-0.3717,-1.032,-0.8
2020-11-01,New Brunswick,1208983000.0,136.8,361.6,9.9,783814,2020-10-01,True,6.2183,-0.3642,0.1385,1542.4361,8.6884686452668,0.9530791788856074,-2.339659000460803,8.6,-2.4702,-1.3172,2.4781,1.3
2020-11-01,Newfoundland and Labrador,864739000.0,141.0,228.3,13.3,526046,2020-10-01,True,12.5017,0.7863,0.1316,1643.8467,8.6884686452668,0.9530791788856074,-2.339659000460803,8.6,3.8133,-0.1668,2.4712,4.7
2020-11-01,Nova Scotia,1531224000.0,138.7,470.7,6.8,989154,2020-10-01,True,8.7217,0.2168,1.2258,1548.0138,8.6884686452668,0.9530791788856074,-2.339659000460803,8.6,0.0332,-0.7363,3.5655,-1.8
2020-11-01,Ontario,22181652000.0,139.0,7302.9,9.0,14757582,2020-10-01,True,5.493,0.9441,-2.2553,1503.0682,8.6884686452668,0.9530791788856074,-2.339659000460803,8.6,-3.1955,-0.009,0.0844,0.4
2020-11-01,Prince Edward Island,244510000.0,138.3,77.5,10.9,159179,2020-10-01,True,13.304,-0.5036,-2.0228,1536.0695,8.6884686452668,0.9530791788856074,-2.339659000460803,8.6,4.6155,-1.4567,0.3169,2.3
2020-11-01,Quebec,12964825000.0,133.5,4196.6,7.2,8551865,2020-10-01,True,13.7003,0.8308,-1.788,1516.0231,8.6884686452668,0.9530791788856074,-2.339659000460803,8.6,5.0118,-0.1223,0.5517,-1.4
2020-11-01,Saskatchewan,1772217000.0,141.6,555.3,7.2,1165963,2020-10-01,True,6.7255,0.7829,-3.7108,1519.9599,8.6884686452668,0.9530791788856074,-2.339659000460803,8.6,-1.963,-0.1702,-1.3711,-1.4
2020-12-01,Alberta,7381316000.0,144.8,2172.2,10.7,4412013,2020-10-01,True,4.4111,0.7655,-5.9287,1673.0041,1.8482827040629202,0.7331378299120228,-3.100096421963361,8.9,2.5628,0.0323,-2.8286,1.8
2020-12-01,British Columbia,8461930000.0,132.8,2635.1,7.6,5173896,2020-10-01,True,8.0964,0.8352,-1.701,1635.5045,1.8482827040629202,0.7331378299120228,-3.100096421963361,8.9,6.2481,0.1021,1.399,-1.3
2020-12-01,Canada,56372888000.0,137.4,18591.7,8.9,38027406,2020-10-01,True,1.8483,0.7331,-3.1001,1482.4279,1.8482827040629202,0.7331378299120228,-3.100096421963361,8.9,0.0,0.0,0.0,0.0
2020-12-01,Manitoba,1702463000.0,137.5,632.1,8.4,1381809,2020-10-01,True,-6.0067,0.0728,-4.8758,1232.0538,1.8482827040629202,0.7331378299120228,-3.100096421963361,8.9,-7.8549,-0.6604,-1.7758,-0.5
2020-12-01,New Brunswick,1157916000.0,136.9,362.9,9.7,783814,2020-10-01,True,0.7565,0.3666,-0.2474,1477.2842,1.8482827040629202,0.7331378299120228,-3.100096421963361,8.9,-1.0918,-0.3666,2.8527,0.8
2020-12-01,Newfoundland and Labrador,776999000.0,140.4,226.7,13.4,526046,2020-10-01,True,0.0643,0.5731,0.1768,1477.0552,1.8482827040629202,0.7331378299120228,-3.100096421963361,8.9,-1.784,-0.1601,3.2769,4.5
2020-12-01,Nova Scotia,1453227000.0,138.7,465.5,8.5,989154,2020-10-01,True,1.6022,0.5801,-0.2144,1469.1615,1.8482827040629202,0.7331378299120228,-3.100096421963361,8.9,-0.2461,-0.153,2.8857,-0.4
2020-12-01,Ontario,21061215000.0,138.8,7288.2,9.9,14757582,2020-10-01,True,-2.4752,0.7257,-2.903,1427.1454,1.8482827040629202,0.7331378299120228,-3.100096421963361,8.9,-4.3235,-0.0074,0.1971,1.0
2020-12-01,Prince Edward Island,231388000.0,138.2,77.2,10.6,159179,2020-10-01,True,4.5066,-0.1445,-4.4554,1453.634,1.8482827040629202,0.7331378299120228,-3.100096421963361,8.9,2.6583,-0.8776,-1.3553,1.7
2020-12-01,Quebec,12139198000.0,133.4,4183.1,6.8,8551865,2020-10-01,True,5.1118,0.7553,-3.059,1419.4796,1.8482827040629202,0.7331378299120228,-3.100096421963361,8.9,3.2636,0.0221,0.0411,-2.1
2020-12-01,Saskatchewan,1791590000.0,140.9,548.7,7.5,1165963,2020-10-01,True,3.208,0.9312,-4.3243,1536.5753,1.8482827040629202,0.7331378299120228,-3.100096421963361,8.9,1.3597,0.1981,-1.2242,-1.4
2021-01-01,Alberta,7552942000.0,145.8,2186.9,10.3,4418338,2021-01-01,False,6.6201,0.7602,-4.473,1709.4532,0.8639084755895476,1.0233918128654818,-4.231255890485153,9.2,5.7562,-0.2632,-0.2417,1.1
2021-01-01,British Columbia,8718613000.0,133.6,2647.0,7.6,5180015,2021-01-01,False,14.0554,1.1355,-1.2792,1683.125,0.8639084755895476,1.0233918128654818,-4.231255890485153,9.2,13.1915,0.1121,2.952,-1.6
2021-01-01,Canada,55167078000.0,138.2,18392.1,9.2,38058291,2021-01-01,False,0.8639,1.0234,-4.2313,1449.5417,0.8639084755895476,1.0233918128654818,-4.231255890485153,9.2,0.0,0.0,0.0,0.0
2021-01-01,Manitoba,1936223000.0,138.5,636.6,8.2,1383854,2021-01-01,False,6.3915,0.7273,-4.9425,1399.1527,0.8639084755895476,1.0233918128654818,-4.231255890485153,9.2,5.5276,-0.2961,-0.7113,-1.0
2021-01-01,New Brunswick,1236039000.0,138.2,366.5,8.8,784950,2021-01-01,False,5.5204,0.6555,0.0,1574.6723,0.8639084755895476,1.0233918128654818,-4.231255890485153,9.2,4.6564,-0.3679,4.2313,-0.4
2021-01-01,Newfoundland and Labrador,861045000.0,142.1,230.3,12.2,525895,2021-01-01,False,14.4261,1.5,0.0,1637.2945,0.8639084755895476,1.0233918128654818,-4.231255890485153,9.2,13.5622,0.4766,4.2313,3.0
2021-01-01,Nova Scotia,1535011000.0,140.3,473.4,9.0,990025,2021-01-01,False,5.7726,1.2996,1.1106,1550.477,0.8639084755895476,1.0233918128654818,-4.231255890485153,9.2,4.9087,0.2762,5.3419,-0.2
2021-01-01,Ontario,20179027000.0,139.5,7112.7,10.2,14772726,2021-01-01,False,-3.9117,1.087,-5.3772,1365.965,0.8639084755895476,1.0233918128654818,-4.231255890485153,9.2,-4.7756,0.0636,-1.146,1.0
2021-01-01,Prince Edward Island,247754000.0,139.7,78.1,8.4,159240,2021-01-01,False,11.3266,0.5036,-3.6991,1555.8528,0.8639084755895476,1.0233918128654818,-4.231255890485153,9.2,10.4627,-0.5198,0.5321,-0.8
2021-01-01,Quebec,10858821000.0,134.3,4109.0,8.2,8550561,2021-01-01,False,-6.5973,1.2821,-5.0469,1269.9542,0.8639084755895476,1.0233918128654818,-4.231255890485153,9.2,-7.4612,0.2587,-0.8157,-1.0
2021-01-01,Saskatchewan,1832184000.0,141.9,551.6,7.0,1166348,2021-01-01,False,5.5914,0.9246,-3.9024,1570.8725,0.8639084755895476,1.0233918128654818,-4.231255890485153,9.2,4.7275,-0.0988,0.3288,-2.2
2021-02-01,Alberta,7659249000.0,146.4,2206.3,9.9,4418338,2021-01-01,True,9.9105,0.6186,-3.8565,1733.5136,6.94486225088069,1.091703056768556,-2.972988454868808,8.5,2.9657,-0.4731,-0.8836,1.4
2021-02-01,British Columbia,8725991000.0,134.1,2661.4,7.3,5180015,2021-01-01,True,12.5077,0.9029,-0.6495,1684.5494,6.94486225088069,1.091703056768556,-2.972988454868808,8.5,5.5628,-0.1888,2.3234,-1.2
2021-02-01,Canada,58691211000.0,138.9,18632.0,8.5,38058291,2021-01-01,True,6.9449,1.0917,-2.973,1542.14,6.94486225088069,1.091703056768556,-2.972988454868808,8.5,0.0,0.0,0.0,0.0
2021-02-01,Manitoba,2073982000.0,138.9,650.2,7.0,1383854,2021-01-01,True,14.3545,0.4338,-2.9262,1498.7,6.94486225088069,1.091703056768556,-2.972988454868808,8.5,7.4096,-0.6579,0.0467,-1.5
2021-02-01,New Brunswick,1238928000.0,138.7,363.3,9.5,784950,2021-01-01,True,7.2051,0.7994,-1.0351,1578.3528,6.94486225088069,1.091703056768556,-2.972988454868808,8.5,0.2603,-0.2923,1.9378,1.0
2021-02-01,Newfoundland and Labrador,812068000.0,142.0,214.5,14.9,525895,2021-01-01,True,3.2019,1.2117,-5.8385,1544.1638,6.94486225088069,1.091703056768556,-2.972988454868808,8.5,-3.7429,0.12,-2.8655,6.4
2021-02-01,Nova Scotia,1583404000.0,140.8,475.0,8.5,990025,2021-01-01,True,12.4939,1.2221,1.0853,1599.3576,6.94486225088069,1.091703056768556,-2.972988454868808,8.5,5.549,0.1304,4.0583,0.0
2021-02-01,Ontario,21315940000.0,140.2,7227.6,9.5,14772726,2021-01-01,True,-0.0432,1.0815,-3.6474,1442.9253,6.94486225088069,1.091703056768556,-2.972988454868808,8.5,-6.9881,-0.0102,-0.6744,1.0
2021-02-01,Prince Edward Island,263353000.0,140.8,77.6,9.9,159240,2021-01-01,True,18.1019,1.3679,-3.3624,1653.8119,6.94486225088069,1.091703056768556,-2.972988454868808,8.5,11.157,0.2762,-0.3894,1.4
2021-02-01,Quebec,12965413000.0,135.3,4205.2,6.6,8550561,2021-01-01,True,12.3283,1.5766,-3.1082,1516.3231,6.94486225088069,1.091703056768556,-2.972988454868808,8.5,5.3834,0.4849,-0.1352,-1.9
2021-02-01,Saskatchewan,1846765000.0,142.4,550.9,7.2,1166348,2021-01-01,True,7.9774,0.8499,-3.8737,1583.3739,6.94486225088069,1.091703056768556,-2.972988454868808,8.5,1.0326,-0.2418,-0.9007,-1.3
2021-03-01,Alberta,7581547000.0,146.9,2240.4,9.2,4418338,2021-01-01,True,25.444,1.9431,3.3776,1715.9273,26.395174424321066,2.196193265007329,4.512077615709198,7.7,-0.9512,-0.2531,-1.1344,1.5
2021-03-01,British Columbia,8723580000.0,134.9,2681.8,7.2,5180015,2021-01-01,True,20.0507,1.9652,7.1349,1684.0839,26.395174424321066,2.196193265007329,4.512077615709198,7.7,-6.3444,-0.231,2.6228,-0.5
2021-03-01,Canada,61692136000.0,139.6,18873.0,7.7,38058291,2021-01-01,True,26.3952,2.1962,4.5121,1620.9907,26.395174424321066,2.196193265007329,4.512077615709198,7.7,0.0,0.0,0.0,0.0
2021-03-01,Manitoba,2128799000.0,139.6,656.1,6.9,1383854,2021-01-01,True,29.2768,1.6012,2.6279,1538.3118,26.395174424321066,2.196193265007329,4.512077615709198,7.7,2.8816,-0.595,-1.8842,-0.8
2021-03-01,New Brunswick,1274172000.0,139.2,364.4,9.4,784950,2021-01-01,True,27.0735,1.9034,4.1738,1623.2524,26.395174424321066,2.196193265007329,4.512077615709198,7.7,0.6783,-0.2928,-0.3383,1.7
2021-03-01,Newfoundland and Labrador,871363000.0,142.9,225.1,12.9,525895,2021-01-01,True,18.4033,2.658,1.1231,1656.9144,26.395174424321066,2.196193265007329,4.512077615709198,7.7,-7.9919,0.4619,-3.389,5.2
2021-03-01,Nova Scotia,1615333000.0,141.8,474.0,9.2,990025,2021-01-01,True,31.411,2.7536,7.8008,1631.6083,26.395174424321066,2.196193265007329,4.512077615709198,7.7,5.0158,0.5574,3.2887,1.5
2021-03-01,Ontario,23345118000.0,141.0,7371.8,7.8,14772726,2021-01-01,True,20.9275,2.248,4.7607,1580.285,26.395174424321066,2.196193265007329,4.512077615709198,7.7,-5.4677,0.0518,0.2486,0.1
2021-03-01,Prince Edward Island,257322000.0,142.1,79.1,8.8,159240,2021-01-01,True,34.5573,3.3455,2.8609,1615.9382,26.395174424321066,2.196193265007329,4.512077615709198,7.7,8.1621,1.1493,-1.6512,1.1
2021-03-01,Quebec,13780138000.0,135.4,4228.2,6.7,8550561,2021-01-01,True,42.2694,2.1887,3.9432,1611.6063,26.395174424321066,2.196193265007329,4.512077615709198,7.7,15.8742,-0.0075,-0.5689,-1.0
2021-03-01,Saskatchewan,1900749000.0,143.3,552.0,7.0,1166348,2021-01-01,True,25.5382,2.3571,-0.5047,1629.6586,26.395174424321066,2.196193265007329,4.512077615709198,7.7,-0.857,0.1609,-5.0168,-0.7
2021-04-01,Alberta,7693001000.0,147.7,2222.7,8.8,4425617,2021-04-01,False,51.7921,3.2867,14.6135,1738.2889,55.511203472631784,3.3898305084745894,16.088724216389604,8.2,-3.7191,-0.1031,-1.4752,0.6
2021-04-01,British Columbia,8798606000.0,135.2,2645.8,7.0,5200393,2021-04-01,False,45.4107,3.0488,17.7324,1691.9117,55.511203472631784,3.3898305084745894,16.088724216389604,8.2,-10.1005,-0.3411,1.6437,-1.2
2021-04-01,Canada,58413210000.0,140.3,18673.8,8.2,38140918,2021-04-01,False,55.5112,3.3898,16.0887,1531.5103,55.511203472631784,3.3898305084745894,16.088724216389604,8.2,0.0,0.0,0.0,0.0
2021-04-01,Manitoba,1970496000.0,140.6,664.6,7.2,1388611,2021-04-01,False,47.6454,3.1548,15.3219,1419.041,55.511203472631784,3.3898305084745894,16.088724216389604,8.2,-7.8658,-0.235,-0.7668,-1.0
2021-04-01,New Brunswick,1323854000.0,140.3,365.1,8.9,787002,2021-04-01,False,57.1823,4.2348,17.6603,1682.1482,55.511203472631784,3.3898305084745894,16.088724216389604,8.2,1.6711,0.8449,1.5716,0.7
2021-04-01,Newfoundland and Labrador,909621000.0,143.5,225.6,12.9,526195,2021-04-01,False,58.0342,4.2878,16.6494,1728.6766,55.511203472631784,3.3898305084745894,16.088724216389604,8.2,2.523,0.898,0.5607,4.7
2021-04-01,Nova Scotia,1592273000.0,142.3,475.3,8.4,993946,2021-04-01,False,63.0595,4.1728,19.7833,1601.9713,55.511203472631784,3.3898305084745894,16.088724216389604,8.2,7.5483,0.7829,3.6945,0.2
2021-04-01,Ontario,20272315000.0,141.8,7228.9,9.4,14808093,2021-04-01,False,46.1897,3.2775,13.8965,1369.0024,55.511203472631784,3.3898305084745894,16.088724216389604,8.2,-9.3216,-0.1123,-2.1922,1.2
2021-04-01,Prince Edward Island,267835000.0,143.2,78.9,9.7,160334,2021-04-01,False,65.3384,5.2941,13.3621,1670.4816,55.511203472631784,3.3898305084745894,16.088724216389604,8.2,9.8272,1.9043,-2.7267,1.5
2021-04-01,Quebec,13452879000.0,136.2,4209.2,6.7,8556015,2021-04-01,False,87.9868,3.4169,20.016,1572.33,55.511203472631784,3.3898305084745894,16.088724216389604,8.2,32.4756,0.027,3.9272,-1.5
2021-04-01,Saskatchewan,1919793000.0,143.9,557.7,6.3,1167711,2021-04-01,False,42.1315,3.7491,11.8308,1644.0652,55.511203472631784,3.3898305084745894,16.088724216389604,8.2,-13.3797,0.3593,-4.258,-1.9
2021-05-01,Alberta,7405134000.0,148.6,2218.5,8.5,4425617,2021-04-01,True,19.8961,3.1228,13.5945,1673.2433,24.263418730593187,3.6002939015429947,13.484494872247964,8.3,-4.3673,-0.4775,0.11,0.2
2021-05-01,British Columbia,8706499000.0,135.1,2651.0,7.1,5200393,2021-04-01,True,26.1197,2.7376,15.2008,1674.2002,24.263418730593187,3.6002939015429947,13.484494872247964,8.3,1.8563,-0.8627,1.7163,-1.2
2021-05-01,Canada,57034665000.0,141.0,18623.6,8.3,38140918,2021-04-01,True,24.2634,3.6003,13.4845,1495.3669,24.263418730593187,3.6002939015429947,13.484494872247964,8.3,0.0,0.0,0.0,0.0
2021-05-01,Manitoba,1979911000.0,141.5,661.1,6.9,1388611,2021-04-01,True,16.6998,3.4357,12.222,1425.8212,24.263418730593187,3.6002939015429947,13.484494872247964,8.3,-7.5636,-0.1646,-1.2625,-1.4
2021-05-01,New Brunswick,1273995000.0,141.4,365.2,9.3,787002,2021-04-01,True,22.0083,4.2773,11.5796,1618.7951,24.263418730593187,3.6002939015429947,13.484494872247964,8.3,-2.2551,0.677,-1.9049,1.0
2021-05-01,Newfoundland and Labrador,862308000.0,144.3,222.7,13.1,526195,2021-04-01,True,20.1055,4.4139,12.931,1638.7613,24.263418730593187,3.6002939015429947,13.484494872247964,8.3,-4.158,0.8136,-0.5535,4.8
2021-05-01,Nova Scotia,1394568000.0,143.1,455.3,10.5,993946,2021-04-01,True,16.8523,4.8352,13.1461,1403.0621,24.263418730593187,3.6002939015429947,13.484494872247964,8.3,-7.4111,1.2349,-0.3384,2.2
2021-05-01,Ontario,19843241000.0,142.6,7196.4,9.4,14808093,2021-04-01,True,23.1567,3.7091,13.6154,1340.0268,24.263418730593187,3.6002939015429947,13.484494872247964,8.3,-1.1067,0.1088,0.1309,1.1
2021-05-01,Prince Edward Island,247933000.0,144.2,79.4,10.5,160334,2021-04-01,True,26.9082,5.9515,11.3604,1546.3532,24.263418730593187,3.6002939015429947,13.484494872247964,8.3,2.6448,2.3512,-2.124,2.2
2021-05-01,Quebec,13124255000.0,137.3,4215.1,6.6,8556015,2021-04-01,True,30.0886,4.094,12.8088,1533.9215,24.263418730593187,3.6002939015429947,13.484494872247964,8.3,5.8252,0.4937,-0.6757,-1.7
2021-05-01,Saskatchewan,1991096000.0,143.7,559.0,6.5,1167711,2021-04-01,True,26.8357,2.7162,12.0465,1705.1274,24.263418730593187,3.6002939015429947,13.484494872247964,8.3,2.5723,-0.8841,-1.438,-1.8
2021-06-01,Alberta,7621928000.0,148.9,2230.6,8.8,4425617,2021-04-01,True,8.9097,2.6897,8.4658,1722.2295,6.778635740609018,3.061224489795933,8.157120450616496,7.9,2.1311,-0.3716,0.3087,0.9
2021-06-01,British Columbia,8787489000.0,135.8,2684.9,6.6,5200393,2021-04-01,True,13.2378,2.4133,10.5079,1689.774,6.778635740609018,3.061224489795933,8.157120450616496,7.9,6.4592,-0.648,2.3508,-1.3
2021-06-01,Canada,59665182000.0,141.4,18894.4,7.9,38140918,2021-04-01,True,6.7786,3.0612,8.1571,1564.3352,6.778635740609018,3.061224489795933,8.157120450616496,7.9,0.0,0.0,0.0,0.0
2021-06-01,Manitoba,2005553000.0,141.9,655.2,7.6,1388611,2021-04-01,True,6.7932,2.9007,5.6433,1444.2871,6.778635740609018,3.061224489795933,8.157120450616496,7.9,0.0145,-0.1606,-2.5138,-0.3
2021-06-01,New Brunswick,1241474000.0,141.5,362.3,10.1,787002,2021-04-01,True,5.4408,3.5871,2.8093,1577.4725,6.778635740609018,3.061224489795933,8.157120450616496,7.9,-1.3378,0.5259,-5.3478,2.2
2021-06-01,Newfoundland and Labrador,848674000.0,144.4,226.5,13.0,526195,2021-04-01,True,-0.3817,3.5125,10.219,1612.8507,6.778635740609018,3.061224489795933,8.157120450616496,7.9,-7.1604,0.4513,2.0619,5.1
2021-06-01,Nova Scotia,1623796000.0,143.2,473.0,8.7,993946,2021-04-01,True,14.3863,4.0698,9.1371,1633.6863,6.778635740609018,3.061224489795933,8.157120450616496,7.9,7.6077,1.0085,0.9799,0.8
2021-06-01,Ontario,22176823000.0,143.1,7324.7,8.8,14808093,2021-04-01,True,4.2668,3.2468,8.4916,1497.6151,6.778635740609018,3.061224489795933,8.157120450616496,7.9,-2.5118,0.1855,0.3345,0.9
2021-06-01,Prince Edward Island,250689000.0,144.8,78.9,12.4,160334,2021-04-01,True,11.7108,5.3091,6.4777,1563.5424,6.778635740609018,3.061224489795933,8.157120450616496,7.9,4.9321,2.2479,-1.6794,4.5
2021-06-01,Quebec,12970618000.0,137.7,4298.8,6.2,8556015,2021-04-01,True,5.039,3.6898,7.0632,1515.9649,6.778635740609018,3.061224489795933,8.157120450616496,7.9,-1.7396,0.6285,-1.094,-1.7
2021-06-01,Saskatchewan,1932940000.0,143.8,559.4,6.9,1167711,2021-04-01,True,10.4101,1.8414,5.3286,1655.324,6.778635740609018,3.061224489795933,8.157120450616496,7.9,3.6314,-1.2199,-2.8286,-1.0
2021-07-01,Alberta,7497697000.0,150.3,2235.0,8.4,4431531,2021-07-01,False,5.1623,3.7267,5.559,1691.8977,6.916536519335259,3.7172011661807725,6.264144617361911,7.4,-1.7543,0.0095,-0.7052,1.0
2021-07-01,British Columbia,8683015000.0,136.7,2694.7,6.4,5226665,2021-07-01,False,9.3409,3.092,7.7664,1661.2917,6.916536519335259,3.7172011661807725,6.264144617361911,7.4,2.4244,-0.6252,1.5023,-1.0
2021-07-01,Canada,60202542000.0,142.3,19016.5,7.4,38239864,2021-07-01,False,6.9165,3.7172,6.2641,1574.3399,6.916536519335259,3.7172011661807725,6.264144617361911,7.4,0.0,0.0,0.0,0.0
2021-07-01,Manitoba,2009774000.0,142.8,667.6,6.1,1391924,2021-07-01,False,3.953,3.5533,5.0842,1443.882,6.916536519335259,3.7172011661807725,6.264144617361911,7.4,-2.9635,-0.1639,-1.1799,-1.3
2021-07-01,New Brunswick,1250373000.0,142.5,363.4,9.5,790802,2021-07-01,False,6.2706,3.9387,2.5974,1581.1455,6.916536519335259,3.7172011661807725,6.264144617361911,7.4,-0.6459,0.2215,-3.6667,2.1
2021-07-01,Newfoundland and Labrador,837185000.0,145.8,226.5,13.2,527056,2021-07-01,False,0.3735,4.4413,8.0114,1588.4175,6.916536519335259,3.7172011661807725,6.264144617361911,7.4,-6.5431,0.7241,1.7473,5.8
2021-07-01,Nova Scotia,1607006000.0,144.2,477.5,8.5,999908,2021-07-01,False,12.8382,4.6444,7.4966,1607.1539,6.916536519335259,3.7172011661807725,6.264144617361911,7.4,5.9216,0.9272,1.2325,1.1
2021-07-01,Ontario,22859525000.0,143.7,7429.9,7.9,14842488,2021-07-01,False,7.1241,3.5303,7.4632,1540.141,6.916536519335259,3.7172011661807725,6.264144617361911,7.4,0.2076,-0.1869,1.1991,0.5
2021-07-01,Prince Edward Island,249698000.0,146.6,80.5,10.8,162133,2021-07-01,False,14.6761,6.0781,6.6225,1540.0813,6.916536519335259,3.7172011661807725,6.264144617361911,7.4,7.7595,2.3609,0.3584,3.4
2021-07-01,Quebec,13073874000.0,138.5,4285.6,6.2,8572020,2021-07-01,False,6.1472,4.1353,4.5829,1525.1801,6.916536519335259,3.7172011661807725,6.264144617361911,7.4,-0.7694,0.4181,-1.6812,-1.2
2021-07-01,Saskatchewan,1927505000.0,144.7,555.7,6.8,1167711,2021-07-01,False,7.6233,2.3338,1.5719,1650.6696,6.916536519335259,3.7172011661807725,6.264144617361911,7.4,0.7067,-1.3834,-4.6922,-0.6
2021-08-01,Alberta,7520949000.0,151.0,2257.8,8.0,4431531,2021-07-01,True,11.2452,4.7157,6.1695,1697.1446,8.982692103450507,4.0875912408758985,5.253374371873165,7.1,2.2625,0.6281,0.9161,0.9
2021-08-01,British Columbia,8673797000.0,137.0,2699.7,6.5,5226665,2021-07-01,True,8.763,3.4743,7.1735,1659.528,8.982692103450507,4.0875912408758985,5.253374371873165,7.1,-0.2197,-0.6133,1.9201,-0.6
2021-08-01,Canada,61117315000.0,142.6,19081.7,7.1,38239864,2021-07-01,True,8.9827,4.0876,5.2534,1598.2618,8.982692103450507,4.0875912408758985,5.253374371873165,7.1,0.0,0.0,0.0,0.0
2021-08-01,Manitoba,2018605000.0,143.2,664.9,5.7,1391924,2021-07-01,True,6.0057,4.3732,3.2614,1450.2264,8.982692103450507,4.0875912408758985,5.253374371873165,7.1,-2.977,0.2856,-1.992,-1.4
2021-08-01,New Brunswick,1275696000.0,143.0,360.4,9.6,790802,2021-07-01,True,7.6829,4.6852,1.5784,1613.1674,8.982692103450507,4.0875912408758985,5.253374371873165,7.1,-1.2998,0.5976,-3.675,2.5
2021-08-01,Newfoundland and Labrador,855467000.0,145.8,225.8,13.2,527056,2021-07-01,True,3.1112,4.8167,4.6824,1623.1046,8.982692103450507,4.0875912408758985,5.253374371873165,7.1,-5.8715,0.7291,-0.5709,6.1
2021-08-01,Nova Scotia,1643542000.0,144.5,478.4,8.0,999908,2021-07-01,True,11.1285,5.0909,6.6667,1643.6932,8.982692103450507,4.0875912408758985,5.253374371873165,7.1,2.1458,1.0033,1.4133,0.9
2021-08-01,Ontario,23452781000.0,144.1,7463.1,7.7,14842488,2021-07-01,True,10.1923,3.9683,5.8971,1580.1112,8.982692103450507,4.0875912408758985,5.253374371873165,7.1,1.2096,-0.1193,0.6438,0.6
2021-08-01,Prince Edward Island,261368000.0,147.0,80.3,10.8,162133,2021-07-01,True,17.1665,6.2907,3.881,1612.0592,8.982692103450507,4.0875912408758985,5.253374371873165,7.1,8.1838,2.2031,-1.3724,3.7
2021-08-01,Quebec,13253357000.0,138.7,4288.0,5.7,8572020,2021-07-01,True,6.341,4.3642,3.3477,1546.1183,8.982692103450507,4.0875912408758985,5.253374371873165,7.1,-2.6417,0.2766,-1.9057,-1.4
2021-08-01,Saskatchewan,1954579000.0,144.9,563.2,6.7,1167711,2021-07-01,True,10.314,2.9119,2.9804,1673.8551,8.982692103450507,4.0875912408758985,5.253374371873165,7.1,1.3313,-1.1757,-2.2729,-0.4
2021-09-01,Alberta,7633607000.0,150.8,2293.8,7.8,4431531,2021-07-01,True,2.0478,4.0,5.8416,1722.5665,4.849946626619195,4.382761139517899,3.7465172802181312,7.0,-2.8021,-0.3828,2.0951,0.8
2021-09-01,British Columbia,8727495000.0,137.2,2706.6,6.2,5226665,2021-07-01,True,5.4905,3.5472,4.6514,1669.8019,4.849946626619195,4.382761139517899,3.7465172802181312,7.0,0.6405,-0.8356,0.9049,-0.8
2021-09-01,Canada,60798116000.0,142.9,19251.1,7.0,38239864,2021-07-01,True,4.8499,4.3828,3.7465,1589.9145,4.849946626619195,4.382761139517899,3.7465172802181312,7.0,0.0,0.0,0.0,0.0
2021-09-01,Manitoba,2014120000.0,143.6,676.4,5.7,1391924,2021-07-01,True,3.2879,4.6647,2.237,1447.0043,4.849946626619195,4.382761139517899,3.7465172802181312,7.0,-1.5621,0.282,-1.5095,-1.3
2021-09-01,New Brunswick,1277172000.0,143.3,365.5,9.6,790802,2021-07-01,True,1.1755,5.1357,2.8708,1615.0339,4.849946626619195,4.382761139517899,3.7465172802181312,7.0,-3.6744,0.753,-0.8757,2.6
2021-09-01,Newfoundland and Labrador,885388000.0,145.6,224.5,14.0,527056,2021-07-01,True,6.8614,4.4476,1.8141,1679.8746,4.849946626619195,4.382761139517899,3.7465172802181312,7.0,2.0114,0.0649,-1.9325,7.0
2021-09-01,Nova Scotia,1699297000.0,144.6,482.4,7.9,999908,2021-07-01,True,16.533,5.1636,4.1676,1699.4533,4.849946626619195,4.382761139517899,3.7465172802181312,7.0,11.6831,0.7809,0.421,0.9
2021-09-01,Ontario,22751623000.0,144.4,7553.1,7.4,14842488,2021-07-01,True,3.5065,4.4107,4.4082,1532.8712,4.849946626619195,4.382761139517899,3.7465172802181312,7.0,-1.3435,0.0279,0.6617,0.4
2021-09-01,Prince Edward Island,263740000.0,146.9,80.2,11.5,162133,2021-07-01,True,10.8999,6.2952,4.0208,1626.6892,4.849946626619195,4.382761139517899,3.7465172802181312,7.0,6.05,1.9125,0.2742,4.5
2021-09-01,Quebec,13409984000.0,139.2,4302.9,5.9,8572020,2021-07-01,True,7.0843,5.0566,1.7018,1564.3902,4.849946626619195,4.382761139517899,3.7465172802181312,7.0,2.2343,0.6738,-2.0448,-1.1
2021-09-01,Saskatchewan,1930744000.0,145.4,565.7,6.4,1167711,2021-07-01,True,8.1919,3.267,1.0901,1653.4434,4.849946626619195,4.382761139517899,3.7465172802181312,7.0,3.342,-1.1157,-2.6565,-0.6
2021-10-01,Alberta,7839996000.0,151.5,2274.3,7.8,4451129,2021-10-01,False,5.7426,4.3388,4.1537,1761.35,5.445946198759666,4.654545454545467,3.608108979179625,6.5,0.2967,-0.3157,0.5456,1.3
2021-10-01,British Columbia,8740452000.0,137.9,2704.3,5.6,5269491,2021-10-01,False,3.7194,3.7622,3.2412,1658.69,5.445946198759666,4.654545454545467,3.608108979179625,6.5,-1.7266,-0.8923,-0.3669,-0.9
2021-10-01,Canada,61717971000.0,143.9,19288.1,6.5,38460257,2021-10-01,False,5.4459,4.6545,3.6081,1604.7207,5.445946198759666,4.654545454545467,3.608108979179625,6.5,0.0,0.0,0.0,0.0
2021-10-01,Manitoba,2078003000.0,144.6,676.7,5.0,1396656,2021-10-01,False,6.6335,4.7067,3.0926,1487.8417,5.445946198759666,4.654545454545467,3.608108979179625,6.5,1.1876,0.0522,-0.5155,-1.5
2021-10-01,New Brunswick,1282569000.0,144.5,367.2,9.4,795691,2021-10-01,False,7.5093,5.4745,2.6846,1611.8933,5.445946198759666,4.654545454545467,3.608108979179625,6.5,2.0634,0.8199,-0.9235,2.9
2021-10-01,Newfoundland and Labrador,891360000.0,146.8,224.8,13.6,528342,2021-10-01,False,8.1685,4.484,-0.575,1687.089,5.445946198759666,4.654545454545467,3.608108979179625,6.5,2.7225,-0.1706,-4.1831,7.1
2021-10-01,Nova Scotia,1662953000.0,145.9,480.8,7.9,1006562,2021-10-01,False,10.8257,5.4191,3.8894,1652.1118,5.445946198759666,4.654545454545467,3.608108979179625,6.5,5.3798,0.7645,0.2813,1.4
2021-10-01,Ontario,23340552000.0,145.7,7596.9,6.7,14947417,2021-10-01,False,4.4678,4.8956,4.3803,1561.5107,5.445946198759666,4.654545454545467,3.608108979179625,6.5,-0.9782,0.2411,0.7722,0.2
2021-10-01,Prince Edward Island,271890000.0,147.8,80.9,9.6,163580,2021-10-01,False,14.7448,6.6378,4.9287,1662.1225,5.445946198759666,4.654545454545467,3.608108979179625,6.5,9.2988,1.9833,1.3206,3.1
2021-10-01,Quebec,13401277000.0,140.2,4322.0,5.3,8604508,2021-10-01,False,5.8756,5.3343,3.0029,1557.4716,5.445946198759666,4.654545454545467,3.608108979179625,6.5,0.4297,0.6798,-0.6052,-1.2
2021-10-01,Saskatchewan,1999415000.0,146.1,560.4,5.9,1168934,2021-10-01,False,12.5425,3.178,0.1967,1710.4601,5.445946198759666,4.654545454545467,3.608108979179625,6.5,7.0966,-1.4766,-3.4114,-0.6
2021-11-01,Alberta,7903125000.0,151.6,2289.3,7.4,4451129,2021-10-01,True,5.8186,4.2641,4.8791,1775.5327,6.191447744235656,4.720406681191003,4.2214477211796275,6.1,-0.3728,-0.4563,0.6576,1.3
2021-11-01,British Columbia,8724617000.0,138.1,2724.5,5.5,5269491,2021-10-01,True,3.1651,3.6009,3.3887,1655.685,6.191447744235656,4.720406681191003,4.2214477211796275,6.1,-3.0263,-1.1195,-0.8327,-0.6
2021-11-01,Canada,62372150000.0,144.2,19437.3,6.1,38460257,2021-10-01,True,6.1914,4.7204,4.2214,1621.7299,6.191447744235656,4.720406681191003,4.2214477211796275,6.1,0.0,0.0,0.0,0.0
2021-11-01,Manitoba,2048403000.0,144.7,678.1,5.2,1396656,2021-10-01,True,12.0939,4.552,6.1023,1466.6482,6.191447744235656,4.720406681191003,4.2214477211796275,6.1,5.9025,-0.1684,1.8809,-0.9
2021-11-01,New Brunswick,1328254000.0,144.6,369.9,8.4,795691,2021-10-01,True,9.8654,5.7018,2.2954,1669.3088,6.191447744235656,4.720406681191003,4.2214477211796275,6.1,3.674,0.9813,-1.9261,2.3
2021-11-01,Newfoundland and Labrador,913933000.0,146.9,230.5,11.0,528342,2021-10-01,True,5.6889,4.1844,0.9636,1729.8133,6.191447744235656,4.720406681191003,4.2214477211796275,6.1,-0.5026,-0.536,-3.2578,4.9
2021-11-01,Nova Scotia,1667638000.0,146.0,480.6,8.7,1006562,2021-10-01,True,8.9088,5.2632,2.1033,1656.7663,6.191447744235656,4.720406681191003,4.2214477211796275,6.1,2.7174,0.5428,-2.1182,2.6
2021-11-01,Ontario,23665385000.0,146.0,7662.2,6.5,14947417,2021-10-01,True,6.689,5.036,4.92,1583.2424,6.191447744235656,4.720406681191003,4.2214477211796275,6.1,0.4976,0.3156,0.6985,0.4
2021-11-01,Prince Edward Island,267066000.0,148.0,83.0,8.9,163580,2021-10-01,True,9.225,7.0137,7.0968,1632.6324,6.191447744235656,4.720406681191003,4.2214477211796275,6.1,3.0335,2.2933,2.8753,2.8
2021-11-01,Quebec,13574946000.0,140.5,4358.6,4.5,8604508,2021-10-01,True,4.706,5.2434,3.8603,1577.6551,6.191447744235656,4.720406681191003,4.2214477211796275,6.1,-1.4855,0.523,-0.3612,-1.6
2021-11-01,Saskatchewan,2066804000.0,146.8,560.4,5.5,1168934,2021-10-01,True,16.6225,3.6723,0.9184,1768.1101,6.191447744235656,4.720406681191003,4.2214477211796275,6.1,10.4311,-1.0481,-3.303,-0.6
2021-12-01,Alberta,7624476000.0,151.7,2313.9,6.9,4451129,2021-10-01,True,3.2943,4.7652,6.5233,1712.9308,8.803281463954793,4.8034934497816595,4.932846377684652,5.9,-5.509,-0.0383,1.5905,1.0
2021-12-01,British Columbia,8642887000.0,138.0,2714.5,5.3,5269491,2021-10-01,True,2.1385,3.9157,3.0132,1640.1749,8.803281463954793,4.8034934497816595,4.932846377684652,5.9,-6.6648,-0.8878,-1.9197,-0.6
2021-12-01,Canada,61335552000.0,144.0,19508.8,5.9,38460257,2021-10-01,True,8.8033,4.8035,4.9328,1594.7775,8.803281463954793,4.8034934497816595,4.932846377684652,5.9,0.0,0.0,0.0,0.0
2021-12-01,Manitoba,2050939000.0,144.0,681.1,5.2,1396656,2021-10-01,True,20.4689,4.7273,7.7519,1468.464,8.803281463954793,4.8034934497816595,4.932846377684652,5.9,11.6657,-0.0762,2.8191,-0.7
2021-12-01,New Brunswick,1306201000.0,144.3,368.5,7.6,795691,2021-10-01,True,12.8062,5.4054,1.5431,1641.5933,8.803281463954793,4.8034934497816595,4.932846377684652,5.9,4.0029,0.6019,-3.3897,1.7
2021-12-01,Newfoundland and Labrador,873646000.0,146.3,228.2,12.1,528342,2021-10-01,True,12.4385,4.2023,0.6617,1653.5615,8.803281463954793,4.8034934497816595,4.932846377684652,5.9,3.6352,-0.6012,-4.2712,6.2
2021-12-01,Nova Scotia,1640409000.0,145.4,482.1,7.5,1006562,2021-10-01,True,12.8804,4.8306,3.5661,1629.7148,8.803281463954793,4.8034934497816595,4.932846377684652,5.9,4.0772,0.0271,-1.3668,1.6
2021-12-01,Ontario,23253532000.0,146.0,7716.4,6.3,14947417,2021-10-01,True,10.4093,5.1873,5.8753,1555.689,8.803281463954793,4.8034934497816595,4.932846377684652,5.9,1.606,0.3838,0.9424,0.4
2021-12-01,Prince Edward Island,261232000.0,147.4,84.2,8.5,163580,2021-10-01,True,12.8978,6.657,9.0674,1596.9678,8.803281463954793,4.8034934497816595,4.932846377684652,5.9,4.0945,1.8535,4.1345,2.6
2021-12-01,Quebec,13457059000.0,140.2,4354.2,4.6,8604508,2021-10-01,True,10.8562,5.0975,4.0903,1563.9545,8.803281463954793,4.8034934497816595,4.932846377684652,5.9,2.053,0.294,-0.8426,-1.3
2021-12-01,Saskatchewan,2009073000.0,145.9,565.8,5.6,1168934,2021-10-01,True,12.1391,3.5486,3.1165,1718.7224,8.803281463954793,4.8034934497816595,4.932846377684652,5.9,3.3358,-1.2549,-1.8164,-0.3
2022-01-01,Alberta,7704806000.0,152.8,2309.3,6.9,4466136,2022-01-01,False,2.0107,4.8011,5.597,1725.1615,14.021320831964301,5.137481910274988,4.965718977169553,6.4,-12.0107,-0.3364,0.6312,0.5
2022-01-01,British Columbia,8848131000.0,139.4,2726.7,5.1,5287664,2022-01-01,False,1.4855,4.3413,3.011,1673.3535,14.021320831964301,5.137481910274988,4.965718977169553,6.4,-12.5358,-0.7962,-1.9548,-1.3
2022-01-01,Canada,62902231000.0,145.3,19305.4,6.4,38565380,2022-01-01,False,14.0213,5.1375,4.9657,1631.0544,14.021320831964301,5.137481910274988,4.965718977169553,6.4,0.0,0.0,0.0,0.0
2022-01-01,Manitoba,2071787000.0,146.1,684.9,5.0,1400367,2022-01-01,False,7.0015,5.4874,7.5872,1479.46,14.021320831964301,5.137481910274988,4.965718977169553,6.4,-7.0199,0.3499,2.6215,-1.4
2022-01-01,New Brunswick,1314623000.0,145.5,363.9,8.4,798414,2022-01-01,False,6.3577,5.2822,-0.7094,1646.543,14.021320831964301,5.137481910274988,4.965718977169553,6.4,-7.6636,0.1447,-5.6751,2.0
2022-01-01,Newfoundland and Labrador,924791000.0,147.8,226.0,13.6,529008,2022-01-01,False,7.4033,4.0113,-1.8671,1748.1607,14.021320831964301,5.137481910274988,4.965718977169553,6.4,-6.618,-1.1262,-6.8328,7.2
2022-01-01,Nova Scotia,1562391000.0,147.2,483.1,7.1,1009355,2022-01-01,False,1.7837,4.918,2.049,1547.9103,14.021320831964301,5.137481910274988,4.965718977169553,6.4,-12.2376,-0.2194,-2.9167,0.7
2022-01-01,Ontario,23976781000.0,147.4,7552.3,7.4,14997903,2022-01-01,False,18.8203,5.6631,6.1805,1598.6756,14.021320831964301,5.137481910274988,4.965718977169553,6.4,4.799,0.5256,1.2148,1.0
2022-01-01,Prince Edward Island,266581000.0,149.6,82.4,9.6,164058,2022-01-01,False,7.5991,7.0866,5.5058,1624.9192,14.021320831964301,5.137481910274988,4.965718977169553,6.4,-6.4223,1.9491,0.54,3.2
2022-01-01,Quebec,14031563000.0,141.1,4307.1,5.0,8613282,2022-01-01,False,29.2181,5.0633,4.8211,1629.0611,14.021320831964301,5.137481910274988,4.965718977169553,6.4,15.1968,-0.0742,-0.1446,-1.4
2022-01-01,Saskatchewan,1992758000.0,147.8,569.6,5.4,1171063,2022-01-01,False,8.7641,4.1579,3.2632,1701.6659,14.021320831964301,5.137481910274988,4.965718977169553,6.4,-5.2572,-0.9796,-1.7025,-1.0
2022-02-01,Alberta,7872878000.0,154.5,2331.8,6.6,4466136,2022-01-01,True,2.7892,5.5328,5.6883,1762.7941,7.726833239136943,5.6875449964002955,5.351009016745389,5.5,-4.9377,-0.1548,0.3372,1.1
2022-02-01,British Columbia,8873580000.0,140.4,2750.5,4.8,5287664,2022-01-01,True,1.6914,4.698,3.3479,1678.1664,7.726833239136943,5.6875449964002955,5.351009016745389,5.5,-6.0355,-0.9896,-2.0031,-0.7
2022-02-01,Canada,63226183000.0,146.8,19629.0,5.5,38565380,2022-01-01,True,7.7268,5.6875,5.351,1639.4544,7.726833239136943,5.6875449964002955,5.351009016745389,5.5,0.0,0.0,0.0,0.0
2022-02-01,Manitoba,2138082000.0,147.4,690.7,4.5,1400367,2022-01-01,True,3.0907,6.1195,6.2289,1526.8012,7.726833239136943,5.6875449964002955,5.351009016745389,5.5,-4.6362,0.432,0.8778,-1.0
2022-02-01,New Brunswick,1334771000.0,147.0,368.7,7.5,798414,2022-01-01,True,7.736,5.9841,1.4864,1671.778,7.726833239136943,5.6875449964002955,5.351009016745389,5.5,0.0091,0.2966,-3.8646,2.0
2022-02-01,Newfoundland and Labrador,890605000.0,149.3,232.2,12.7,529008,2022-01-01,True,9.6712,5.1408,8.2517,1683.5379,7.726833239136943,5.6875449964002955,5.351009016745389,5.5,1.9444,-0.5467,2.9007,7.2
2022-02-01,Nova Scotia,1697375000.0,148.8,485.8,6.5,1009355,2022-01-01,True,7.1978,5.6818,2.2737,1681.6432,7.726833239136943,5.6875449964002955,5.351009016745389,5.5,-0.529,-0.0057,-3.0773,1.0
2022-02-01,Ontario,23927604000.0,148.8,7737.9,5.7,14997903,2022-01-01,True,12.2522,6.1341,7.0604,1595.3966,7.726833239136943,5.6875449964002955,5.351009016745389,5.5,4.5253,0.4465,1.7094,0.2
2022-02-01,Prince Edward Island,267041000.0,151.2,83.7,9.6,164058,2022-01-01,True,1.4004,7.3864,7.8608,1627.7231,7.726833239136943,5.6875449964002955,5.351009016745389,5.5,-6.3264,1.6988,2.5098,4.1
2022-02-01,Quebec,13976959000.0,142.6,4370.4,4.4,8613282,2022-01-01,True,7.8019,5.3954,3.9285,1622.7216,7.726833239136943,5.6875449964002955,5.351009016745389,5.5,0.075,-0.2921,-1.4225,-1.1
2022-02-01,Saskatchewan,2044266000.0,149.1,577.3,4.6,1171063,2022-01-01,True,10.6944,4.7051,4.7922,1745.6499,7.726833239136943,5.6875449964002955,5.351009016745389,5.5,2.9676,-0.9825,-0.5589,-0.9
2022-03-01,Alberta,8064834000.0,156.5,2329.0,6.3,4466136,2022-01-01,True,6.3745,6.5351,3.9547,1805.7744,3.757665320584791,6.6618911174785245,4.105335664706189,5.4,2.6169,-0.1268,-0.1507,0.9
2022-03-01,British Columbia,8849661000.0,143.0,2749.5,5.1,5287664,2022-01-01,True,1.4453,6.0044,2.5244,1673.6428,3.757665320584791,6.6618911174785245,4.105335664706189,5.4,-2.3124,-0.6574,-1.5809,-0.3
2022-03-01,Canada,64010320000.0,148.9,19647.8,5.4,38565380,2022-01-01,True,3.7577,6.6619,4.1053,1659.7871,3.757665320584791,6.6618911174785245,4.105335664706189,5.4,0.0,0.0,0.0,0.0
2022-03-01,Manitoba,2165993000.0,149.9,684.3,4.6,1400367,2022-01-01,True,1.7472,7.3782,4.2981,1546.7324,3.757665320584791,6.6618911174785245,4.105335664706189,5.4,-2.0105,0.7163,0.1928,-0.8
2022-03-01,New Brunswick,1363698000.0,149.5,371.7,7.2,798414,2022-01-01,True,7.0262,7.3994,2.0033,1708.0086,3.757665320584791,6.6618911174785245,4.105335664706189,5.4,3.2685,0.7375,-2.102,1.8
2022-03-01,Newfoundland and Labrador,929263000.0,151.9,231.1,13.3,529008,2022-01-01,True,6.6448,6.2981,2.6655,1756.6143,3.757665320584791,6.6618911174785245,4.105335664706189,5.4,2.8871,-0.3638,-1.4399,7.9
2022-03-01,Nova Scotia,1677337000.0,151.4,483.5,7.0,1009355,2022-01-01,True,3.8385,6.7701,2.0042,1661.7909,3.757665320584791,6.6618911174785245,4.105335664706189,5.4,0.0808,0.1082,-2.1011,1.6
2022-03-01,Ontario,24525937000.0,150.8,7753.1,5.4,14997903,2022-01-01,True,5.0581,6.9504,5.1724,1635.2911,3.757665320584791,6.6618911174785245,4.105335664706189,5.4,1.3004,0.2885,1.0671,0.0
2022-03-01,Prince Edward Island,267344000.0,154.7,84.6,8.8,164058,2022-01-01,True,3.8947,8.867,6.9532,1629.57,3.757665320584791,6.6618911174785245,4.105335664706189,5.4,0.1371,2.2051,2.8479,3.4
2022-03-01,Quebec,13918014000.0,144.5,4385.2,4.2,8613282,2022-01-01,True,1.0005,6.7208,3.7132,1615.8781,3.757665320584791,6.6618911174785245,4.105335664706189,5.4,-2.7571,0.0589,-0.3922,-1.2
2022-03-01,Saskatchewan,2036703000.0,151.4,575.8,4.9,1171063,2022-01-01,True,7.1527,5.6525,4.3116,1739.1917,3.757665320584791,6.6618911174785245,4.105335664706189,5.4,3.395,-1.0094,0.2063,-0.5
2022-04-01,Alberta,8059868000.0,157.0,2342.3,6.1,4482503,2022-04-01,False,4.7688,6.2965,5.3808,1798.0731,9.707357291270235,6.77120456165361,5.547344407672794,5.4,-4.9385,-0.4747,-0.1665,0.7
2022-04-01,British Columbia,8948202000.0,144.2,2761.4,4.9,5313881,2022-04-01,False,1.7002,6.6568,4.3692,1683.9297,9.707357291270235,6.77120456165361,5.547344407672794,5.4,-8.0071,-0.1144,-1.1782,-0.5
2022-04-01,Canada,64083589000.0,149.8,19709.7,5.4,38693009,2022-04-01,False,9.7074,6.7712,5.5473,1656.2059,9.707357291270235,6.77120456165361,5.547344407672794,5.4,0.0,0.0,0.0,0.0
2022-04-01,Manitoba,2086607000.0,151.1,687.2,4.8,1404837,2022-04-01,False,5.8925,7.468,3.4005,1485.3019,9.707357291270235,6.77120456165361,5.547344407672794,5.4,-3.8149,0.6968,-2.1468,-0.6
2022-04-01,New Brunswick,1347235000.0,150.9,375.4,6.9,801319,2022-04-01,False,1.7661,7.5552,2.8211,1681.2718,9.707357291270235,6.77120456165361,5.547344407672794,5.4,-7.9412,0.784,-2.7262,1.5
2022-04-01,Newfoundland and Labrador,936050000.0,153.0,232.0,11.4,529054,2022-04-01,False,2.9055,6.6202,2.8369,1769.2901,9.707357291270235,6.77120456165361,5.547344407672794,5.4,-6.8019,-0.151,-2.7105,6.0
2022-04-01,Nova Scotia,1671985000.0,152.4,491.4,6.1,1013351,2022-04-01,False,5.0062,7.0977,3.3873,1649.9564,9.707357291270235,6.77120456165361,5.547344407672794,5.4,-4.7012,0.3265,-2.16,0.7
2022-04-01,Ontario,24634331000.0,151.6,7784.2,5.6,15051975,2022-04-01,False,21.5171,6.9111,7.6817,1636.6179,9.707357291270235,6.77120456165361,5.547344407672794,5.4,11.8098,0.1399,2.1343,0.2
2022-04-01,Prince Edward Island,270135000.0,156.0,84.1,8.3,165396,2022-04-01,False,0.8587,8.9385,6.5906,1633.262,9.707357291270235,6.77120456165361,5.547344407672794,5.4,-8.8486,2.1673,1.0433,2.9
2022-04-01,Quebec,13862196000.0,145.5,4373.8,4.4,8628480,2022-04-01,False,3.0426,6.8282,3.9105,1606.5629,9.707357291270235,6.77120456165361,5.547344407672794,5.4,-6.6648,0.057,-1.6369,-1.0
2022-04-01,Saskatchewan,2054094000.0,152.4,577.9,5.2,1173461,2022-04-01,False,6.9956,5.9069,3.622,1750.4578,9.707357291270235,6.77120456165361,5.547344407672794,5.4,-2.7118,-0.8643,-1.9253,-0.2
2022-05-01,Alberta,8224780000.0,159.2,2359.3,5.9,4482503,2022-04-01,True,11.0686,7.1332,6.3466,1834.8632,15.704812152398894,7.730496453900715,6.120191584870827,5.2,-4.6362,-0.5973,0.2264,0.7
2022-05-01,British Columbia,8959611000.0,146.1,2773.7,4.5,5313881,2022-04-01,True,2.9072,8.1421,4.6284,1686.0767,15.704812152398894,7.730496453900715,6.120191584870827,5.2,-12.7977,0.4116,-1.4917,-0.7
2022-05-01,Canada,65991852000.0,151.9,19763.4,5.2,38693009,2022-04-01,True,15.7048,7.7305,6.1202,1705.5239,15.704812152398894,7.730496453900715,6.120191584870827,5.2,0.0,0.0,0.0,0.0
2022-05-01,Manitoba,2204165000.0,153.8,683.2,4.5,1404837,2022-04-01,True,11.3265,8.6926,3.3429,1568.9827,15.704812152398894,7.730496453900715,6.120191584870827,5.2,-4.3783,0.9621,-2.7773,-0.7
2022-05-01,New Brunswick,1414699000.0,153.8,373.6,7.3,801319,2022-04-01,True,11.0443,8.7694,2.3001,1765.4629,15.704812152398894,7.730496453900715,6.120191584870827,5.2,-4.6605,1.039,-3.8201,2.1
2022-05-01,Newfoundland and Labrador,922574000.0,155.8,236.9,10.2,529054,2022-04-01,True,6.9889,7.9695,6.3763,1743.8182,15.704812152398894,7.730496453900715,6.120191584870827,5.2,-8.7159,0.239,0.2561,5.0
2022-05-01,Nova Scotia,1721193000.0,155.7,492.6,7.0,1013351,2022-04-01,True,23.4212,8.805,8.1924,1698.5161,15.704812152398894,7.730496453900715,6.120191584870827,5.2,7.7164,1.0745,2.0722,1.8
2022-05-01,Ontario,25371058000.0,153.7,7791.0,5.4,15051975,2022-04-01,True,27.8574,7.784,8.2625,1685.5634,15.704812152398894,7.730496453900715,6.120191584870827,5.2,12.1526,0.0535,2.1423,0.2
2022-05-01,Prince Edward Island,280514000.0,160.2,85.4,7.9,165396,2022-04-01,True,13.1411,11.0957,7.5567,1696.0144,15.704812152398894,7.730496453900715,6.120191584870827,5.2,-2.5638,3.3652,1.4365,2.7
2022-05-01,Quebec,14586695000.0,147.6,4389.5,4.4,8628480,2022-04-01,True,11.143,7.5018,4.1375,1690.5289,15.704812152398894,7.730496453900715,6.120191584870827,5.2,-4.5618,-0.2287,-1.9827,-0.8
2022-05-01,Saskatchewan,2090681000.0,153.8,578.2,4.6,1173461,2022-04-01,True,5.0015,7.0285,3.4347,1781.6365,15.704812152398894,7.730496453900715,6.120191584870827,5.2,-10.7033,-0.702,-2.6855,-0.6
2022-06-01,Alberta,8190757000.0,161.4,2370.0,5.2,4482503,2022-04-01,True,7.4631,8.3949,6.2494,1827.2731,11.9801662550866,8.13295615275813,4.532559911931555,4.9,-4.5171,0.2619,1.7169,0.3
2022-06-01,British Columbia,9303459000.0,146.5,2771.2,4.6,5313881,2022-04-01,True,5.8716,7.8792,3.2143,1750.7842,11.9801662550866,8.13295615275813,4.532559911931555,4.9,-6.1085,-0.2537,-1.3183,-0.3
2022-06-01,Canada,66813170000.0,152.9,19750.8,4.9,38693009,2022-04-01,True,11.9802,8.133,4.5326,1726.7504,11.9801662550866,8.13295615275813,4.532559911931555,4.9,0.0,0.0,0.0,0.0
2022-06-01,Manitoba,2264642000.0,155.3,687.3,4.0,1404837,2022-04-01,True,12.9186,9.4433,4.8993,1612.0319,11.9801662550866,8.13295615275813,4.532559911931555,4.9,0.9384,1.3103,0.3667,-0.9
2022-06-01,New Brunswick,1383995000.0,154.4,376.5,6.4,801319,2022-04-01,True,11.48,9.1166,3.9194,1727.1461,11.9801662550866,8.13295615275813,4.532559911931555,4.9,-0.5002,0.9837,-0.6132,1.5
2022-06-01,Newfoundland and Labrador,921860000.0,156.2,234.9,10.4,529054,2022-04-01,True,8.6236,8.1717,3.7086,1742.4686,11.9801662550866,8.13295615275813,4.532559911931555,4.9,-3.3566,0.0388,-0.824,5.5
2022-06-01,Nova Scotia,1745022000.0,156.5,493.7,6.5,1013351,2022-04-01,True,7.4656,9.2877,4.3763,1722.0312,11.9801662550866,8.13295615275813,4.532559911931555,4.9,-4.5146,1.1548,-0.1562,1.6
2022-06-01,Ontario,25940324000.0,154.4,7773.1,5.1,15051975,2022-04-01,True,16.9704,7.8966,6.1218,1723.3834,11.9801662550866,8.13295615275813,4.532559911931555,4.9,4.9903,-0.2364,1.5892,0.2
2022-06-01,Prince Edward Island,289426000.0,160.6,86.4,5.9,165396,2022-04-01,True,15.4522,10.9116,9.5057,1749.8972,11.9801662550866,8.13295615275813,4.532559911931555,4.9,3.472,2.7786,4.9731,1.0
2022-06-01,Quebec,14407162000.0,148.7,4376.0,4.3,8628480,2022-04-01,True,11.0754,7.9884,1.7959,1669.7219,11.9801662550866,8.13295615275813,4.532559911931555,4.9,-0.9048,-0.1446,-2.7367,-0.6
2022-06-01,Saskatchewan,2138291000.0,155.4,581.8,4.0,1173461,2022-04-01,True,10.6238,8.0668,4.0043,1822.2088,11.9801662550866,8.13295615275813,4.532559911931555,4.9,-1.3564,-0.0662,-0.5283,-0.9
2022-07-01,Alberta,8347161000.0,161.4,2366.7,4.9,4512731,2022-07-01,False,11.3297,7.3852,5.8926,1849.6917,7.822604899308083,7.589599437807437,4.054373833250069,4.8,3.5071,-0.2044,1.8382,0.1
2022-07-01,British Columbia,8997816000.0,147.6,2784.2,4.6,5358845,2022-07-01,False,3.6255,7.9737,3.3213,1679.0588,7.822604899308083,7.589599437807437,4.054373833250069,4.8,-4.1971,0.3841,-0.733,-0.2
2022-07-01,Canada,64911949000.0,153.1,19787.5,4.8,38950132,2022-07-01,False,7.8226,7.5896,4.0544,1666.5399,7.822604899308083,7.589599437807437,4.054373833250069,4.8,0.0,0.0,0.0,0.0
2022-07-01,Manitoba,2240001000.0,155.3,687.7,3.9,1413498,2022-07-01,False,11.4554,8.7535,3.0108,1584.7217,7.822604899308083,7.589599437807437,4.054373833250069,4.8,3.6328,1.1639,-1.0436,-0.9
2022-07-01,New Brunswick,1397515000.0,153.9,375.9,7.4,808869,2022-07-01,False,11.7678,8.0,3.4397,1727.7396,7.822604899308083,7.589599437807437,4.054373833250069,4.8,3.9452,0.4104,-0.6146,2.6
2022-07-01,Newfoundland and Labrador,929241000.0,155.9,234.2,10.8,531257,2022-07-01,False,10.9959,6.9273,3.3996,1749.1365,7.822604899308083,7.589599437807437,4.054373833250069,4.8,3.1733,-0.6623,-0.6548,6.0
2022-07-01,Nova Scotia,1783462000.0,156.7,492.4,6.4,1024034,2022-07-01,False,10.9804,8.6685,3.1204,1741.6043,7.822604899308083,7.589599437807437,4.054373833250069,4.8,3.1578,1.0789,-0.934,1.6
2022-07-01,Ontario,24444068000.0,154.6,7788.2,5.1,15155836,2022-07-01,False,6.9317,7.5852,4.8224,1612.8485,7.822604899308083,7.589599437807437,4.054373833250069,4.8,-0.891,-0.0044,0.768,0.3
2022-07-01,Prince Edward Island,291018000.0,160.5,84.4,6.2,167200,2022-07-01,False,16.548,9.4816,4.8447,1740.5383,7.822604899308083,7.589599437807437,4.054373833250069,4.8,8.7254,1.892,0.7903,1.4
2022-07-01,Quebec,14193599000.0,148.6,4393.7,4.1,8669963,2022-07-01,False,8.5646,7.2924,2.5224,1637.1003,7.822604899308083,7.589599437807437,4.054373833250069,4.8,0.742,-0.2972,-1.532,-0.7
2022-07-01,Saskatchewan,2072356000.0,156.4,580.1,4.1,1178796,2022-07-01,False,7.5149,8.0857,4.3909,1758.0277,7.822604899308083,7.589599437807437,4.054373833250069,4.8,-0.3077,0.4961,0.3365,-0.7
2022-08-01,Alberta,8304860000.0,160.0,2367.1,5.6,4512731,2022-07-01,True,10.423,5.9603,4.841,1840.318,6.651072613382958,7.012622720897621,3.6658159388314404,5.2,3.772,-1.0524,1.1752,0.4
2022-08-01,British Columbia,9188450000.0,147.0,2780.5,4.6,5358845,2022-07-01,True,5.9334,7.2993,2.9929,1714.6325,6.651072613382958,7.012622720897621,3.6658159388314404,5.2,-0.7177,0.2866,-0.6729,-0.6
2022-08-01,Canada,65182272000.0,152.6,19781.2,5.2,38950132,2022-07-01,True,6.6511,7.0126,3.6658,1673.4801,6.651072613382958,7.012622720897621,3.6658159388314404,5.2,0.0,0.0,0.0,0.0
2022-08-01,Manitoba,2238083000.0,154.6,680.4,5.0,1413498,2022-07-01,True,10.8728,7.9609,2.3312,1583.3648,6.651072613382958,7.012622720897621,3.6658159388314404,5.2,4.2217,0.9483,-1.3346,-0.2
2022-08-01,New Brunswick,1360672000.0,153.6,379.0,7.0,808869,2022-07-01,True,6.6611,7.4126,5.1609,1682.1908,6.651072613382958,7.012622720897621,3.6658159388314404,5.2,0.0101,0.4,1.4951,1.8
2022-08-01,Newfoundland and Labrador,953393000.0,155.1,235.3,10.8,531257,2022-07-01,True,11.4471,6.3786,4.2073,1794.5985,6.651072613382958,7.012622720897621,3.6658159388314404,5.2,4.796,-0.634,0.5414,5.6
2022-08-01,Nova Scotia,1728361000.0,155.7,492.1,7.5,1024034,2022-07-01,True,5.1607,7.7509,2.8637,1687.7965,6.651072613382958,7.012622720897621,3.6658159388314404,5.2,-1.4903,0.7382,-0.8021,2.3
2022-08-01,Ontario,24523942000.0,154.1,7772.8,5.4,15155836,2022-07-01,True,4.5673,6.9396,4.1498,1618.1187,6.651072613382958,7.012622720897621,3.6658159388314404,5.2,-2.0838,-0.073,0.4839,0.2
2022-08-01,Prince Edward Island,281496000.0,159.2,84.6,7.5,167200,2022-07-01,True,7.701,8.2993,5.3549,1683.5885,6.651072613382958,7.012622720897621,3.6658159388314404,5.2,1.0499,1.2867,1.6891,2.3
2022-08-01,Quebec,14282964000.0,148.6,4409.7,4.3,8669963,2022-07-01,True,7.7687,7.1377,2.8382,1647.4077,6.651072613382958,7.012622720897621,3.6658159388314404,5.2,1.1176,0.1251,-0.8277,-0.9
2022-08-01,Saskatchewan,2103652000.0,154.8,579.8,4.5,1178796,2022-07-01,True,7.6269,6.8323,2.9474,1784.5768,6.651072613382958,7.012622720897621,3.6658159388314404,5.2,0.9758,-0.1803,-0.7184,-0.7
2022-09-01,Alberta,8215623000.0,160.1,2374.7,5.4,4512731,2022-07-01,True,7.6244,6.1671,3.5269,1820.5435,6.704539989364133,6.857942617214818,2.8310070593368764,5.1,0.9199,-0.6908,0.6959,0.3
2022-09-01,British Columbia,8996452000.0,147.8,2801.3,4.4,5358845,2022-07-01,True,3.0817,7.7259,3.4989,1678.8043,6.704539989364133,6.857942617214818,2.8310070593368764,5.1,-3.6228,0.868,0.6678,-0.7
2022-09-01,Canada,64874350000.0,152.7,19796.1,5.1,38950132,2022-07-01,True,6.7045,6.8579,2.831,1665.5746,6.704539989364133,6.857942617214818,2.8310070593368764,5.1,0.0,0.0,0.0,0.0
2022-09-01,Manitoba,2227200000.0,155.2,687.5,4.6,1413498,2022-07-01,True,10.5793,8.078,1.641,1575.6655,6.704539989364133,6.857942617214818,2.8310070593368764,5.1,3.8748,1.2201,-1.19,-0.5
2022-09-01,New Brunswick,1392594000.0,153.1,381.4,6.5,808869,2022-07-01,True,9.0373,6.8388,4.3502,1721.6558,6.704539989364133,6.857942617214818,2.8310070593368764,5.1,2.3328,-0.0191,1.5192,1.4
2022-09-01,Newfoundland and Labrador,944747000.0,154.5,236.1,10.0,531257,2022-07-01,True,6.7043,6.1126,5.167,1778.3239,6.704539989364133,6.857942617214818,2.8310070593368764,5.1,-0.0002,-0.7453,2.336,4.9
2022-09-01,Nova Scotia,1697697000.0,155.2,496.0,6.2,1024034,2022-07-01,True,-0.0942,7.3306,2.8192,1657.8522,6.704539989364133,6.857942617214818,2.8310070593368764,5.1,-6.7987,0.4726,-0.0118,1.1
2022-09-01,Ontario,24703672000.0,154.1,7751.2,5.5,15155836,2022-07-01,True,8.5798,6.7175,2.6228,1629.9775,6.704539989364133,6.857942617214818,2.8310070593368764,5.1,1.8753,-0.1405,-0.2082,0.4
2022-09-01,Prince Edward Island,278823000.0,159.2,81.8,8.8,167200,2022-07-01,True,5.7189,8.373,1.995,1667.6017,6.704539989364133,6.857942617214818,2.8310070593368764,5.1,-0.9857,1.5151,-0.836,3.7
2022-09-01,Quebec,14090619000.0,148.3,4409.4,4.4,8669963,2022-07-01,True,5.0756,6.5374,2.4751,1625.2225,6.704539989364133,6.857942617214818,2.8310070593368764,5.1,-1.629,-0.3206,-0.3559,-0.7
2022-09-01,Saskatchewan,2109355000.0,155.7,576.7,4.3,1178796,2022-07-01,True,9.2509,7.0839,1.9445,1789.4148,6.704539989364133,6.857942617214818,2.8310070593368764,5.1,2.5463,0.226,-0.8865,-0.8
2022-10-01,Alberta,8324907000.0,161.8,2375.0,5.5,4560275,2022-10-01,False,6.1851,6.7987,4.4277,1825.5274,6.136170613904346,6.879777623349548,3.0832482204053324,5.1,0.0489,-0.0811,1.3445,0.4
2022-10-01,British Columbia,9076964000.0,148.6,2798.7,4.6,5406059,2022-10-01,False,3.8501,7.7592,3.4907,1679.0353,6.136170613904346,6.879777623349548,3.0832482204053324,5.1,-2.2861,0.8795,0.4075,-0.5
2022-10-01,Canada,65505091000.0,153.8,19882.8,5.1,39284491,2022-10-01,False,6.1362,6.8798,3.0832,1667.4542,6.136170613904346,6.879777623349548,3.0832482204053324,5.1,0.0,0.0,0.0,0.0
2022-10-01,Manitoba,2245326000.0,156.7,693.1,4.5,1424475,2022-10-01,False,8.0521,8.3679,2.4235,1576.2481,6.136170613904346,6.879777623349548,3.0832482204053324,5.1,1.9159,1.4881,-0.6597,-0.6
2022-10-01,New Brunswick,1429186000.0,154.4,381.5,7.4,816420,2022-10-01,False,11.4315,6.8512,3.8943,1750.5524,6.136170613904346,6.879777623349548,3.0832482204053324,5.1,5.2953,-0.0286,0.8111,2.3
2022-10-01,Newfoundland and Labrador,964663000.0,156.4,236.7,10.6,533194,2022-10-01,False,8.2237,6.5395,5.2936,1809.2158,6.136170613904346,6.879777623349548,3.0832482204053324,5.1,2.0876,-0.3403,2.2103,5.5
2022-10-01,Nova Scotia,1778247000.0,157.1,495.6,6.8,1033146,2022-10-01,False,6.9331,7.6765,3.0782,1721.1962,6.136170613904346,6.879777623349548,3.0832482204053324,5.1,0.7969,0.7967,-0.005,1.7
2022-10-01,Ontario,24605031000.0,155.2,7804.3,5.5,15305369,2022-10-01,False,5.4175,6.5202,2.7301,1607.6078,6.136170613904346,6.879777623349548,3.0832482204053324,5.1,-0.7187,-0.3595,-0.3532,0.4
2022-10-01,Prince Edward Island,296433000.0,160.7,85.3,6.6,168939,2022-10-01,False,9.0268,8.728,5.4388,1754.6748,6.136170613904346,6.879777623349548,3.0832482204053324,5.1,2.8906,1.8482,2.3556,1.5
2022-10-01,Quebec,14398590000.0,149.2,4433.3,4.0,8718914,2022-10-01,False,7.4419,6.4194,2.5752,1651.4201,6.136170613904346,6.879777623349548,3.0832482204053324,5.1,1.3058,-0.4604,-0.5081,-1.1
2022-10-01,Saskatchewan,2165297000.0,157.8,579.1,4.9,1188295,2022-10-01,False,8.2965,8.0082,3.3369,1822.1881,6.136170613904346,6.879777623349548,3.0832482204053324,5.1,2.1604,1.1284,0.2537,-0.2
2022-11-01,Alberta,8271164000.0,161.6,2382.0,5.7,4560275,2022-10-01,True,4.6569,6.5963,4.0493,1813.7424,4.729820921677375,6.796116504854388,2.502919644189272,5.0,-0.0729,-0.1998,1.5464,0.7
2022-11-01,British Columbia,9058258000.0,148.1,2799.1,4.4,5406059,2022-10-01,True,3.8241,7.2411,2.7381,1675.5751,4.729820921677375,6.796116504854388,2.502919644189272,5.0,-0.9057,0.445,0.2352,-0.6
2022-11-01,Canada,65322241000.0,154.0,19923.8,5.0,39284491,2022-10-01,True,4.7298,6.7961,2.5029,1662.7997,4.729820921677375,6.796116504854388,2.502919644189272,5.0,0.0,0.0,0.0,0.0
2022-11-01,Manitoba,2273894000.0,157.0,692.7,4.2,1424475,2022-10-01,True,11.0081,8.5003,2.1531,1596.3032,4.729820921677375,6.796116504854388,2.502919644189272,5.0,6.2783,1.7042,-0.3498,-0.8
2022-11-01,New Brunswick,1388326000.0,155.9,378.8,7.0,816420,2022-10-01,True,4.5226,7.8147,2.4061,1700.5046,4.729820921677375,6.796116504854388,2.502919644189272,5.0,-0.2072,1.0185,-0.0969,2.0
2022-11-01,Newfoundland and Labrador,944302000.0,156.8,237.9,10.3,533194,2022-10-01,True,3.3229,6.7393,3.2104,1771.0289,4.729820921677375,6.796116504854388,2.502919644189272,5.0,-1.4069,-0.0568,0.7075,5.3
2022-11-01,Nova Scotia,1791966000.0,158.5,500.8,5.7,1033146,2022-10-01,True,7.4553,8.5616,4.2031,1734.4751,4.729820921677375,6.796116504854388,2.502919644189272,5.0,2.7255,1.7655,1.7002,0.7
2022-11-01,Ontario,24465206000.0,155.4,7819.5,5.6,15305369,2022-10-01,True,3.3797,6.4384,2.0529,1598.4721,4.729820921677375,6.796116504854388,2.502919644189272,5.0,-1.3501,-0.3578,-0.45,0.6
2022-11-01,Prince Edward Island,293475000.0,162.3,82.3,7.0,168939,2022-10-01,True,9.8886,9.6622,-0.8434,1737.1655,4.729820921677375,6.796116504854388,2.502919644189272,5.0,5.1587,2.866,-3.3463,2.0
2022-11-01,Quebec,14447717000.0,150.1,4451.7,3.8,8718914,2022-10-01,True,6.4293,6.8327,2.136,1657.0547,4.729820921677375,6.796116504854388,2.502919644189272,5.0,1.6995,0.0366,-0.3669,-1.2
2022-11-01,Saskatchewan,2169108000.0,157.0,579.1,4.4,1188295,2022-10-01,True,4.9499,6.9482,3.3369,1825.3952,4.729820921677375,6.796116504854388,2.502919644189272,5.0,0.22,0.1521,0.834,-0.6
2022-12-01,Alberta,8225769000.0,160.8,2393.1,5.7,4560275,2022-10-01,True,7.8864,5.9987,3.4228,1803.7879,5.524495809542884,6.319444444444433,2.5101492659722835,5.0,2.3619,-0.3208,0.9126,0.7
2022-12-01,British Columbia,8788552000.0,147.1,2808.4,4.2,5406059,2022-10-01,True,1.6854,6.5942,3.4592,1625.6856,5.524495809542884,6.319444444444433,2.5101492659722835,5.0,-3.8391,0.2748,0.9491,-0.8
2022-12-01,Canada,64724032000.0,153.1,19998.5,5.0,39284491,2022-10-01,True,5.5245,6.3194,2.5101,1647.5721,5.524495809542884,6.319444444444433,2.5101492659722835,5.0,0.0,0.0,0.0,0.0
2022-12-01,Manitoba,2243328000.0,155.5,693.8,4.5,1424475,2022-10-01,True,9.3805,7.9861,1.8646,1574.8455,5.524495809542884,6.319444444444433,2.5101492659722835,5.0,3.856,1.6667,-0.6455,-0.5
2022-12-01,New Brunswick,1372858000.0,153.4,382.3,7.5,816420,2022-10-01,True,5.1031,6.3063,3.7449,1681.5585,5.524495809542884,6.319444444444433,2.5101492659722835,5.0,-0.4214,-0.0131,1.2348,2.5
2022-12-01,Newfoundland and Labrador,959055000.0,154.6,239.8,9.6,533194,2022-10-01,True,9.7762,5.6733,5.0833,1798.698,5.524495809542884,6.319444444444433,2.5101492659722835,5.0,4.2517,-0.6462,2.5731,4.6
2022-12-01,Nova Scotia,1750040000.0,156.4,500.5,6.3,1033146,2022-10-01,True,6.6832,7.5653,3.8166,1693.8942,5.524495809542884,6.319444444444433,2.5101492659722835,5.0,1.1587,1.2459,1.3065,1.3
2022-12-01,Ontario,24273841000.0,154.8,7864.0,5.3,15305369,2022-10-01,True,4.3878,6.0274,1.9128,1585.969,5.524495809542884,6.319444444444433,2.5101492659722835,5.0,-1.1367,-0.292,-0.5973,0.3
2022-12-01,Prince Edward Island,285046000.0,158.8,84.1,5.7,168939,2022-10-01,True,9.116,7.7341,-0.1188,1687.2717,5.524495809542884,6.319444444444433,2.5101492659722835,5.0,3.5915,1.4146,-2.6289,0.7
2022-12-01,Quebec,14491642000.0,149.0,4453.0,4.1,8718914,2022-10-01,True,7.688,6.2767,2.2691,1662.0925,5.524495809542884,6.319444444444433,2.5101492659722835,5.0,2.1635,-0.0427,-0.2411,-0.9
2022-12-01,Saskatchewan,2117366000.0,155.7,579.4,4.3,1188295,2022-10-01,True,5.3902,6.7169,2.4037,1781.8521,5.524495809542884,6.319444444444433,2.5101492659722835,5.0,-0.1343,0.3975,-0.1065,-0.7
2023-01-01,Alberta,8840565000.0,160.5,2407.6,6.1,4596901,2023-01-01,False,14.7409,5.0393,4.2567,1923.1576,5.460536049985265,5.918788713007572,4.102997088897409,5.1,9.2804,-0.8795,0.1537,1.0
2023-01-01,British Columbia,9177182000.0,148.1,2811.9,4.5,5432939,2023-01-01,False,3.7189,6.241,3.1247,1689.1745,5.460536049985265,5.918788713007572,4.102997088897409,5.1,-1.7417,0.3222,-0.9783,-0.6
2023-01-01,Canada,66337030000.0,153.9,20097.5,5.1,39501329,2023-01-01,False,5.4605,5.9188,4.103,1679.362,5.460536049985265,5.918788713007572,4.102997088897409,5.1,0.0,0.0,0.0,0.0
2023-01-01,Manitoba,2299702000.0,156.2,692.9,4.6,1433655,2023-01-01,False,11.0009,6.9131,1.1681,1604.0833,5.460536049985265,5.918788713007572,4.102997088897409,5.1,5.5404,0.9943,-2.9349,-0.5
2023-01-01,New Brunswick,1371761000.0,154.9,382.9,7.1,819414,2023-01-01,False,4.3463,6.4605,5.2212,1674.0756,5.460536049985265,5.918788713007572,4.102997088897409,5.1,-1.1142,0.5417,1.1182,2.0
2023-01-01,Newfoundland and Labrador,990258000.0,155.9,236.2,10.9,535147,2023-01-01,False,7.0791,5.4804,4.5133,1850.4411,5.460536049985265,5.918788713007572,4.102997088897409,5.1,1.6186,-0.4384,0.4103,5.8
2023-01-01,Nova Scotia,1759539000.0,157.3,503.3,5.4,1036868,2023-01-01,False,12.6184,6.8614,4.1813,1696.9749,5.460536049985265,5.918788713007572,4.102997088897409,5.1,7.1578,0.9426,0.0783,0.3
2023-01-01,Ontario,24613305000.0,155.7,7900.4,5.3,15407970,2023-01-01,False,2.6548,5.6309,4.6092,1597.4398,5.460536049985265,5.918788713007572,4.102997088897409,5.1,-2.8058,-0.2879,0.5062,0.2
2023-01-01,Prince Edward Island,291599000.0,160.1,84.1,7.5,169942,2023-01-01,False,9.3848,7.0187,2.0631,1715.8737,5.460536049985265,5.918788713007572,4.102997088897409,5.1,3.9242,1.0999,-2.0399,2.4
2023-01-01,Quebec,14618239000.0,149.9,4494.1,4.3,8742975,2023-01-01,False,4.1811,6.2367,4.3417,1671.9983,5.460536049985265,5.918788713007572,4.102997088897409,5.1,-1.2794,0.3179,0.2387,-0.8
2023-01-01,Saskatchewan,2152256000.0,156.7,584.1,4.3,1195840,2023-01-01,False,8.0039,6.0217,2.5456,1799.7859,5.460536049985265,5.918788713007572,4.102997088897409,5.1,2.5433,0.1029,-1.5574,-0.8
2023-02-01,Alberta,8663680000.0,160.1,2408.1,6.1,4596901,2023-01-01,True,10.0446,3.6246,3.2722,1884.6784,3.428222133858694,5.245231607629419,2.6201029089612193,5.2,6.6164,-1.6206,0.652,0.9
2023-02-01,British Columbia,8696408000.0,149.1,2819.0,5.3,5432939,2023-01-01,True,-1.9966,6.1966,2.4905,1600.6821,3.428222133858694,5.245231607629419,2.6201029089612193,5.2,-5.4248,0.9513,-0.1296,0.1
2023-02-01,Canada,65393717000.0,154.5,20143.3,5.2,39501329,2023-01-01,True,3.4282,5.2452,2.6201,1655.4814,3.428222133858694,5.245231607629419,2.6201029089612193,5.2,0.0,0.0,0.0,0.0
2023-02-01,Manitoba,2199255000.0,156.9,697.6,4.9,1433655,2023-01-01,True,2.8611,6.445,0.999,1534.0197,3.428222133858694,5.245231607629419,2.6201029089612193,5.2,-0.5671,1.1998,-1.6211,-0.3
2023-02-01,New Brunswick,1482237000.0,155.6,386.8,6.1,819414,2023-01-01,True,11.048,5.8503,4.9091,1808.8988,3.428222133858694,5.245231607629419,2.6201029089612193,5.2,7.6198,0.6051,2.289,0.9
2023-02-01,Newfoundland and Labrador,953767000.0,157.4,237.8,10.0,535147,2023-01-01,True,7.092,5.4253,2.4117,1782.2524,3.428222133858694,5.245231607629419,2.6201029089612193,5.2,3.6638,0.1801,-0.2084,4.8
2023-02-01,Nova Scotia,1754810000.0,158.4,501.5,5.9,1036868,2023-01-01,True,3.3838,6.4516,3.2318,1692.4141,3.428222133858694,5.245231607629419,2.6201029089612193,5.2,-0.0445,1.2064,0.6117,0.7
2023-02-01,Ontario,24427785000.0,156.4,7932.1,5.2,15407970,2023-01-01,True,2.0904,5.1075,2.5097,1585.3993,3.428222133858694,5.245231607629419,2.6201029089612193,5.2,-1.3378,-0.1377,-0.1104,0.0
2023-02-01,Prince Edward Island,298989000.0,161.4,85.9,7.0,169942,2023-01-01,True,11.9637,6.746,2.6284,1759.3591,3.428222133858694,5.245231607629419,2.6201029089612193,5.2,8.5355,1.5008,0.0083,1.8
2023-02-01,Quebec,14673499000.0,150.6,4490.8,4.3,8742975,2023-01-01,True,4.9835,5.6101,2.7549,1678.3188,3.428222133858694,5.245231607629419,2.6201029089612193,5.2,1.5553,0.3649,0.1348,-0.9
2023-02-01,Saskatchewan,2020733000.0,157.6,583.6,4.4,1195840,2023-01-01,True,-1.1512,5.7009,1.0913,1689.8021,3.428222133858694,5.245231607629419,2.6201029089612193,5.2,-4.5794,0.4556,-1.5288,-0.8
2023-03-01,Alberta,8496489000.0,161.7,2424.9,5.9,4596901,2023-01-01,True,5.3523,3.3227,4.1176,1848.308,1.7834280472273756,4.298186702484896,2.885310314640832,5.1,3.5689,-0.9755,1.2323,0.8
2023-03-01,British Columbia,8996375000.0,149.7,2820.6,4.6,5432939,2023-01-01,True,1.6578,4.6853,2.5859,1655.8947,1.7834280472273756,4.298186702484896,2.885310314640832,5.1,-0.1256,0.3871,-0.2994,-0.5
2023-03-01,Canada,65151898000.0,155.3,20214.7,5.1,39501329,2023-01-01,True,1.7834,4.2982,2.8853,1649.3596,1.7834280472273756,4.298186702484896,2.885310314640832,5.1,0.0,0.0,0.0,0.0
2023-03-01,Manitoba,2214869000.0,157.7,705.6,4.7,1433655,2023-01-01,True,2.2565,5.2035,3.1127,1544.9107,1.7834280472273756,4.298186702484896,2.885310314640832,5.1,0.4731,0.9053,0.2274,-0.4
2023-03-01,New Brunswick,1351399000.0,155.8,389.1,5.9,819414,2023-01-01,True,-0.9019,4.214,4.6812,1649.2262,1.7834280472273756,4.298186702484896,2.885310314640832,5.1,-2.6853,-0.0841,1.7959,0.8
2023-03-01,Newfoundland and Labrador,935863000.0,157.0,237.8,10.4,535147,2023-01-01,True,0.7102,3.3575,2.8992,1748.7961,1.7834280472273756,4.298186702484896,2.885310314640832,5.1,-1.0732,-0.9407,0.0139,5.3
2023-03-01,Nova Scotia,1705681000.0,158.4,501.7,5.9,1036868,2023-01-01,True,1.6898,4.6235,3.7642,1645.032,1.7834280472273756,4.298186702484896,2.885310314640832,5.1,-0.0936,0.3253,0.8789,0.8
2023-03-01,Ontario,24232934000.0,157.3,7961.7,5.3,15407970,2023-01-01,True,-1.1947,4.3103,2.6905,1572.7532,1.7834280472273756,4.298186702484896,2.885310314640832,5.1,-2.9781,0.0122,-0.1948,0.2
2023-03-01,Prince Edward Island,282786000.0,160.7,87.1,6.9,169942,2023-01-01,True,5.7761,3.8785,2.9551,1664.0148,1.7834280472273756,4.298186702484896,2.885310314640832,5.1,3.9927,-0.4197,0.0698,1.8
2023-03-01,Quebec,14653122000.0,151.3,4502.9,4.2,8742975,2023-01-01,True,5.2817,4.7059,2.684,1675.9881,1.7834280472273756,4.298186702484896,2.885310314640832,5.1,3.4983,0.4077,-0.2013,-0.9
2023-03-01,Saskatchewan,2061753000.0,158.8,583.2,4.7,1195840,2023-01-01,True,1.2299,4.8877,1.2852,1724.1044,1.7834280472273756,4.298186702484896,2.885310314640832,5.1,-0.5535,0.5895,-1.6001,-0.4
2023-04-01,Alberta,8531992000.0,163.7,2424.4,5.9,4641615,2023-04-01,False,5.8577,4.2675,3.5051,1838.1516,2.2783321327399353,4.4058744993324295,2.7012080346225265,5.1,3.5794,-0.1384,0.8039,0.8
2023-04-01,British Columbia,8748978000.0,150.4,2818.1,5.1,5466566,2023-04-01,False,-2.2264,4.2996,2.0533,1600.4523,2.2783321327399353,4.4058744993324295,2.7012080346225265,5.1,-4.5047,-0.1063,-0.6479,0.0
2023-04-01,Canada,65543626000.0,156.4,20242.1,5.1,39727297,2023-04-01,False,2.2783,4.4059,2.7012,1649.8385,2.2783321327399353,4.4058744993324295,2.7012080346225265,5.1,0.0,0.0,0.0,0.0
2023-04-01,Manitoba,2203017000.0,159.4,700.6,4.9,1444049,2023-04-01,False,5.5789,5.4931,1.9499,1525.5833,2.2783321327399353,4.4058744993324295,2.7012080346225265,5.1,3.3006,1.0872,-0.7513,-0.2
2023-04-01,New Brunswick,1397136000.0,157.4,385.3,6.5,824150,2023-04-01,False,3.704,4.3075,2.6372,1695.2448,2.2783321327399353,4.4058744993324295,2.7012080346225265,5.1,1.4256,-0.0984,-0.064,1.4
2023-04-01,Newfoundland and Labrador,921291000.0,158.3,237.4,9.8,536635,2023-04-01,False,-1.5767,3.4641,2.3276,1716.7926,2.2783321327399353,4.4058744993324295,2.7012080346225265,5.1,-3.8551,-0.9418,-0.3736,4.7
2023-04-01,Nova Scotia,1819326000.0,159.3,503.8,6.3,1043723,2023-04-01,False,8.8123,4.5276,2.5234,1743.1119,2.2783321327399353,4.4058744993324295,2.7012080346225265,5.1,6.534,0.1217,-0.1778,1.2
2023-04-01,Ontario,24816515000.0,157.9,7992.2,5.0,15495050,2023-04-01,False,0.7396,4.1557,2.6721,1601.577,2.2783321327399353,4.4058744993324295,2.7012080346225265,5.1,-1.5388,-0.2502,-0.0291,-0.1
2023-04-01,Prince Edward Island,281456000.0,161.7,88.4,7.6,171736,2023-04-01,False,4.1909,3.6538,5.113,1638.8876,2.2783321327399353,4.4058744993324295,2.7012080346225265,5.1,1.9125,-0.752,2.4118,2.5
2023-04-01,Quebec,14568564000.0,152.5,4509.8,4.2,8772140,2023-04-01,False,5.0956,4.811,3.1094,1660.7765,2.2783321327399353,4.4058744993324295,2.7012080346225265,5.1,2.8173,0.4051,0.4082,-0.9
2023-04-01,Saskatchewan,2032158000.0,160.4,582.1,4.7,1201624,2023-04-01,False,-1.0679,5.2493,0.7268,1691.1763,2.2783321327399353,4.4058744993324295,2.7012080346225265,5.1,-3.3462,0.8435,-1.9744,-0.4
2023-05-01,Alberta,8637272000.0,164.1,2435.6,5.7,4641615,2023-04-01,True,5.0152,3.0779,3.234,1860.8334,-0.12036940560480325,3.3574720210664877,2.48186040863414,5.2,5.1356,-0.2796,0.7521,0.5
2023-05-01,British Columbia,9060073000.0,151.0,2831.9,5.0,5466566,2023-04-01,True,1.1213,3.3539,2.0983,1657.3609,-0.12036940560480325,3.3574720210664877,2.48186040863414,5.2,1.2416,-0.0036,-0.3836,-0.2
2023-05-01,Canada,65912418000.0,157.0,20253.9,5.2,39727297,2023-04-01,True,-0.1204,3.3575,2.4819,1659.1216,-0.12036940560480325,3.3574720210664877,2.48186040863414,5.2,0.0,0.0,0.0,0.0
2023-05-01,Manitoba,2248764000.0,159.1,707.0,5.0,1444049,2023-04-01,True,2.0234,3.446,3.4836,1557.2629,-0.12036940560480325,3.3574720210664877,2.48186040863414,5.2,2.1438,0.0886,1.0017,-0.2
2023-05-01,New Brunswick,1415573000.0,157.3,386.5,6.3,824150,2023-04-01,True,0.0618,2.2757,3.4529,1717.6157,-0.12036940560480325,3.3574720210664877,2.48186040863414,5.2,0.1821,-1.0818,0.971,1.1
2023-05-01,Newfoundland and Labrador,975626000.0,158.5,233.4,10.2,536635,2023-04-01,True,5.7504,1.733,-1.4774,1818.0439,-0.12036940560480325,3.3574720210664877,2.48186040863414,5.2,5.8708,-1.6245,-3.9593,5.0
2023-05-01,Nova Scotia,1770365000.0,158.8,500.0,6.1,1043723,2023-04-01,True,2.8569,1.991,1.5022,1696.202,-0.12036940560480325,3.3574720210664877,2.48186040863414,5.2,2.9772,-1.3665,-0.9796,0.9
2023-05-01,Ontario,24723582000.0,158.5,7981.3,5.5,15495050,2023-04-01,True,-2.552,3.123,2.4426,1595.5794,-0.12036940560480325,3.3574720210664877,2.48186040863414,5.2,-2.4317,-0.2345,-0.0393,0.3
2023-05-01,Prince Edward Island,292298000.0,161.3,89.4,7.2,171736,2023-04-01,True,4.2009,0.6866,4.6838,1702.0194,-0.12036940560480325,3.3574720210664877,2.48186040863414,5.2,4.3212,-2.6708,2.202,2.0
2023-05-01,Quebec,14531519000.0,153.5,4508.8,4.1,8772140,2023-04-01,True,-0.3783,3.9973,2.7178,1656.5535,-0.12036940560480325,3.3574720210664877,2.48186040863414,5.2,-0.2579,0.6398,0.236,-1.1
2023-05-01,Saskatchewan,2032467000.0,160.4,580.1,4.5,1201624,2023-04-01,True,-2.7845,4.2913,0.3286,1691.4334,-0.12036940560480325,3.3574720210664877,2.48186040863414,5.2,-2.6641,0.9338,-2.1533,-0.7
2023-06-01,Alberta,8449079000.0,164.4,2438.5,5.9,4641615,2023-04-01,True,3.1538,1.8587,2.8903,1820.2886,-1.2182388591949755,2.8122956180510084,2.9077303197845072,5.4,4.3721,-0.9536,-0.0174,0.5
2023-06-01,British Columbia,8884836000.0,151.6,2832.0,5.5,5466566,2023-04-01,True,-4.4996,3.4812,2.194,1625.3048,-1.2182388591949755,2.8122956180510084,2.9077303197845072,5.4,-3.2814,0.6689,-0.7137,0.1
2023-06-01,Canada,65999226000.0,157.2,20325.1,5.4,39727297,2023-04-01,True,-1.2182,2.8123,2.9077,1661.3067,-1.2182388591949755,2.8122956180510084,2.9077303197845072,5.4,0.0,0.0,0.0,0.0
2023-06-01,Manitoba,2217453000.0,158.5,706.4,4.8,1444049,2023-04-01,True,-2.0837,2.0605,2.779,1535.5802,-1.2182388591949755,2.8122956180510084,2.9077303197845072,5.4,-0.8655,-0.7518,-0.1287,-0.6
2023-06-01,New Brunswick,1454880000.0,157.6,385.7,6.6,824150,2023-04-01,True,5.1218,2.0725,2.4436,1765.3097,-1.2182388591949755,2.8122956180510084,2.9077303197845072,5.4,6.34,-0.7398,-0.4642,1.2
2023-06-01,Newfoundland and Labrador,936715000.0,158.9,236.6,9.2,536635,2023-04-01,True,1.6114,1.7286,0.7237,1745.5347,-1.2182388591949755,2.8122956180510084,2.9077303197845072,5.4,2.8297,-1.0837,-2.184,3.8
2023-06-01,Nova Scotia,1789770000.0,159.4,503.7,6.5,1043723,2023-04-01,True,2.5643,1.853,2.0255,1714.7941,-1.2182388591949755,2.8122956180510084,2.9077303197845072,5.4,3.7826,-0.9593,-0.8822,1.1
2023-06-01,Ontario,24902259000.0,158.4,8029.9,5.6,15495050,2023-04-01,True,-4.0017,2.5907,3.3037,1607.1106,-1.2182388591949755,2.8122956180510084,2.9077303197845072,5.4,-2.7835,-0.2216,0.396,0.2
2023-06-01,Prince Edward Island,299192000.0,161.0,87.6,8.1,171736,2023-04-01,True,3.3743,0.2491,1.3889,1742.1624,-1.2182388591949755,2.8122956180510084,2.9077303197845072,5.4,4.5925,-2.5632,-1.5188,2.7
2023-06-01,Quebec,14749026000.0,154.1,4521.5,4.2,8772140,2023-04-01,True,2.3729,3.6315,3.325,1681.3487,-1.2182388591949755,2.8122956180510084,2.9077303197845072,5.4,3.5911,0.8192,0.4172,-1.2
2023-06-01,Saskatchewan,2089301000.0,160.5,583.3,5.0,1201624,2023-04-01,True,-2.2911,3.2819,0.2578,1738.7311,-1.2182388591949755,2.8122956180510084,2.9077303197845072,5.4,-1.0728,0.4696,-2.6499,-0.4
2023-07-01,Alberta,8308798000.0,166.0,2454.8,5.9,4688576,2023-07-01,False,-0.4596,2.8501,3.7225,1772.1368,1.5751922654486883,3.2658393207054104,2.8775742261528903,5.4,-2.0348,-0.4158,0.8449,0.5
2023-07-01,British Columbia,9012593000.0,152.1,2832.8,5.5,5515296,2023-07-01,False,0.1642,3.0488,1.7456,1634.1087,1.5751922654486883,3.2658393207054104,2.8775742261528903,5.4,-1.411,-0.2171,-1.132,0.1
2023-07-01,Canada,65934437000.0,158.1,20356.9,5.4,40049088,2023-07-01,False,1.5752,3.2658,2.8776,1646.3405,1.5751922654486883,3.2658393207054104,2.8775742261528903,5.4,0.0,0.0,0.0,0.0
2023-07-01,Manitoba,2200046000.0,159.3,703.7,5.0,1453202,2023-07-01,False,-1.7837,2.5757,2.3266,1513.9299,1.5751922654486883,3.2658393207054104,2.8775742261528903,5.4,-3.3589,-0.6902,-0.551,-0.4
2023-07-01,New Brunswick,1471121000.0,158.3,389.8,6.3,831103,2023-07-01,False,5.2669,2.859,3.6978,1770.0826,1.5751922654486883,3.2658393207054104,2.8775742261528903,5.4,3.6917,-0.4068,0.8202,0.9
2023-07-01,Newfoundland and Labrador,970547000.0,159.8,238.7,9.1,538789,2023-07-01,False,4.4451,2.5016,1.9214,1801.349,1.5751922654486883,3.2658393207054104,2.8775742261528903,5.4,2.8699,-0.7642,-0.9561,3.7
2023-07-01,Nova Scotia,1745766000.0,162.1,505.9,7.5,1053005,2023-07-01,False,-2.1136,3.4461,2.7417,1657.8896,1.5751922654486883,3.2658393207054104,2.8775742261528903,5.4,-3.6888,0.1802,-0.1359,2.1
2023-07-01,Ontario,24745257000.0,159.6,8037.7,5.6,15632481,2023-07-01,False,1.2322,3.2342,3.2036,1582.9386,1.5751922654486883,3.2658393207054104,2.8775742261528903,5.4,-0.343,-0.0317,0.326,0.2
2023-07-01,Prince Edward Island,295466000.0,163.8,89.2,7.6,173734,2023-07-01,False,1.5284,2.0561,5.6872,1700.6804,1.5751922654486883,3.2658393207054104,2.8775742261528903,5.4,-0.0468,-1.2098,2.8096,2.2
2023-07-01,Quebec,14881830000.0,154.4,4524.7,4.4,8821696,2023-07-01,False,4.8489,3.9031,2.9815,1686.9579,1.5751922654486883,3.2658393207054104,2.8775742261528903,5.4,3.2737,0.6373,0.104,-1.0
2023-07-01,Saskatchewan,2069324000.0,161.1,579.6,5.2,1210257,2023-07-01,False,-0.1463,3.0051,-0.0862,1709.822,1.5751922654486883,3.2658393207054104,2.8775742261528903,5.4,-1.7215,-0.2607,-2.9638,-0.2
2023-08-01,Alberta,8379730000.0,166.8,2465.1,5.5,4688576,2023-07-01,True,0.9015,4.25,4.1401,1787.2655,1.1448649718745596,3.997378768020976,3.2480334863405735,5.4,-0.2433,0.2526,0.8921,0.1
2023-08-01,British Columbia,9007119000.0,152.6,2854.7,5.2,5515296,2023-07-01,True,-1.9735,3.8095,2.6686,1633.1162,1.1448649718745596,3.997378768020976,3.2480334863405735,5.4,-3.1183,-0.1879,-0.5794,-0.2
2023-08-01,Canada,65928521000.0,158.7,20423.7,5.4,40049088,2023-07-01,True,1.1449,3.9974,3.248,1646.1928,1.1448649718745596,3.997378768020976,3.2480334863405735,5.4,0.0,0.0,0.0,0.0
2023-08-01,Manitoba,2232114000.0,159.5,705.9,5.4,1453202,2023-07-01,True,-0.2667,3.1695,3.7478,1535.9971,1.1448649718745596,3.997378768020976,3.2480334863405735,5.4,-1.4116,-0.8279,0.4998,0.0
2023-08-01,New Brunswick,1446283000.0,158.9,390.1,7.5,831103,2023-07-01,True,6.2918,3.4505,2.9288,1740.1971,1.1448649718745596,3.997378768020976,3.2480334863405735,5.4,5.147,-0.5469,-0.3193,2.1
2023-08-01,Newfoundland and Labrador,931285000.0,161.0,240.4,8.6,538789,2023-07-01,True,-2.3189,3.804,2.1674,1728.4781,1.1448649718745596,3.997378768020976,3.2480334863405735,5.4,-3.4637,-0.1934,-1.0806,3.2
2023-08-01,Nova Scotia,1775867000.0,163.0,501.4,6.8,1053005,2023-07-01,True,2.7486,4.6885,1.8899,1686.4754,1.1448649718745596,3.997378768020976,3.2480334863405735,5.4,1.6038,0.6911,-1.3582,1.4
2023-08-01,Ontario,24782281000.0,159.9,8052.4,5.8,15632481,2023-07-01,True,1.0534,3.7638,3.5972,1585.307,1.1448649718745596,3.997378768020976,3.2480334863405735,5.4,-0.0914,-0.2336,0.3491,0.4
2023-08-01,Prince Edward Island,294915000.0,164.8,90.9,7.7,173734,2023-07-01,True,4.767,3.5176,7.4468,1697.5088,1.1448649718745596,3.997378768020976,3.2480334863405735,5.4,3.6222,-0.4798,4.1988,2.3
2023-08-01,Quebec,14769171000.0,155.4,4540.1,4.3,8821696,2023-07-01,True,3.4041,4.576,2.9571,1674.1873,1.1448649718745596,3.997378768020976,3.2480334863405735,5.4,2.2592,0.5787,-0.2909,-1.1
2023-08-01,Saskatchewan,2096468000.0,161.6,582.7,5.4,1210257,2023-07-01,True,-0.3415,4.3928,0.5002,1732.2503,1.1448649718745596,3.997378768020976,3.2480334863405735,5.4,-1.4864,0.3954,-2.7479,0.0
2023-09-01,Alberta,8454199000.0,166.0,2452.4,5.3,4688576,2023-07-01,True,2.9039,3.6852,3.272,1803.1485,2.862695348778055,3.7982973149967236,3.419865529068855,5.5,0.0412,-0.1131,-0.1479,-0.2
2023-09-01,British Columbia,9064102000.0,152.7,2874.0,5.4,5515296,2023-07-01,True,0.752,3.3153,2.5952,1643.448,2.862695348778055,3.7982973149967236,3.419865529068855,5.5,-2.1107,-0.483,-0.8246,-0.1
2023-09-01,Canada,66731505000.0,158.5,20473.1,5.5,40049088,2023-07-01,True,2.8627,3.7983,3.4199,1666.2428,2.862695348778055,3.7982973149967236,3.419865529068855,5.5,0.0,0.0,0.0,0.0
2023-09-01,Manitoba,2274589000.0,159.2,710.7,5.2,1453202,2023-07-01,True,2.1277,2.5773,3.3745,1565.2256,2.862695348778055,3.7982973149967236,3.419865529068855,5.5,-0.735,-1.221,-0.0453,-0.3
2023-09-01,New Brunswick,1469325000.0,159.3,388.7,7.2,831103,2023-07-01,True,5.5099,4.0496,1.914,1767.9217,2.862695348778055,3.7982973149967236,3.419865529068855,5.5,2.6472,0.2513,-1.5059,1.7
2023-09-01,Newfoundland and Labrador,936800000.0,160.8,240.9,9.4,538789,2023-07-01,True,-0.8412,4.0777,2.033,1738.714,2.862695348778055,3.7982973149967236,3.419865529068855,5.5,-3.7039,0.2794,-1.3868,3.9
2023-09-01,Nova Scotia,1786886000.0,162.7,503.2,7.1,1053005,2023-07-01,True,5.2535,4.8325,1.4516,1696.9397,2.862695348778055,3.7982973149967236,3.419865529068855,5.5,2.3908,1.0342,-1.9683,1.6
2023-09-01,Ontario,25151150000.0,159.7,8067.1,5.8,15632481,2023-07-01,True,1.8114,3.634,4.0755,1608.9033,2.862695348778055,3.7982973149967236,3.419865529068855,5.5,-1.0513,-0.1643,0.6556,0.3
2023-09-01,Prince Edward Island,292540000.0,163.7,92.7,6.6,173734,2023-07-01,True,4.9196,2.8266,13.3252,1683.8385,2.862695348778055,3.7982973149967236,3.419865529068855,5.5,2.0569,-0.9717,9.9053,1.1
2023-09-01,Quebec,14918960000.0,155.4,4554.5,4.5,8821696,2023-07-01,True,5.8787,4.7876,3.2907,1691.1669,2.862695348778055,3.7982973149967236,3.419865529068855,5.5,3.016,0.9893,-0.1292,-1.0
2023-09-01,Saskatchewan,2161949000.0,161.2,589.0,4.8,1210257,2023-07-01,True,2.4934,3.5324,2.1328,1786.3553,2.862695348778055,3.7982973149967236,3.419865529068855,5.5,-0.3693,-0.2659,-1.287,-0.7
2023-10-01,Alberta,8421060000.0,165.2,2475.0,5.8,4752173,2023-10-01,False,1.155,2.1014,4.2105,1772.0441,1.7775717615597264,3.1209362808842567,3.113243607540195,5.7,-0.6226,-1.0196,1.0973,0.1
2023-10-01,British Columbia,9002367000.0,152.6,2879.9,5.3,5572694,2023-10-01,False,-0.8218,2.6918,2.9013,1615.4425,1.7775717615597264,3.1209362808842567,3.113243607540195,5.7,-2.5994,-0.4291,-0.2119,-0.4
2023-10-01,Canada,66669491000.0,158.6,20501.8,5.7,40467722,2023-10-01,False,1.7776,3.1209,3.1132,1647.4733,1.7775717615597264,3.1209362808842567,3.113243607540195,5.7,0.0,0.0,0.0,0.0
2023-10-01,Manitoba,2263495000.0,159.6,712.9,5.1,1462439,2023-10-01,False,0.8092,1.8507,2.8567,1547.7534,1.7775717615597264,3.1209362808842567,3.113243607540195,5.7,-0.9684,-1.2703,-0.2565,-0.6
2023-10-01,New Brunswick,1466975000.0,158.8,391.1,6.7,840130,2023-10-01,False,2.6441,2.8497,2.5164,1746.1286,1.7775717615597264,3.1209362808842567,3.113243607540195,5.7,0.8665,-0.2712,-0.5969,1.0
2023-10-01,Newfoundland and Labrador,952266000.0,160.2,239.8,9.9,541126,2023-10-01,False,-1.2851,2.4297,1.3097,1759.7861,1.7775717615597264,3.1209362808842567,3.113243607540195,5.7,-3.0627,-0.6913,-1.8036,4.2
2023-10-01,Nova Scotia,1793915000.0,162.2,513.2,6.5,1062825,2023-10-01,False,0.8811,3.2463,3.5513,1687.8743,1.7775717615597264,3.1209362808842567,3.113243607540195,5.7,-0.8965,0.1254,0.438,0.8
2023-10-01,Ontario,24975707000.0,160.3,8055.4,6.2,15823956,2023-10-01,False,1.5065,3.2861,3.2175,1578.3479,1.7775717615597264,3.1209362808842567,3.113243607540195,5.7,-0.2711,0.1651,0.1042,0.5
2023-10-01,Prince Edward Island,292896000.0,163.4,92.6,6.2,176173,2023-10-01,False,-1.1932,1.6801,8.558,1662.5476,1.7775717615597264,3.1209362808842567,3.113243607540195,5.7,-2.9708,-1.4408,5.4448,0.5
2023-10-01,Quebec,15008776000.0,155.4,4545.7,4.9,8882501,2023-10-01,False,4.2378,4.1555,2.5354,1689.7016,1.7775717615597264,3.1209362808842567,3.113243607540195,5.7,2.4602,1.0346,-0.5779,-0.8
2023-10-01,Saskatchewan,2257235000.0,160.6,596.3,4.3,1222152,2023-10-01,False,4.246,1.7744,2.9701,1846.9348,1.7775717615597264,3.1209362808842567,3.113243607540195,5.7,2.4684,-1.3465,-0.1431,-1.4
2023-11-01,Alberta,8402835000.0,165.6,2479.5,6.0,4752173,2023-10-01,True,1.5919,2.4752,4.0932,1768.209,1.7121105811418902,3.116883116883118,3.0034431182806465,5.8,-0.1202,-0.6416,1.0898,0.2
2023-11-01,British Columbia,9053094000.0,152.8,2887.0,5.4,5572694,2023-10-01,True,-0.057,3.1735,3.1403,1624.5453,1.7121105811418902,3.116883116883118,3.0034431182806465,5.8,-1.7691,0.0566,0.1369,-0.4
2023-11-01,Canada,66440630000.0,158.8,20522.2,5.8,40467722,2023-10-01,True,1.7121,3.1169,3.0034,1641.8179,1.7121105811418902,3.116883116883118,3.0034431182806465,5.8,0.0,0.0,0.0,0.0
2023-11-01,Manitoba,2248638000.0,159.8,713.6,4.9,1462439,2023-10-01,True,-1.1107,1.7834,3.0172,1537.5944,1.7121105811418902,3.116883116883118,3.0034431182806465,5.8,-2.8228,-1.3334,0.0137,-0.9
2023-11-01,New Brunswick,1489968000.0,158.5,393.2,6.6,840130,2023-10-01,True,7.3212,1.6677,3.8015,1773.497,1.7121105811418902,3.116883116883118,3.0034431182806465,5.8,5.6091,-1.4491,0.798,0.8
2023-11-01,Newfoundland and Labrador,956033000.0,160.1,240.3,9.8,541126,2023-10-01,True,1.2423,2.1046,1.0088,1766.7475,1.7121105811418902,3.116883116883118,3.0034431182806465,5.8,-0.4698,-1.0123,-1.9946,4.0
2023-11-01,Nova Scotia,1769136000.0,162.5,512.6,6.7,1062825,2023-10-01,True,-1.274,2.5237,2.3562,1664.56,1.7121105811418902,3.116883116883118,3.0034431182806465,5.8,-2.9861,-0.5932,-0.6472,0.9
2023-11-01,Ontario,24941387000.0,160.6,8063.9,6.1,15823956,2023-10-01,True,1.9464,3.3462,3.1255,1576.179,1.7121105811418902,3.116883116883118,3.0034431182806465,5.8,0.2342,0.2293,0.1221,0.3
2023-11-01,Prince Edward Island,300309000.0,162.9,91.8,7.6,176173,2023-10-01,True,2.3286,0.3697,11.5431,1704.6256,1.7121105811418902,3.116883116883118,3.0034431182806465,5.8,0.6165,-2.7472,8.5397,1.8
2023-11-01,Quebec,14952210000.0,155.5,4542.3,5.1,8882501,2023-10-01,True,3.4919,3.5976,2.0352,1683.3333,1.7121105811418902,3.116883116883118,3.0034431182806465,5.8,1.7797,0.4807,-0.9683,-0.7
2023-11-01,Saskatchewan,2096825000.0,160.6,598.0,4.9,1222152,2023-10-01,True,-3.3324,2.293,3.2637,1715.6827,1.7121105811418902,3.116883116883118,3.0034431182806465,5.8,-5.0445,-0.8239,0.2602,-0.9
2023-12-01,Alberta,8393397000.0,165.6,2480.9,6.5,4752173,2023-10-01,True,2.0378,2.9851,3.6689,1766.2229,2.4759381492178933,3.396472893533642,2.6606995524664168,5.8,-0.4381,-0.4114,1.0082,0.7
2023-12-01,British Columbia,9062904000.0,152.1,2901.8,5.6,5572694,2023-10-01,True,3.1217,3.399,3.3257,1626.3057,2.4759381492178933,3.396472893533642,2.6606995524664168,5.8,0.6458,0.0026,0.665,-0.2
2023-12-01,Canada,66326559000.0,158.3,20530.6,5.8,40467722,2023-10-01,True,2.4759,3.3965,2.6607,1638.9991,2.4759381492178933,3.396472893533642,2.6606995524664168,5.8,0.0,0.0,0.0,0.0
2023-12-01,Manitoba,2224605000.0,158.2,716.6,4.2,1462439,2023-10-01,True,-0.8346,1.7363,3.2862,1521.1609,2.4759381492178933,3.396472893533642,2.6606995524664168,5.8,-3.3105,-1.6601,0.6256,-1.6
2023-12-01,New Brunswick,1468788000.0,157.8,394.4,6.3,840130,2023-10-01,True,6.9876,2.8683,3.1651,1748.2866,2.4759381492178933,3.396472893533642,2.6606995524664168,5.8,4.5117,-0.5282,0.5044,0.5
2023-12-01,Newfoundland and Labrador,972762000.0,159.8,241.4,10.3,541126,2023-10-01,True,1.4292,3.3635,0.6672,1797.6627,2.4759381492178933,3.396472893533642,2.6606995524664168,5.8,-1.0467,-0.033,-1.9935,4.5
2023-12-01,Nova Scotia,1795824000.0,162.1,515.3,6.0,1062825,2023-10-01,True,2.6162,3.6445,2.957,1689.6705,2.4759381492178933,3.396472893533642,2.6606995524664168,5.8,0.1402,0.248,0.2963,0.2
2023-12-01,Ontario,25024852000.0,160.0,8038.2,6.2,15823956,2023-10-01,True,3.0939,3.3592,2.2152,1581.4536,2.4759381492178933,3.396472893533642,2.6606995524664168,5.8,0.618,-0.0373,-0.4455,0.4
2023-12-01,Prince Edward Island,284327000.0,163.0,92.0,7.8,176173,2023-10-01,True,-0.2522,2.6448,9.3936,1613.9079,2.4759381492178933,3.396472893533642,2.6606995524664168,5.8,-2.7282,-0.7516,6.7329,2.0
2023-12-01,Quebec,14755430000.0,155.0,4547.2,4.8,8882501,2023-10-01,True,1.8203,4.0268,2.1154,1661.1797,2.4759381492178933,3.396472893533642,2.6606995524664168,5.8,-0.6557,0.6304,-0.5453,-1.0
2023-12-01,Saskatchewan,2110678000.0,159.9,602.8,4.8,1222152,2023-10-01,True,-0.3159,2.6975,4.0387,1727.0176,2.4759381492178933,3.396472893533642,2.6606995524664168,5.8,-2.7918,-0.699,1.378,-1.0
2024-01-01,Alberta,8395621000.0,165.9,2488.1,6.4,4801806,2024-01-01,False,-5.033,3.3645,3.3436,1748.4299,1.1351608596284812,2.8589993502274202,2.26197288219927,5.7,-6.1681,0.5055,1.0816,0.7
2024-01-01,British Columbia,8814883000.0,152.6,2903.7,5.3,5601024,2024-01-01,False,-3.9478,3.0385,3.2647,1573.7985,1.1351608596284812,2.8589993502274202,2.26197288219927,5.7,-5.083,0.1795,1.0027,-0.4
2024-01-01,Canada,67090062000.0,158.3,20552.1,5.7,40724526,2024-01-01,False,1.1352,2.859,2.262,1647.4117,1.1351608596284812,2.8589993502274202,2.26197288219927,5.7,0.0,0.0,0.0,0.0
2024-01-01,Manitoba,2262967000.0,157.5,724.2,4.2,1472261,2024-01-01,False,-1.5974,0.8323,4.5172,1537.0692,1.1351608596284812,2.8589993502274202,2.26197288219927,5.7,-2.7325,-2.0267,2.2553,-1.5
2024-01-01,New Brunswick,1513101000.0,158.5,395.4,7.1,844859,2024-01-01,False,10.3035,2.3241,3.2646,1790.9509,1.1351608596284812,2.8589993502274202,2.26197288219927,5.7,9.1684,-0.5349,1.0026,1.4
2024-01-01,Newfoundland and Labrador,967774000.0,159.8,247.8,10.0,542449,2024-01-01,False,-2.2705,2.5016,4.9111,1784.0829,1.1351608596284812,2.8589993502274202,2.26197288219927,5.7,-3.4057,-0.3574,2.6491,4.3
2024-01-01,Nova Scotia,1819160000.0,162.0,517.3,7.1,1067878,2024-01-01,False,3.3884,2.9879,2.7816,1703.5279,1.1351608596284812,2.8589993502274202,2.26197288219927,5.7,2.2533,0.1289,0.5197,1.4
2024-01-01,Ontario,25934861000.0,159.9,8051.0,6.1,15946146,2024-01-01,False,5.3693,2.6975,1.9062,1626.4031,1.1351608596284812,2.8589993502274202,2.26197288219927,5.7,4.2341,-0.1615,-0.3557,0.4
2024-01-01,Prince Edward Island,302541000.0,162.6,92.2,7.3,176757,2024-01-01,False,3.7524,1.5615,9.6314,1711.621,1.1351608596284812,2.8589993502274202,2.26197288219927,5.7,2.6173,-1.2975,7.3694,1.6
2024-01-01,Quebec,14767544000.0,154.8,4535.0,4.7,8909038,2024-01-01,False,1.0214,3.2688,0.9101,1657.5913,1.1351608596284812,2.8589993502274202,2.26197288219927,5.7,-0.1138,0.4098,-1.3519,-1.0
2024-01-01,Saskatchewan,2078225000.0,159.7,597.4,4.8,1230316,2024-01-01,False,-3.4397,1.9145,2.277,1689.1799,1.1351608596284812,2.8589993502274202,2.26197288219927,5.7,-4.5749,-0.9445,0.015,-0.9
2024-02-01,Alberta,8418580000.0,166.8,2503.4,6.3,4801806,2024-01-01,True,-2.8291,4.1849,3.9575,1753.2112,2.7031266627648654,2.783171521035599,2.236475651953751,5.9,-5.5322,1.4017,1.721,0.4
2024-02-01,British Columbia,8952506000.0,153.0,2909.7,5.2,5601024,2024-01-01,True,2.9449,2.6157,3.2175,1598.3695,2.7031266627648654,2.783171521035599,2.236475651953751,5.9,0.2417,-0.1675,0.981,-0.7
2024-02-01,Canada,67161392000.0,158.8,20593.8,5.9,40724526,2024-01-01,True,2.7031,2.7832,2.2365,1649.1633,2.7031266627648654,2.783171521035599,2.236475651953751,5.9,0.0,0.0,0.0,0.0
2024-02-01,Manitoba,2202628000.0,158.3,716.5,4.7,1472261,2024-01-01,True,0.1534,0.8923,2.7093,1496.0853,2.7031266627648654,2.783171521035599,2.236475651953751,5.9,-2.5498,-1.8909,0.4728,-1.2
2024-02-01,New Brunswick,1462733000.0,158.9,396.0,6.9,844859,2024-01-01,True,-1.3158,2.1208,2.3785,1731.3339,2.7031266627648654,2.783171521035599,2.236475651953751,5.9,-4.019,-0.6623,0.142,1.0
2024-02-01,Newfoundland and Labrador,1000440000.0,160.6,246.6,10.0,542449,2024-01-01,True,4.8935,2.033,3.7006,1844.3024,2.7031266627648654,2.783171521035599,2.236475651953751,5.9,2.1904,-0.7501,1.4641,4.1
2024-02-01,Nova Scotia,1805562000.0,162.8,524.6,6.1,1067878,2024-01-01,True,2.8922,2.7778,4.6062,1690.7943,2.7031266627648654,2.783171521035599,2.236475651953751,5.9,0.189,-0.0054,2.3697,0.2
2024-02-01,Ontario,26004500000.0,160.2,8054.6,6.6,15946146,2024-01-01,True,6.4546,2.4297,1.5444,1630.7702,2.7031266627648654,2.783171521035599,2.236475651953751,5.9,3.7515,-0.3535,-0.6921,0.7
2024-02-01,Prince Edward Island,293416000.0,163.8,91.9,7.0,176757,2024-01-01,True,-1.8639,1.487,6.9849,1659.9965,2.7031266627648654,2.783171521035599,2.236475651953751,5.9,-4.5671,-1.2962,4.7484,1.1
2024-02-01,Quebec,14702148000.0,155.5,4550.6,4.9,8909038,2024-01-01,True,0.1952,3.2537,1.3316,1650.2509,2.7031266627648654,2.783171521035599,2.236475651953751,5.9,-2.5079,0.4705,-0.9049,-1.0
2024-02-01,Saskatchewan,2083272000.0,160.3,600.1,5.0,1230316,2024-01-01,True,3.0949,1.7132,2.8273,1693.2821,2.7031266627648654,2.783171521035599,2.236475651953751,5.9,0.3917,-1.07,0.5908,-0.9
2024-03-01,Alberta,8409819000.0,167.3,2507.2,6.5,4801806,2024-01-01,True,-1.0201,3.4632,3.394,1751.3867,2.306982676084135,2.8976175144880933,2.008934092516834,6.1,-3.3271,0.5656,1.385,0.4
2024-03-01,British Columbia,8948558000.0,153.8,2915.3,5.6,5601024,2024-01-01,True,-0.5315,2.7388,3.3574,1597.6646,2.306982676084135,2.8976175144880933,2.008934092516834,6.1,-2.8385,-0.1588,1.3485,-0.5
2024-03-01,Canada,66654941000.0,159.8,20620.8,6.1,40724526,2024-01-01,True,2.307,2.8976,2.0089,1636.7272,2.306982676084135,2.8976175144880933,2.008934092516834,6.1,0.0,0.0,0.0,0.0
2024-03-01,Manitoba,2219536000.0,159.0,713.7,5.3,1472261,2024-01-01,True,0.2107,0.8244,1.148,1507.5696,2.306982676084135,2.8976175144880933,2.008934092516834,6.1,-2.0963,-2.0733,-0.861,-0.8
2024-03-01,New Brunswick,1461779000.0,159.8,394.2,8.0,844859,2024-01-01,True,8.1678,2.5674,1.3107,1730.2047,2.306982676084135,2.8976175144880933,2.008934092516834,6.1,5.8608,-0.3302,-0.6982,1.9
2024-03-01,Newfoundland and Labrador,981813000.0,161.9,245.9,10.1,542449,2024-01-01,True,4.9099,3.121,3.4062,1809.9637,2.306982676084135,2.8976175144880933,2.008934092516834,6.1,2.6029,0.2234,1.3973,4.0
2024-03-01,Nova Scotia,1785104000.0,163.7,522.8,6.6,1067878,2024-01-01,True,4.6564,3.346,4.2057,1671.6366,2.306982676084135,2.8976175144880933,2.008934092516834,6.1,2.3494,0.4483,2.1968,0.5
2024-03-01,Ontario,25477144000.0,161.4,8092.5,6.8,15946146,2024-01-01,True,5.1344,2.6065,1.6429,1597.6992,2.306982676084135,2.8976175144880933,2.008934092516834,6.1,2.8274,-0.2911,-0.3661,0.7
2024-03-01,Prince Edward Island,301445000.0,164.8,91.3,7.7,176757,2024-01-01,True,6.5983,2.5513,4.822,1705.4204,2.306982676084135,2.8976175144880933,2.008934092516834,6.1,4.2913,-0.3463,2.8131,1.6
2024-03-01,Quebec,14786536000.0,156.7,4542.8,4.9,8909038,2024-01-01,True,0.9105,3.5691,0.8861,1659.7231,2.306982676084135,2.8976175144880933,2.008934092516834,6.1,-1.3965,0.6715,-1.1228,-1.2
2024-03-01,Saskatchewan,2047409000.0,161.2,595.0,5.4,1230316,2024-01-01,True,-0.6957,1.5113,2.0233,1664.1326,2.306982676084135,2.8976175144880933,2.008934092516834,6.1,-3.0027,-1.3863,0.0144,-0.7
2024-04-01,Alberta,8843180000.0,168.6,2512.6,7.4,4857695,2024-04-01,False,3.6473,2.9933,3.638,1820.4478,2.601105712399865,2.6854219948849067,2.138118080633933,6.2,1.0462,0.3079,1.4999,1.2
2024-04-01,British Columbia,8976138000.0,154.7,2928.9,5.1,5638043,2024-04-01,False,2.5964,2.859,3.9317,1592.0663,2.601105712399865,2.6854219948849067,2.138118080633933,6.2,-0.0047,0.1736,1.7936,-1.1
2024-04-01,Canada,67248485000.0,160.6,20674.9,6.2,40990297,2024-04-01,False,2.6011,2.6854,2.1381,1640.5952,2.601105712399865,2.6854219948849067,2.138118080633933,6.2,0.0,0.0,0.0,0.0
2024-04-01,Manitoba,2259708000.0,160.0,716.5,5.5,1483553,2024-04-01,False,2.5733,0.3764,2.2695,1523.1731,2.601105712399865,2.6854219948849067,2.138118080633933,6.2,-0.0278,-2.309,0.1314,-0.7
2024-04-01,New Brunswick,1504433000.0,162.0,401.1,7.1,850930,2024-04-01,False,7.6798,2.9225,4.1007,1767.9868,2.601105712399865,2.6854219948849067,2.138118080633933,6.2,5.0787,0.2371,1.9626,0.9
2024-04-01,Newfoundland and Labrador,1003770000.0,162.4,244.6,9.6,544318,2024-04-01,False,8.9525,2.59,3.0329,1844.0875,2.601105712399865,2.6854219948849067,2.138118080633933,6.2,6.3514,-0.0954,0.8947,3.4
2024-04-01,Nova Scotia,1798020000.0,164.3,522.9,6.0,1074020,2024-04-01,False,-1.1711,3.1387,3.7912,1674.1029,2.601105712399865,2.6854219948849067,2.138118080633933,6.2,-3.7722,0.4533,1.6531,-0.2
2024-04-01,Ontario,25237074000.0,162.2,8114.1,6.8,16046534,2024-04-01,False,1.6947,2.7232,1.5252,1572.743,2.601105712399865,2.6854219948849067,2.138118080633933,6.2,-0.9064,0.0378,-0.6129,0.6
2024-04-01,Prince Edward Island,307294000.0,165.9,91.8,7.5,178022,2024-04-01,False,9.1801,2.5974,3.8462,1726.1574,2.601105712399865,2.6854219948849067,2.138118080633933,6.2,6.579,-0.088,1.708,1.3
2024-04-01,Quebec,14946847000.0,157.0,4546.8,5.1,8945468,2024-04-01,False,2.5966,2.9508,0.8204,1670.8849,2.601105712399865,2.6854219948849067,2.138118080633933,6.2,-0.0045,0.2654,-1.3177,-1.1
2024-04-01,Saskatchewan,2134083000.0,162.0,595.6,5.8,1238591,2024-04-01,False,5.0156,0.9975,2.3192,1722.9925,2.601105712399865,2.6854219948849067,2.138118080633933,6.2,2.4145,-1.6879,0.1811,-0.4
2024-05-01,Alberta,8532721000.0,169.1,2500.7,7.2,4857695,2024-04-01,True,-1.2105,3.0469,2.6729,1756.537,1.4708715435079345,2.866242038216571,2.238087479448403,6.3,-2.6813,0.1807,0.4348,0.9
2024-05-01,British Columbia,8914176000.0,155.4,2923.2,5.5,5638043,2024-04-01,True,-1.6103,2.9139,3.224,1581.0763,1.4708715435079345,2.866242038216571,2.238087479448403,6.3,-3.0812,0.0477,0.9859,-0.8
2024-05-01,Canada,66881905000.0,161.5,20707.2,6.3,40990297,2024-04-01,True,1.4709,2.8662,2.2381,1631.6521,1.4708715435079345,2.866242038216571,2.238087479448403,6.3,0.0,0.0,0.0,0.0
2024-05-01,Manitoba,2240453000.0,161.1,724.2,5.0,1483553,2024-04-01,True,-0.3696,1.2571,2.4328,1510.1941,1.4708715435079345,2.866242038216571,2.238087479448403,6.3,-1.8405,-1.6092,0.1947,-1.3
2024-05-01,New Brunswick,1476923000.0,161.9,398.5,7.4,850930,2024-04-01,True,4.3339,2.9243,3.1048,1735.6575,1.4708715435079345,2.866242038216571,2.238087479448403,6.3,2.8631,0.0581,0.8667,1.1
2024-05-01,Newfoundland and Labrador,1004801000.0,162.7,242.7,9.8,544318,2024-04-01,True,2.9904,2.6498,3.9846,1845.9816,1.4708715435079345,2.866242038216571,2.238087479448403,6.3,1.5195,-0.2164,1.7465,3.5
2024-05-01,Nova Scotia,1803083000.0,164.7,519.1,6.6,1074020,2024-04-01,True,1.8481,3.7154,3.82,1678.817,1.4708715435079345,2.866242038216571,2.238087479448403,6.3,0.3772,0.8491,1.5819,0.3
2024-05-01,Ontario,25273959000.0,163.2,8152.5,6.7,16046534,2024-04-01,True,2.2261,2.9653,2.145,1575.0416,1.4708715435079345,2.866242038216571,2.238087479448403,6.3,0.7553,0.0991,-0.0931,0.4
2024-05-01,Prince Edward Island,293847000.0,166.4,91.9,7.4,178022,2024-04-01,True,0.5299,3.1618,2.7964,1650.6218,1.4708715435079345,2.866242038216571,2.238087479448403,6.3,-0.9409,0.2956,0.5583,1.1
2024-05-01,Quebec,14980570000.0,158.2,4553.0,5.2,8945468,2024-04-01,True,3.0902,3.0619,0.9803,1674.6547,1.4708715435079345,2.866242038216571,2.238087479448403,6.3,1.6193,0.1956,-1.2578,-1.1
2024-05-01,Saskatchewan,2125118000.0,162.8,601.5,5.6,1238591,2024-04-01,True,4.5585,1.4963,3.689,1715.7544,1.4708715435079345,2.866242038216571,2.238087479448403,6.3,3.0877,-1.37,1.4509,-0.7
2024-06-01,Alberta,8465277000.0,169.4,2511.3,7.2,4857695,2024-04-01,True,0.1917,3.0414,2.9854,1742.653,0.6703578614694727,2.6717557251908497,1.884369572597433,6.4,-0.4786,0.3696,1.1011,0.8
2024-06-01,British Columbia,8776221000.0,155.5,2916.9,5.4,5638043,2024-04-01,True,-1.2225,2.5726,2.9979,1556.6077,0.6703578614694727,2.6717557251908497,1.884369572597433,6.4,-1.8928,-0.0992,1.1135,-1.0
2024-06-01,Canada,66441657000.0,161.4,20708.1,6.4,40990297,2024-04-01,True,0.6704,2.6718,1.8844,1620.9118,0.6703578614694727,2.6717557251908497,1.884369572597433,6.4,0.0,0.0,0.0,0.0
2024-06-01,Manitoba,2217089000.0,160.7,724.7,5.5,1483553,2024-04-01,True,-0.0164,1.388,2.5906,1494.4454,0.6703578614694727,2.6717557251908497,1.884369572597433,6.4,-0.6868,-1.2837,0.7062,-0.9
2024-06-01,New Brunswick,1465444000.0,162.0,401.1,7.5,850930,2024-04-01,True,0.7261,2.7919,3.9927,1722.1675,0.6703578614694727,2.6717557251908497,1.884369572597433,6.4,0.0558,0.1201,2.1084,1.1
2024-06-01,Newfoundland and Labrador,1024086000.0,162.5,246.8,9.5,544318,2024-04-01,True,9.3274,2.2656,4.3111,1881.4112,0.6703578614694727,2.6717557251908497,1.884369572597433,6.4,8.657,-0.4062,2.4267,3.1
2024-06-01,Nova Scotia,1789589000.0,165.0,520.1,6.5,1074020,2024-04-01,True,-0.0101,3.5132,3.2559,1666.253,0.6703578614694727,2.6717557251908497,1.884369572597433,6.4,-0.6805,0.8414,1.3715,0.1
2024-06-01,Ontario,25206447000.0,163.1,8155.4,7.0,16046534,2024-04-01,True,1.2215,2.9672,1.5629,1570.8344,0.6703578614694727,2.6717557251908497,1.884369572597433,6.4,0.5512,0.2954,-0.3215,0.6
2024-06-01,Prince Edward Island,287250000.0,166.4,92.5,8.1,178022,2024-04-01,True,-3.9914,3.354,5.5936,1613.5646,0.6703578614694727,2.6717557251908497,1.884369572597433,6.4,-4.6618,0.6823,3.7092,1.7
2024-06-01,Quebec,14857326000.0,157.5,4538.2,5.6,8945468,2024-04-01,True,0.7343,2.2064,0.3693,1660.8774,0.6703578614694727,2.6717557251908497,1.884369572597433,6.4,0.0639,-0.4654,-1.515,-0.8
2024-06-01,Saskatchewan,2112974000.0,162.8,601.1,5.5,1238591,2024-04-01,True,1.1331,1.433,3.0516,1705.9497,0.6703578614694727,2.6717557251908497,1.884369572597433,6.4,0.4627,-1.2387,1.1672,-0.9
2024-07-01,Alberta,8778598000.0,170.4,2516.8,7.1,4909030,2024-07-01,False,5.6542,2.6506,2.5257,1788.2551,2.809472688755954,2.5300442757748343,1.8087233321379736,6.4,2.8448,0.1206,0.7169,0.7
2024-07-01,British Columbia,8994978000.0,156.4,2916.6,5.7,5671114,2024-07-01,False,-0.1954,2.8271,2.9582,1586.1042,2.809472688755954,2.5300442757748343,1.8087233321379736,6.4,-3.0049,0.297,1.1495,-0.7
2024-07-01,Canada,67786847000.0,162.1,20725.1,6.4,41262329,2024-07-01,False,2.8095,2.53,1.8087,1642.8265,2.809472688755954,2.5300442757748343,1.8087233321379736,6.4,0.0,0.0,0.0,0.0
2024-07-01,Manitoba,2265266000.0,162.2,722.0,5.9,1492144,2024-07-01,False,2.9645,1.8205,2.6005,1518.1283,2.809472688755954,2.5300442757748343,1.8087233321379736,6.4,0.155,-0.7096,0.7918,-0.5
2024-07-01,New Brunswick,1479312000.0,162.9,400.9,7.1,858293,2024-07-01,False,0.5568,2.9059,2.8476,1723.5513,2.809472688755954,2.5300442757748343,1.8087233321379736,6.4,-2.2527,0.3758,1.0389,0.7
2024-07-01,Newfoundland and Labrador,1033385000.0,163.1,245.7,9.7,546869,2024-07-01,False,6.4745,2.0651,2.9326,1889.639,2.809472688755954,2.5300442757748343,1.8087233321379736,6.4,3.665,-0.465,1.1238,3.3
2024-07-01,Nova Scotia,1805985000.0,165.9,516.3,6.8,1082769,2024-07-01,False,3.4494,2.3442,2.0557,1667.9319,2.809472688755954,2.5300442757748343,1.8087233321379736,6.4,0.64,-0.1858,0.247,0.4
2024-07-01,Ontario,25595906000.0,163.9,8175.1,6.8,16144797,2024-07-01,False,3.4376,2.6942,1.7094,1585.3966,2.809472688755954,2.5300442757748343,1.8087233321379736,6.4,0.6282,0.1642,-0.0993,0.4
2024-07-01,Prince Edward Island,292413000.0,167.1,91.5,8.5,179709,2024-07-01,False,-1.0333,2.0147,2.5785,1627.1472,2.809472688755954,2.5300442757748343,1.8087233321379736,6.4,-3.8428,-0.5154,0.7698,2.1
2024-07-01,Quebec,15079223000.0,157.9,4534.2,5.6,8995474,2024-07-01,False,1.3264,2.2668,0.21,1676.3122,2.809472688755954,2.5300442757748343,1.8087233321379736,6.4,-1.4831,-0.2632,-1.5988,-0.8
2024-07-01,Saskatchewan,2221580000.0,163.6,606.0,5.4,1247868,2024-07-01,False,7.3578,1.5518,4.5549,1780.3005,2.809472688755954,2.5300442757748343,1.8087233321379736,6.4,4.5483,-0.9782,2.7461,-1.0
2024-08-01,Alberta,8511455000.0,170.2,2522.5,7.3,4909030,2024-07-01,True,1.5719,2.0384,2.3285,1733.8364,2.541689051389451,1.953371140516702,1.6485749398982508,6.6,-0.9697,0.085,0.6799,0.7
2024-08-01,British Columbia,9000468000.0,156.2,2914.4,5.7,5671114,2024-07-01,True,-0.0738,2.3591,2.0913,1587.0723,2.541689051389451,1.953371140516702,1.6485749398982508,6.6,-2.6155,0.4057,0.4427,-0.9
2024-08-01,Canada,67604219000.0,161.8,20760.4,6.6,41262329,2024-07-01,True,2.5417,1.9534,1.6486,1638.4005,2.541689051389451,1.953371140516702,1.6485749398982508,6.6,0.0,0.0,0.0,0.0
2024-08-01,Manitoba,2285756000.0,161.5,728.0,5.7,1492144,2024-07-01,True,2.4032,1.2539,3.1308,1531.8602,2.541689051389451,1.953371140516702,1.6485749398982508,6.6,-0.1385,-0.6995,1.4822,-0.9
2024-08-01,New Brunswick,1505539000.0,161.8,403.4,6.3,858293,2024-07-01,True,4.0971,1.825,3.4094,1754.1084,2.541689051389451,1.953371140516702,1.6485749398982508,6.6,1.5554,-0.1283,1.7608,-0.3
2024-08-01,Newfoundland and Labrador,1029130000.0,163.1,244.6,10.3,546869,2024-07-01,True,10.5065,1.3043,1.7471,1881.8584,2.541689051389451,1.953371140516702,1.6485749398982508,6.6,7.9648,-0.649,0.0985,3.7
2024-08-01,Nova Scotia,1830875000.0,165.0,520.5,6.6,1082769,2024-07-01,True,3.0975,1.227,3.8093,1690.9193,2.541689051389451,1.953371140516702,1.6485749398982508,6.6,0.5558,-0.7264,2.1608,0.0
2024-08-01,Ontario,25689183000.0,163.3,8170.3,7.2,16144797,2024-07-01,True,3.6595,2.1263,1.4642,1591.1741,2.541689051389451,1.953371140516702,1.6485749398982508,6.6,1.1178,0.173,-0.1844,0.6
2024-08-01,Prince Edward Island,301029000.0,166.8,92.8,8.0,179709,2024-07-01,True,2.0731,1.2136,2.0902,1675.0914,2.541689051389451,1.953371140516702,1.6485749398982508,6.6,-0.4685,-0.7398,0.4416,1.4
2024-08-01,Quebec,15047423000.0,157.7,4559.9,5.5,8995474,2024-07-01,True,1.884,1.4801,0.4361,1672.7771,2.541689051389451,1.953371140516702,1.6485749398982508,6.6,-0.6577,-0.4733,-1.2125,-1.1
2024-08-01,Saskatchewan,2164068000.0,163.4,604.0,5.5,1247868,2024-07-01,True,3.2245,1.1139,3.6554,1734.2123,2.541689051389451,1.953371140516702,1.6485749398982508,6.6,0.6828,-0.8395,2.0068,-1.1
2024-09-01,Alberta,8854602000.0,169.2,2517.0,7.4,4909030,2024-07-01,True,4.7361,1.9277,2.6342,1803.7376,2.3823290063666347,1.6403785488958933,1.5771915342571496,6.5,2.3538,0.2873,1.057,0.9
2024-09-01,British Columbia,9145763000.0,155.8,2900.4,5.9,5671114,2024-07-01,True,0.9009,2.0301,0.9186,1612.6925,2.3823290063666347,1.6403785488958933,1.5771915342571496,6.5,-1.4814,0.3897,-0.6586,-0.6
2024-09-01,Canada,68321269000.0,161.1,20796.0,6.5,41262329,2024-07-01,True,2.3823,1.6404,1.5772,1655.7783,2.3823290063666347,1.6403785488958933,1.5771915342571496,6.5,0.0,0.0,0.0,0.0
2024-09-01,Manitoba,2255668000.0,160.4,729.9,5.6,1492144,2024-07-01,True,-0.8318,0.7538,2.7016,1511.6959,2.3823290063666347,1.6403785488958933,1.5771915342571496,6.5,-3.2142,-0.8866,1.1244,-0.9
2024-09-01,New Brunswick,1506823000.0,160.7,400.2,6.4,858293,2024-07-01,True,2.5521,0.8788,2.9586,1755.6044,2.3823290063666347,1.6403785488958933,1.5771915342571496,6.5,0.1697,-0.7615,1.3814,-0.1
2024-09-01,Newfoundland and Labrador,1032195000.0,161.9,245.6,10.2,546869,2024-07-01,True,10.1831,0.6841,1.951,1887.463,2.3823290063666347,1.6403785488958933,1.5771915342571496,6.5,7.8007,-0.9563,0.3738,3.7
2024-09-01,Nova Scotia,1813498000.0,164.1,522.5,6.4,1082769,2024-07-01,True,1.4893,0.8605,3.8355,1674.8706,2.3823290063666347,1.6403785488958933,1.5771915342571496,6.5,-0.893,-0.7799,2.2583,-0.1
2024-09-01,Ontario,25822657000.0,162.8,8203.1,7.0,16144797,2024-07-01,True,2.6699,1.9411,1.6859,1599.4414,2.3823290063666347,1.6403785488958933,1.5771915342571496,6.5,0.2876,0.3008,0.1087,0.5
2024-09-01,Prince Edward Island,302041000.0,165.3,93.1,6.5,179709,2024-07-01,True,3.2478,0.9774,0.4315,1680.7227,2.3823290063666347,1.6403785488958933,1.5771915342571496,6.5,0.8654,-0.663,-1.1457,0.0
2024-09-01,Quebec,15157063000.0,157.4,4578.4,5.4,8995474,2024-07-01,True,1.596,1.287,0.5248,1684.9655,2.3823290063666347,1.6403785488958933,1.5771915342571496,6.5,-0.7864,-0.3534,-1.0524,-1.1
2024-09-01,Saskatchewan,2188087000.0,162.3,605.8,5.5,1247868,2024-07-01,True,1.209,0.6824,2.8523,1753.4603,2.3823290063666347,1.6403785488958933,1.5771915342571496,6.5,-1.1733,-0.958,1.2751,-1.0
2024-10-01,Alberta,8852601000.0,170.1,2522.4,7.4,4957075,2024-10-01,False,5.1245,2.9661,1.9152,1785.8517,3.5584177476321255,2.0176544766708826,1.4784067740393647,6.6,1.5661,0.9484,0.4367,0.8
2024-10-01,British Columbia,9265410000.0,156.2,2912.1,5.7,5696852,2024-10-01,False,2.9219,2.3591,1.1181,1626.4088,3.5584177476321255,2.0176544766708826,1.4784067740393647,6.6,-0.6365,0.3415,-0.3603,-0.9
2024-10-01,Canada,69041870000.0,161.8,20804.9,6.6,41494132,2024-10-01,False,3.5584,2.0177,1.4784,1663.8948,3.5584177476321255,2.0176544766708826,1.4784067740393647,6.6,0.0,0.0,0.0,0.0
2024-10-01,Manitoba,2325791000.0,161.4,731.6,6.0,1500464,2024-10-01,False,2.7522,1.1278,2.6231,1550.0479,3.5584177476321255,2.0176544766708826,1.4784067740393647,6.6,-0.8062,-0.8898,1.1447,-0.6
2024-10-01,New Brunswick,1484424000.0,161.6,403.6,6.7,863841,2024-10-01,False,1.1895,1.7632,3.1961,1718.3996,3.5584177476321255,2.0176544766708826,1.4784067740393647,6.6,-2.369,-0.2544,1.7177,0.1
2024-10-01,Newfoundland and Labrador,1034670000.0,161.9,243.7,10.4,548402,2024-10-01,False,8.6535,1.0612,1.6264,1886.6999,3.5584177476321255,2.0176544766708826,1.4784067740393647,6.6,5.095,-0.9565,0.1479,3.8
2024-10-01,Nova Scotia,1850214000.0,164.6,522.5,6.2,1088273,2024-10-01,False,3.1383,1.4797,1.8122,1700.1377,3.5584177476321255,2.0176544766708826,1.4784067740393647,6.6,-0.4201,-0.538,0.3338,-0.4
2024-10-01,Ontario,26155247000.0,163.5,8180.2,7.1,16228152,2024-10-01,False,4.7227,1.9963,1.5493,1611.7206,3.5584177476321255,2.0176544766708826,1.4784067740393647,6.6,1.1643,-0.0214,0.0709,0.5
2024-10-01,Prince Edward Island,292626000.0,165.5,92.5,9.2,180877,2024-10-01,False,-0.0922,1.2852,-0.108,1617.8176,3.5584177476321255,2.0176544766708826,1.4784067740393647,6.6,-3.6506,-0.7325,-1.5864,2.6
2024-10-01,Quebec,15368225000.0,157.9,4591.8,5.7,9038268,2024-10-01,False,2.3949,1.6088,1.0141,1700.3507,3.5584177476321255,2.0176544766708826,1.4784067740393647,6.6,-1.1635,-0.4089,-0.4643,-0.9
2024-10-01,Saskatchewan,2170500000.0,163.1,604.4,6.0,1256983,2024-10-01,False,-3.8425,1.5567,1.3584,1726.7537,3.5584177476321255,2.0176544766708826,1.4784067740393647,6.6,-7.401,-0.461,-0.12,-0.6
2024-11-01,Alberta,8765710000.0,170.2,2538.6,7.6,4957075,2024-10-01,True,4.3185,2.7778,2.3835,1768.3231,3.957915510433896,1.8891687657430767,1.5583124616269206,7.0,0.3606,0.8886,0.8252,0.6
2024-11-01,British Columbia,9239591000.0,156.3,2916.1,5.9,5696852,2024-10-01,True,2.06,2.2906,1.008,1621.8766,3.957915510433896,1.8891687657430767,1.5583124616269206,7.0,-1.8979,0.4014,-0.5503,-1.1
2024-11-01,Canada,69070294000.0,161.8,20842.0,7.0,41494132,2024-10-01,True,3.9579,1.8892,1.5583,1664.5798,3.957915510433896,1.8891687657430767,1.5583124616269206,7.0,0.0,0.0,0.0,0.0
2024-11-01,Manitoba,2291584000.0,161.2,734.2,5.8,1500464,2024-10-01,True,1.9099,0.8761,2.8868,1527.2502,3.957915510433896,1.8891687657430767,1.5583124616269206,7.0,-2.048,-1.0131,1.3285,-1.2
2024-11-01,New Brunswick,1450468000.0,161.6,400.9,7.2,863841,2024-10-01,True,-2.6511,1.9558,1.9583,1679.0914,3.957915510433896,1.8891687657430767,1.5583124616269206,7.0,-6.609,0.0667,0.4,0.2
2024-11-01,Newfoundland and Labrador,1041028000.0,162.1,241.8,10.7,548402,2024-10-01,True,8.8904,1.2492,0.6242,1898.2936,3.957915510433896,1.8891687657430767,1.5583124616269206,7.0,4.9325,-0.6399,-0.9341,3.7
2024-11-01,Nova Scotia,1828612000.0,165.2,523.5,6.3,1088273,2024-10-01,True,3.3619,1.6615,2.1264,1680.2879,3.957915510433896,1.8891687657430767,1.5583124616269206,7.0,-0.596,-0.2276,0.5681,-0.7
2024-11-01,Ontario,26423938000.0,163.5,8172.9,7.8,16228152,2024-10-01,True,5.9441,1.8057,1.3517,1628.2777,3.957915510433896,1.8891687657430767,1.5583124616269206,7.0,1.9862,-0.0834,-0.2066,0.8
2024-11-01,Prince Edward Island,284026000.0,165.9,94.8,8.0,180877,2024-10-01,True,-5.4221,1.8416,3.268,1570.2715,3.957915510433896,1.8891687657430767,1.5583124616269206,7.0,-9.38,-0.0475,1.7097,1.0
2024-11-01,Quebec,15329704000.0,157.8,4614.5,5.9,9038268,2024-10-01,True,2.5247,1.4791,1.5895,1696.0887,3.957915510433896,1.8891687657430767,1.5583124616269206,7.0,-1.4332,-0.4101,0.0312,-1.1
2024-11-01,Saskatchewan,2172272000.0,163.2,604.7,5.7,1256983,2024-10-01,True,3.5982,1.6189,1.1204,1728.1634,3.957915510433896,1.8891687657430767,1.5583124616269206,7.0,-0.3598,-0.2702,-0.4379,-1.3
2024-12-01,Alberta,8932531000.0,169.7,2568.9,6.8,4957075,2024-10-01,True,6.4233,2.4758,3.5471,1801.9762,6.882090777542071,1.831964624131377,1.968281492016799,6.7,-0.4588,0.6439,1.5788,0.1
2024-12-01,British Columbia,9396235000.0,156.1,2925.6,6.0,5696852,2024-10-01,True,3.678,2.6298,0.8202,1649.3732,6.882090777542071,1.831964624131377,1.968281492016799,6.7,-3.2041,0.7979,-1.1481,-0.7
2024-12-01,Canada,70891213000.0,161.2,20934.7,6.7,41494132,2024-10-01,True,6.8821,1.832,1.9683,1708.4636,6.882090777542071,1.831964624131377,1.968281492016799,6.7,0.0,0.0,0.0,0.0
2024-12-01,Manitoba,2376066000.0,160.0,729.6,6.3,1500464,2024-10-01,True,6.8084,1.1378,1.8141,1583.5542,6.882090777542071,1.831964624131377,1.968281492016799,6.7,-0.0736,-0.6942,-0.1542,-0.4
2024-12-01,New Brunswick,1535450000.0,160.3,400.8,7.6,863841,2024-10-01,True,4.5386,1.5843,1.6227,1777.4683,6.882090777542071,1.831964624131377,1.968281492016799,6.7,-2.3435,-0.2477,-0.3456,0.9
2024-12-01,Newfoundland and Labrador,1048484000.0,160.7,243.4,10.3,548402,2024-10-01,True,7.7842,0.5632,0.8285,1911.8895,6.882090777542071,1.831964624131377,1.968281492016799,6.7,0.9021,-1.2688,-1.1398,3.6
2024-12-01,Nova Scotia,1877878000.0,163.6,527.7,6.4,1088273,2024-10-01,True,4.5692,0.9254,2.4064,1725.5578,6.882090777542071,1.831964624131377,1.968281492016799,6.7,-2.3129,-0.9066,0.4381,-0.3
2024-12-01,Ontario,27149927000.0,162.7,8210.0,7.5,16228152,2024-10-01,True,8.4919,1.6875,2.1373,1673.0141,6.882090777542071,1.831964624131377,1.968281492016799,6.7,1.6098,-0.1445,0.169,0.8
2024-12-01,Prince Edward Island,301552000.0,163.6,94.3,8.3,180877,2024-10-01,True,6.0582,0.3681,2.5,1667.1661,6.882090777542071,1.831964624131377,1.968281492016799,6.7,-0.8239,-1.4639,0.5317,1.6
2024-12-01,Quebec,15817522000.0,157.5,4624.9,5.5,9038268,2024-10-01,True,7.198,1.6129,1.7087,1750.0612,6.882090777542071,1.831964624131377,1.968281492016799,6.7,0.3159,-0.2191,-0.2595,-1.2
2024-12-01,Saskatchewan,2208697000.0,162.8,609.4,5.6,1256983,2024-10-01,True,4.644,1.8136,1.0949,1757.1415,6.882090777542071,1.831964624131377,1.968281492016799,6.7,-2.2381,-0.0183,-0.8734,-1.1
2025-01-01,Alberta,8911794000.0,170.1,2564.6,6.8,4988181,2025-01-01,False,6.1481,2.5316,3.0746,1786.5819,5.192602147244996,1.8951358180669509,2.1155988925706026,6.7,0.9555,0.6365,0.959,0.1
2025-01-01,British Columbia,9837480000.0,156.0,2946.9,6.0,5699989,2025-01-01,False,11.6008,2.228,1.4878,1725.877,5.192602147244996,1.8951358180669509,2.1155988925706026,6.7,6.4082,0.3329,-0.6278,-0.7
2025-01-01,Canada,70573782000.0,161.3,20986.9,6.7,41574517,2025-01-01,False,5.1926,1.8951,2.1156,1697.525,5.192602147244996,1.8951358180669509,2.1155988925706026,6.7,0.0,0.0,0.0,0.0
2025-01-01,Manitoba,2371153000.0,161.7,731.2,6.1,1505644,2025-01-01,False,4.7807,2.6667,0.9666,1574.8431,5.192602147244996,1.8951358180669509,2.1155988925706026,6.7,-0.4119,0.7715,-1.149,-0.6
2025-01-01,New Brunswick,1548586000.0,159.9,402.8,6.4,865945,2025-01-01,False,2.3452,0.8833,1.8715,1788.3191,5.192602147244996,1.8951358180669509,2.1155988925706026,6.7,-2.8474,-1.0119,-0.2441,-0.3
2025-01-01,Newfoundland and Labrador,1060023000.0,161.0,243.1,10.4,548842,2025-01-01,False,9.5321,0.7509,-1.8967,1931.381,5.192602147244996,1.8951358180669509,2.1155988925706026,6.7,4.3395,-1.1442,-4.0123,3.7
2025-01-01,Nova Scotia,1910209000.0,164.1,526.3,6.1,1089187,2025-01-01,False,5.005,1.2963,1.7398,1753.7934,5.192602147244996,1.8951358180669509,2.1155988925706026,6.7,-0.1876,-0.5988,-0.3758,-0.6
2025-01-01,Ontario,26683884000.0,162.6,8234.2,7.6,16255550,2025-01-01,False,2.8881,1.6886,2.2755,1641.5245,5.192602147244996,1.8951358180669509,2.1155988925706026,6.7,-2.3045,-0.2066,0.1599,0.9
2025-01-01,Prince Edward Island,302372000.0,164.7,94.0,7.3,180686,2025-01-01,False,-0.0559,1.2915,1.9523,1673.4667,5.192602147244996,1.8951358180669509,2.1155988925706026,6.7,-5.2485,-0.6036,-0.1633,0.6
2025-01-01,Quebec,15471204000.0,157.6,4635.8,5.5,9043463,2025-01-01,False,4.7649,1.8088,2.2227,1710.761,5.192602147244996,1.8951358180669509,2.1155988925706026,6.7,-0.4277,-0.0864,0.1071,-1.2
2025-01-01,Saskatchewan,2228928000.0,163.5,608.0,5.2,1261524,2025-01-01,False,7.2515,2.3795,1.7744,1766.8534,5.192602147244996,1.8951358180669509,2.1155988925706026,6.7,2.0589,0.4843,-0.3412,-1.5
2025-02-01,Alberta,8746495000.0,171.4,2564.2,6.8,4988181,2025-01-01,True,3.8951,2.7578,2.4287,1753.4438,3.3338528778557697,2.644836272040285,1.9020287659392565,6.6,0.5613,0.113,0.5267,0.2
2025-02-01,British Columbia,9448525000.0,157.6,2940.4,6.0,5699989,2025-01-01,True,5.5406,3.0065,1.0551,1657.6392,3.3338528778557697,2.644836272040285,1.9020287659392565,6.6,2.2067,0.3617,-0.8469,-0.6
2025-02-01,Canada,69400454000.0,163.0,20985.5,6.6,41574517,2025-01-01,True,3.3339,2.6448,1.902,1669.3027,3.3338528778557697,2.644836272040285,1.9020287659392565,6.6,0.0,0.0,0.0,0.0
2025-02-01,Manitoba,2385525000.0,163.8,733.0,6.1,1505644,2025-01-01,True,8.3036,3.4744,2.3029,1584.3885,3.3338528778557697,2.644836272040285,1.9020287659392565,6.6,4.9697,0.8296,0.4008,-0.5
2025-02-01,New Brunswick,1542830000.0,162.0,401.7,7.4,865945,2025-01-01,True,5.4758,1.9509,1.4394,1781.672,3.3338528778557697,2.644836272040285,1.9020287659392565,6.6,2.142,-0.6939,-0.4626,0.8
2025-02-01,Newfoundland and Labrador,1069254000.0,162.5,243.0,10.5,548842,2025-01-01,True,6.8784,1.1831,-1.4599,1948.2,3.3338528778557697,2.644836272040285,1.9020287659392565,6.6,3.5445,-1.4618,-3.3619,3.9
2025-02-01,Nova Scotia,1838281000.0,166.3,522.1,6.7,1089187,2025-01-01,True,1.8121,2.1499,-0.4766,1687.7552,3.3338528778557697,2.644836272040285,1.9020287659392565,6.6,-1.5217,-0.495,-2.3786,0.1
2025-02-01,Ontario,26379755000.0,164.6,8245.7,7.4,16255550,2025-01-01,True,1.443,2.7466,2.3726,1622.8153,3.3338528778557697,2.644836272040285,1.9020287659392565,6.6,-1.8908,0.1017,0.4705,0.8
2025-02-01,Prince Edward Island,300595000.0,167.0,93.6,7.9,180686,2025-01-01,True,2.4467,1.9536,1.8498,1663.6319,3.3338528778557697,2.644836272040285,1.9020287659392565,6.6,-0.8872,-0.6912,-0.0522,1.3
2025-02-01,Quebec,15230056000.0,158.6,4633.0,5.4,9043463,2025-01-01,True,3.5907,1.9936,1.8108,1684.0956,3.3338528778557697,2.644836272040285,1.9020287659392565,6.6,0.2568,-0.6513,-0.0913,-1.2
2025-02-01,Saskatchewan,2213035000.0,165.2,608.9,5.3,1261524,2025-01-01,True,6.2288,3.0568,1.4664,1754.2552,3.3338528778557697,2.644836272040285,1.9020287659392565,6.6,2.895,0.4119,-0.4356,-1.3
2025-03-01,Alberta,8936018000.0,172.0,2554.6,7.2,4988181,2025-01-01,True,6.257,2.8093,1.8906,1791.4382,5.423017327402624,2.3153942428034924,1.6657937616387342,6.8,0.8339,0.4939,0.2248,0.4
2025-03-01,British Columbia,9458693000.0,157.8,2944.9,6.1,5699989,2025-01-01,True,5.7008,2.6008,1.0153,1659.423,5.423017327402624,2.3153942428034924,1.6657937616387342,6.8,0.2777,0.2854,-0.6505,-0.7
2025-03-01,Canada,70269650000.0,163.5,20964.3,6.8,41574517,2025-01-01,True,5.423,2.3154,1.6658,1690.2097,5.423017327402624,2.3153942428034924,1.6657937616387342,6.8,0.0,0.0,0.0,0.0
2025-03-01,Manitoba,2374777000.0,163.8,732.5,6.0,1505644,2025-01-01,True,6.9943,3.0189,2.6342,1577.25,5.423017327402624,2.3153942428034924,1.6657937616387342,6.8,1.5713,0.7035,0.9684,-0.8
2025-03-01,New Brunswick,1573937000.0,162.8,402.3,6.9,865945,2025-01-01,True,7.6727,1.8773,2.0548,1817.5947,5.423017327402624,2.3153942428034924,1.6657937616387342,6.8,2.2497,-0.438,0.389,0.1
2025-03-01,Newfoundland and Labrador,1072533000.0,163.6,244.7,10.1,548842,2025-01-01,True,9.24,1.05,-0.488,1954.1744,5.423017327402624,2.3153942428034924,1.6657937616387342,6.8,3.817,-1.2654,-2.1538,3.3
2025-03-01,Nova Scotia,1904261000.0,167.4,523.5,6.1,1089187,2025-01-01,True,6.6751,2.2602,0.1339,1748.3325,5.423017327402624,2.3153942428034924,1.6657937616387342,6.8,1.2521,-0.0552,-1.5319,-0.7
2025-03-01,Ontario,26683008000.0,165.1,8221.6,7.5,16255550,2025-01-01,True,4.7331,2.2924,1.5953,1641.4706,5.423017327402624,2.3153942428034924,1.6657937616387342,6.8,-0.6899,-0.023,-0.0705,0.7
2025-03-01,Prince Edward Island,306227000.0,167.7,93.4,7.7,180686,2025-01-01,True,1.5864,1.7597,2.3001,1694.802,5.423017327402624,2.3153942428034924,1.6657937616387342,6.8,-3.8367,-0.5557,0.6343,0.9
2025-03-01,Quebec,15502754000.0,159.7,4631.6,5.8,9043463,2025-01-01,True,4.8437,1.9145,1.9547,1714.2497,5.423017327402624,2.3153942428034924,1.6657937616387342,6.8,-0.5793,-0.4009,0.2889,-1.0
2025-03-01,Saskatchewan,2208795000.0,165.2,615.2,4.9,1261524,2025-01-01,True,7.8825,2.4814,3.395,1750.8942,5.423017327402624,2.3153942428034924,1.6657937616387342,6.8,2.4594,0.166,1.7292,-1.9
2025-04-01,Alberta,8772096000.0,171.1,2567.5,7.2,5010078,2025-04-01,False,-0.8038,1.4828,2.185,1750.8901,4.7062472857195115,1.7434620174346271,1.4113732109949817,6.9,-5.5101,-0.2607,0.7736,0.3
2025-04-01,British Columbia,9652492000.0,157.8,2948.6,6.2,5699690,2025-04-01,False,7.535,2.0039,0.6726,1693.5118,4.7062472857195115,1.7434620174346271,1.4113732109949817,6.9,2.8288,0.2604,-0.7388,-0.7
2025-04-01,Canada,70413365000.0,163.4,20966.7,6.9,41604555,2025-04-01,False,4.7062,1.7435,1.4114,1692.4437,4.7062472857195115,1.7434620174346271,1.4113732109949817,6.9,0.0,0.0,0.0,0.0
2025-04-01,Manitoba,2372356000.0,163.3,737.1,5.4,1508031,2025-04-01,False,4.9851,2.0625,2.8751,1573.148,4.7062472857195115,1.7434620174346271,1.4113732109949817,6.9,0.2788,0.319,1.4637,-1.5
2025-04-01,New Brunswick,1538795000.0,162.4,400.8,6.9,867014,2025-04-01,False,2.284,0.2469,-0.0748,1774.8214,4.7062472857195115,1.7434620174346271,1.4113732109949817,6.9,-2.4222,-1.4965,-1.4862,0.0
2025-04-01,Newfoundland and Labrador,1062396000.0,163.0,248.0,9.7,549456,2025-04-01,False,5.8406,0.3695,1.39,1933.5415,4.7062472857195115,1.7434620174346271,1.4113732109949817,6.9,1.1343,-1.374,-0.0213,2.8
2025-04-01,Nova Scotia,1872938000.0,166.5,516.3,7.2,1091037,2025-04-01,False,4.1667,1.339,-1.2622,1716.6586,4.7062472857195115,1.7434620174346271,1.4113732109949817,6.9,-0.5396,-0.4044,-2.6736,0.3
2025-04-01,Ontario,26754966000.0,164.8,8193.6,7.8,16256538,2025-04-01,False,6.0145,1.603,0.9798,1645.7973,4.7062472857195115,1.7434620174346271,1.4113732109949817,6.9,1.3083,-0.1405,-0.4316,0.9
2025-04-01,Prince Edward Island,299947000.0,166.9,93.6,7.0,181289,2025-04-01,False,-2.3909,0.6028,1.9608,1654.524,4.7062472857195115,1.7434620174346271,1.4113732109949817,6.9,-7.0971,-1.1407,0.5494,0.1
2025-04-01,Quebec,15596844000.0,160.4,4643.8,6.0,9041123,2025-04-01,False,4.3487,2.1656,2.1334,1725.1003,4.7062472857195115,1.7434620174346271,1.4113732109949817,6.9,-0.3575,0.4221,0.722,-0.9
2025-04-01,Saskatchewan,2239581000.0,165.0,617.4,4.4,1264537,2025-04-01,False,4.9435,1.8519,3.6602,1771.068,4.7062472857195115,1.7434620174346271,1.4113732109949817,6.9,0.2372,0.1084,2.2488,-2.5
2025-05-01,Alberta,8853989000.0,171.9,2566.1,7.4,5010078,2025-04-01,True,3.7651,1.6558,2.6153,1767.2358,4.08297879673134,1.7337461300309664,1.2903724308453102,7.0,-0.3178,-0.0779,1.3249,0.4
2025-05-01,British Columbia,9590037000.0,159.0,2958.7,6.5,5699690,2025-04-01,True,7.5819,2.3166,1.2144,1682.5541,4.08297879673134,1.7337461300309664,1.2903724308453102,7.0,3.4989,0.5829,-0.0759,-0.5
2025-05-01,Canada,69612679000.0,164.3,20974.4,7.0,41604555,2025-04-01,True,4.083,1.7337,1.2904,1673.1985,4.08297879673134,1.7337461300309664,1.2903724308453102,7.0,0.0,0.0,0.0,0.0
2025-05-01,Manitoba,2351969000.0,164.2,730.8,5.8,1508031,2025-04-01,True,4.9774,1.9243,0.9114,1559.6291,4.08297879673134,1.7337461300309664,1.2903724308453102,7.0,0.8944,0.1905,-0.379,-1.2
2025-05-01,New Brunswick,1523018000.0,163.4,407.9,6.3,867014,2025-04-01,True,3.121,0.9265,2.3588,1756.6245,4.08297879673134,1.7337461300309664,1.2903724308453102,7.0,-0.962,-0.8072,1.0685,-0.7
2025-05-01,Newfoundland and Labrador,1055417000.0,163.5,247.4,9.7,549456,2025-04-01,True,5.0374,0.4917,1.9365,1920.8399,4.08297879673134,1.7337461300309664,1.2903724308453102,7.0,0.9544,-1.242,0.6462,2.7
2025-05-01,Nova Scotia,1873567000.0,166.9,526.2,6.5,1091037,2025-04-01,True,3.9091,1.3358,1.3678,1717.2351,4.08297879673134,1.7337461300309664,1.2903724308453102,7.0,-0.1739,-0.398,0.0774,-0.5
2025-05-01,Ontario,26207816000.0,165.9,8198.1,7.9,16256538,2025-04-01,True,3.6949,1.6544,0.5593,1612.1401,4.08297879673134,1.7337461300309664,1.2903724308453102,7.0,-0.388,-0.0793,-0.731,0.9
2025-05-01,Prince Edward Island,301757000.0,167.5,92.0,8.5,181289,2025-04-01,True,2.6919,0.6611,0.1088,1664.5081,4.08297879673134,1.7337461300309664,1.2903724308453102,7.0,-1.3911,-1.0727,-1.1816,1.5
2025-05-01,Quebec,15413556000.0,160.9,4629.3,5.8,9041123,2025-04-01,True,2.8903,1.7067,1.6758,1704.8276,4.08297879673134,1.7337461300309664,1.2903724308453102,7.0,-1.1927,-0.027,0.3854,-1.2
2025-05-01,Saskatchewan,2196422000.0,165.4,617.9,4.3,1264537,2025-04-01,True,3.3553,1.5971,2.7265,1736.9377,4.08297879673134,1.7337461300309664,1.2903724308453102,7.0,-0.7277,-0.1367,1.4361,-2.7
2025-06-01,Alberta,8924813000.0,172.3,2598.8,6.8,5010078,2025-04-01,True,5.4285,1.7119,3.4843,1781.3721,6.227370277655786,1.8587360594795488,1.6061347974947182,6.9,-0.7989,-0.1468,1.8781,-0.1
2025-06-01,British Columbia,9829150000.0,158.8,2960.6,5.7,5699690,2025-04-01,True,11.9975,2.1222,1.4982,1724.5061,6.227370277655786,1.8587360594795488,1.6061347974947182,6.9,5.7702,0.2635,-0.108,-1.2
2025-06-01,Canada,70579225000.0,164.4,21040.7,6.9,41604555,2025-04-01,True,6.2274,1.8587,1.6061,1696.4302,6.227370277655786,1.8587360594795488,1.6061347974947182,6.9,0.0,0.0,0.0,0.0
2025-06-01,Manitoba,2331197000.0,164.3,738.2,5.5,1508031,2025-04-01,True,5.1467,2.2402,1.8628,1545.8548,6.227370277655786,1.8587360594795488,1.6061347974947182,6.9,-1.0806,0.3815,0.2567,-1.4
2025-06-01,New Brunswick,1561492000.0,164.0,406.2,7.4,867014,2025-04-01,True,6.5542,1.2346,1.2715,1800.9998,6.227370277655786,1.8587360594795488,1.6061347974947182,6.9,0.3268,-0.6242,-0.3346,0.5
2025-06-01,Newfoundland and Labrador,1059241000.0,164.4,244.8,9.6,549456,2025-04-01,True,3.4328,1.1692,-0.8104,1927.7995,6.227370277655786,1.8587360594795488,1.6061347974947182,6.9,-2.7946,-0.6895,-2.4165,2.7
2025-06-01,Nova Scotia,1833270000.0,167.7,522.1,6.8,1091037,2025-04-01,True,2.4408,1.6364,0.3845,1680.3005,6.227370277655786,1.8587360594795488,1.6061347974947182,6.9,-3.7865,-0.2224,-1.2216,-0.1
2025-06-01,Ontario,26818327000.0,166.0,8208.3,7.8,16256538,2025-04-01,True,6.3947,1.7781,0.6486,1649.6948,6.227370277655786,1.8587360594795488,1.6061347974947182,6.9,0.1673,-0.0807,-0.9575,0.9
2025-06-01,Prince Edward Island,302228000.0,167.7,92.0,8.5,181289,2025-04-01,True,5.2143,0.7813,-0.5405,1667.1061,6.227370277655786,1.8587360594795488,1.6061347974947182,6.9,-1.0131,-1.0775,-2.1467,1.6
2025-06-01,Quebec,15503850000.0,161.0,4649.8,6.2,9041123,2025-04-01,True,4.3516,2.2222,2.4591,1714.8146,6.227370277655786,1.8587360594795488,1.6061347974947182,6.9,-1.8758,0.3635,0.853,-0.7
2025-06-01,Saskatchewan,2173911000.0,165.5,619.8,4.9,1264537,2025-04-01,True,2.8839,1.6585,3.111,1719.1359,6.227370277655786,1.8587360594795488,1.6061347974947182,6.9,-3.3434,-0.2003,1.5048,-2.0
2025-07-01,Alberta,8873067000.0,172.6,2579.0,7.9,5029346,2025-07-01,False,1.0761,1.2911,2.4714,1764.2586,3.4633990278379434,1.727328809376938,1.4147096998325726,6.9,-2.3873,-0.4362,1.0567,1.0
2025-07-01,British Columbia,9649357000.0,159.1,2952.4,6.0,5697536,2025-07-01,False,7.2749,1.7263,1.2275,1693.6018,3.4633990278379434,1.727328809376938,1.4147096998325726,6.9,3.8115,-0.001,-0.1873,-0.9
2025-07-01,Canada,70134576000.0,164.9,21018.3,6.9,41651653,2025-07-01,False,3.4634,1.7273,1.4147,1683.8366,3.4633990278379434,1.727328809376938,1.4147096998325726,6.9,0.0,0.0,0.0,0.0
2025-07-01,Manitoba,2336117000.0,165.3,741.5,5.5,1509702,2025-07-01,False,3.1277,1.9112,2.7008,1547.4027,3.4633990278379434,1.727328809376938,1.4147096998325726,6.9,-0.3357,0.1839,1.2861,-1.4
2025-07-01,New Brunswick,1549188000.0,164.7,407.2,7.5,869682,2025-07-01,False,4.7235,1.105,1.5715,1781.327,3.4633990278379434,1.727328809376938,1.4147096998325726,6.9,1.2601,-0.6224,0.1568,0.6
2025-07-01,Newfoundland and Labrador,967164000.0,165.7,245.7,10.6,549911,2025-07-01,False,-6.4082,1.5941,0.0,1758.7646,3.4633990278379434,1.727328809376938,1.4147096998325726,6.9,-9.8716,-0.1332,-1.4147,3.7
2025-07-01,Nova Scotia,1857004000.0,168.6,525.5,6.9,1093245,2025-07-01,False,2.825,1.6275,1.7819,1698.6165,3.4633990278379434,1.727328809376938,1.4147096998325726,6.9,-0.6384,-0.0998,0.3672,0.0
2025-07-01,Ontario,26617674000.0,166.5,8216.3,7.8,16258260,2025-07-01,False,3.9919,1.5863,0.504,1637.1785,3.4633990278379434,1.727328809376938,1.4147096998325726,6.9,0.5285,-0.141,-0.9107,0.9
2025-07-01,Prince Edward Island,304000000.0,169.1,92.9,8.6,182657,2025-07-01,False,3.9625,1.1969,1.5301,1664.3217,3.4633990278379434,1.727328809376938,1.4147096998325726,6.9,0.4991,-0.5304,0.1153,1.7
2025-07-01,Quebec,15552827000.0,161.6,4635.0,5.5,9058297,2025-07-01,False,3.1408,2.3433,2.2231,1716.9703,3.4633990278379434,1.727328809376938,1.4147096998325726,6.9,-0.3226,0.6159,0.8084,-1.4
2025-07-01,Saskatchewan,2181082000.0,165.9,623.0,5.1,1266959,2025-07-01,False,-1.8229,1.4059,2.8053,1721.5095,3.4633990278379434,1.727328809376938,1.4147096998325726,6.9,-5.2863,-0.3215,1.3906,-1.8
2025-08-01,Alberta,8963486000.0,172.6,2568.7,8.2,5029346,2025-07-01,True,5.3109,1.4101,1.8315,1782.2369,4.6981786743220955,1.8541409147095234,0.9450684957900579,7.1,0.6127,-0.444,0.8864,1.1
2025-08-01,British Columbia,9613278000.0,159.0,2935.4,6.3,5697536,2025-07-01,True,6.8086,1.7926,0.7206,1687.2694,4.6981786743220955,1.8541409147095234,0.9450684957900579,7.1,2.1105,-0.0616,-0.2245,-0.8
2025-08-01,Canada,70780386000.0,164.8,20956.6,7.1,41651653,2025-07-01,True,4.6982,1.8541,0.9451,1699.3416,4.6981786743220955,1.8541409147095234,0.9450684957900579,7.1,0.0,0.0,0.0,0.0
2025-08-01,Manitoba,2331566000.0,164.8,736.6,5.8,1509702,2025-07-01,True,2.0042,2.0433,1.1813,1544.3882,4.6981786743220955,1.8541409147095234,0.9450684957900579,7.1,-2.694,0.1892,0.2363,-1.3
2025-08-01,New Brunswick,1579690000.0,164.4,402.1,7.7,869682,2025-07-01,True,4.9252,1.6069,-0.3223,1816.3996,4.6981786743220955,1.8541409147095234,0.9450684957900579,7.1,0.227,-0.2472,-1.2673,0.6
2025-08-01,Newfoundland and Labrador,1024442000.0,165.3,242.3,10.7,549911,2025-07-01,True,-0.4555,1.3489,-0.9403,1862.9233,4.6981786743220955,1.8541409147095234,0.9450684957900579,7.1,-5.1537,-0.5053,-1.8854,3.6
2025-08-01,Nova Scotia,1848340000.0,168.6,523.9,6.5,1093245,2025-07-01,True,0.9539,2.1818,0.6532,1690.6915,4.6981786743220955,1.8541409147095234,0.9450684957900579,7.1,-3.7443,0.3277,-0.2919,-0.6
2025-08-01,Ontario,26827533000.0,166.0,8190.3,7.7,16258260,2025-07-01,True,4.4312,1.6534,0.2448,1650.0864,4.6981786743220955,1.8541409147095234,0.9450684957900579,7.1,-0.2669,-0.2007,-0.7003,0.6
2025-08-01,Prince Edward Island,301505000.0,168.6,94.2,8.0,182657,2025-07-01,True,0.1581,1.0791,1.5086,1650.6622,4.6981786743220955,1.8541409147095234,0.9450684957900579,7.1,-4.5401,-0.775,0.5636,0.9
2025-08-01,Quebec,15868463000.0,161.9,4642.8,5.9,9058297,2025-07-01,True,5.4563,2.6633,1.818,1751.8153,4.6981786743220955,1.8541409147095234,0.9450684957900579,7.1,0.7582,0.8091,0.873,-1.2
2025-08-01,Saskatchewan,2176538000.0,166.2,620.3,4.8,1266959,2025-07-01,True,0.5762,1.7136,2.6987,1717.923,4.6981786743220955,1.8541409147095234,0.9450684957900579,7.1,-4.1219,-0.1406,1.7536,-2.3
2025-09-01,Alberta,8788286000.0,172.4,2608.5,7.7,5029346,2025-07-01,True,-0.7489,1.8913,3.6353,1747.4014,2.5436076136115204,2.358783364369965,1.0285631852279264,7.1,-3.2926,-0.4675,2.6067,0.6
2025-09-01,British Columbia,9535143000.0,158.8,2943.5,6.4,5697536,2025-07-01,True,4.2575,1.9255,1.486,1673.5556,2.5436076136115204,2.358783364369965,1.0285631852279264,7.1,1.7139,-0.4332,0.4574,-0.7
2025-09-01,Canada,70059094000.0,164.9,21009.9,7.1,41651653,2025-07-01,True,2.5436,2.3588,1.0286,1682.0243,2.5436076136115204,2.358783364369965,1.0285631852279264,7.1,0.0,0.0,0.0,0.0
2025-09-01,Manitoba,2358264000.0,165.0,739.4,6.2,1509702,2025-07-01,True,4.5484,2.8678,1.3015,1562.0725,2.5436076136115204,2.358783364369965,1.0285631852279264,7.1,2.0048,0.509,0.273,-0.9
2025-09-01,New Brunswick,1513406000.0,164.4,405.8,7.9,869682,2025-07-01,True,0.4369,2.3024,1.3993,1740.1832,2.5436076136115204,2.358783364369965,1.0285631852279264,7.1,-2.1067,-0.0564,0.3707,0.8
2025-09-01,Newfoundland and Labrador,1039148000.0,165.2,241.0,10.5,549911,2025-07-01,True,0.6736,2.0383,-1.873,1889.6658,2.5436076136115204,2.358783364369965,1.0285631852279264,7.1,-1.87,-0.3205,-2.9015,3.4
2025-09-01,Nova Scotia,1880900000.0,168.6,524.6,6.2,1093245,2025-07-01,True,3.7167,2.7422,0.4019,1720.4744,2.5436076136115204,2.358783364369965,1.0285631852279264,7.1,1.1731,0.3834,-0.6266,-0.9
2025-09-01,Ontario,26484398000.0,166.1,8200.2,7.9,16258260,2025-07-01,True,2.5626,2.027,-0.0354,1628.9811,2.5436076136115204,2.358783364369965,1.0285631852279264,7.1,0.019,-0.3318,-1.0639,0.8
2025-09-01,Prince Edward Island,305923000.0,168.1,93.1,9.5,182657,2025-07-01,True,1.2853,1.6939,0.0,1674.8496,2.5436076136115204,2.358783364369965,1.0285631852279264,7.1,-1.2584,-0.6649,-1.0286,2.4
2025-09-01,Quebec,15769257000.0,162.6,4633.9,5.7,9058297,2025-07-01,True,4.039,3.3037,1.2122,1740.8633,2.5436076136115204,2.358783364369965,1.0285631852279264,7.1,1.4954,0.9449,0.1837,-1.4
2025-09-01,Saskatchewan,2144037000.0,166.5,619.8,6.0,1266959,2025-07-01,True,-2.0132,2.5878,2.311,1692.2702,2.5436076136115204,2.358783364369965,1.0285631852279264,7.1,-4.5568,0.229,1.2824,-1.1
2025-10-01,Alberta,8872432000.0,173.2,2618.6,7.6,5040871,2025-10-01,False,0.224,1.8225,3.8138,1760.099,1.5510935610521637,2.163164400494444,1.3395882700709683,6.9,-1.3271,-0.3407,2.4742,0.7
2025-10-01,British Columbia,9493269000.0,159.4,2940.5,6.6,5683201,2025-10-01,False,2.4592,2.0487,0.9752,1670.4088,1.5510935610521637,2.163164400494444,1.3395882700709683,6.9,0.9082,-0.1145,-0.3643,-0.3
2025-10-01,Canada,70112774000.0,165.3,21083.6,6.9,41575585,2025-10-01,False,1.5511,2.1632,1.3396,1686.393,1.5510935610521637,2.163164400494444,1.3395882700709683,6.9,0.0,0.0,0.0,0.0
2025-10-01,Manitoba,2328604000.0,166.2,736.6,5.9,1507057,2025-10-01,False,0.1209,2.974,0.6834,1545.1333,1.5510935610521637,2.163164400494444,1.3395882700709683,6.9,-1.4301,0.8108,-0.6562,-1.0
2025-10-01,New Brunswick,1602061000.0,165.0,404.5,7.7,868630,2025-10-01,False,7.9248,2.104,0.223,1844.3538,1.5510935610521637,2.163164400494444,1.3395882700709683,6.9,6.3737,-0.0592,-1.1166,0.8
2025-10-01,Newfoundland and Labrador,1034448000.0,165.2,245.2,10.2,549738,2025-10-01,False,-0.0215,2.0383,0.6155,1881.7109,1.5510935610521637,2.163164400494444,1.3395882700709683,6.9,-1.5725,-0.1249,-0.7241,3.3
2025-10-01,Nova Scotia,1882310000.0,168.8,521.4,6.7,1091857,2025-10-01,False,1.7347,2.5516,-0.2105,1723.9529,1.5510935610521637,2.163164400494444,1.3395882700709683,6.9,0.1836,0.3885,-1.5501,-0.2
2025-10-01,Ontario,26570735000.0,166.4,8252.5,7.6,16191372,2025-10-01,False,1.5885,1.7737,0.8838,1641.0428,1.5510935610521637,2.163164400494444,1.3395882700709683,6.9,0.0375,-0.3895,-0.4557,0.7
2025-10-01,Prince Edward Island,305960000.0,167.8,93.5,8.2,182508,2025-10-01,False,4.5567,1.3897,1.0811,1676.4197,1.5510935610521637,2.163164400494444,1.3395882700709683,6.9,3.0056,-0.7734,-0.2585,1.3
2025-10-01,Quebec,15601219000.0,162.9,4652.3,5.3,9058089,2025-10-01,False,1.5161,3.1666,1.3176,1722.3521,1.5510935610521637,2.163164400494444,1.3395882700709683,6.9,-0.035,1.0034,-0.022,-1.6
2025-10-01,Saskatchewan,2180706000.0,166.8,618.4,5.5,1266234,2025-10-01,False,0.4702,2.2685,2.3163,1722.1983,1.5510935610521637,2.163164400494444,1.3395882700709683,6.9,-1.0809,0.1054,0.9768,-1.4
2025-11-01,Alberta,9247734000.0,173.4,2646.6,6.5,5040871,2025-10-01,True,5.499,1.8801,4.2543,1834.5508,2.7723206158641878,2.224969097651419,1.4101333845120578,6.6,2.7267,-0.3448,2.8442,-0.1
2025-11-01,British Columbia,9665996000.0,159.5,2949.5,6.4,5683201,2025-10-01,True,4.615,2.0473,1.1454,1700.8014,2.7723206158641878,2.224969097651419,1.4101333845120578,6.6,1.8427,-0.1776,-0.2648,-0.2
2025-11-01,Canada,70985144000.0,165.4,21135.9,6.6,41575585,2025-10-01,True,2.7723,2.225,1.4101,1707.3757,2.7723206158641878,2.224969097651419,1.4101333845120578,6.6,0.0,0.0,0.0,0.0
2025-11-01,Manitoba,2390847000.0,166.5,740.1,6.1,1507057,2025-10-01,True,4.3316,3.2878,0.8036,1586.4344,2.7723206158641878,2.224969097651419,1.4101333845120578,6.6,1.5593,1.0629,-0.6065,-0.5
2025-11-01,New Brunswick,1578334000.0,165.9,409.4,6.6,868630,2025-10-01,True,8.8155,2.6609,2.1202,1817.0383,2.7723206158641878,2.224969097651419,1.4101333845120578,6.6,6.0432,0.4359,0.7101,0.0
2025-11-01,Newfoundland and Labrador,1041652000.0,165.6,243.4,10.4,549738,2025-10-01,True,0.0599,2.1592,0.6617,1894.8153,2.7723206158641878,2.224969097651419,1.4101333845120578,6.6,-2.7124,-0.0658,-0.7484,3.8
2025-11-01,Nova Scotia,1922846000.0,169.1,524.2,6.6,1091857,2025-10-01,True,5.1533,2.3608,0.1337,1761.0786,2.7723206158641878,2.224969097651419,1.4101333845120578,6.6,2.381,0.1358,-1.2764,0.0
2025-11-01,Ontario,26736104000.0,166.6,8256.4,7.4,16191372,2025-10-01,True,1.1814,1.896,1.0217,1651.2562,2.7723206158641878,2.224969097651419,1.4101333845120578,6.6,-1.5909,-0.3289,-0.3885,0.8
2025-11-01,Prince Edward Island,306265000.0,168.2,94.1,7.6,182508,2025-10-01,True,7.8299,1.3864,-0.7384,1678.0908,2.7723206158641878,2.224969097651419,1.4101333845120578,6.6,5.0576,-0.8386,-2.1485,1.0
2025-11-01,Quebec,15648579000.0,162.6,4651.7,5.1,9058089,2025-10-01,True,2.0801,3.0418,0.8062,1727.5806,2.7723206158641878,2.224969097651419,1.4101333845120578,6.6,-0.6922,0.8169,-0.604,-1.5
2025-11-01,Saskatchewan,2207896000.0,166.7,620.6,5.7,1266234,2025-10-01,True,1.6399,2.1446,2.6294,1743.6714,2.7723206158641878,2.224969097651419,1.4101333845120578,6.6,-1.1324,-0.0804,1.2193,-0.9
2025-12-01,Alberta,8999012000.0,173.3,2630.7,6.7,5040871,2025-10-01,True,0.7443,2.1214,2.4057,1785.2097,-0.2573986144093765,2.3573200992556,1.0093290087749063,6.8,1.0017,-0.2359,1.3964,-0.1
2025-12-01,British Columbia,9619953000.0,158.7,2944.1,6.3,5683201,2025-10-01,True,2.3809,1.6656,0.6323,1692.6998,-0.2573986144093765,2.3573200992556,1.0093290087749063,6.8,2.6383,-0.6917,-0.377,-0.5
2025-12-01,Canada,70708740000.0,165.0,21146.0,6.8,41575585,2025-10-01,True,-0.2574,2.3573,1.0093,1700.7275,-0.2573986144093765,2.3573200992556,1.0093290087749063,6.8,0.0,0.0,0.0,0.0
2025-12-01,Manitoba,2377432000.0,165.9,743.1,5.7,1507057,2025-10-01,True,0.0575,3.6875,1.8503,1577.5329,-0.2573986144093765,2.3573200992556,1.0093290087749063,6.8,0.3149,1.3302,0.841,-1.1
2025-12-01,New Brunswick,1593453000.0,165.2,407.5,6.5,868630,2025-10-01,True,3.7776,3.0568,1.6717,1834.4439,-0.2573986144093765,2.3573200992556,1.0093290087749063,6.8,4.035,0.6994,0.6623,-0.3
2025-12-01,Newfoundland and Labrador,1003962000.0,165.6,243.5,10.5,549738,2025-10-01,True,-4.2463,3.0492,0.0411,1826.2554,-0.2573986144093765,2.3573200992556,1.0093290087749063,6.8,-3.9889,0.6918,-0.9682,3.7
2025-12-01,Nova Scotia,1899667000.0,168.7,524.2,6.4,1091857,2025-10-01,True,1.1603,3.1174,-0.6633,1739.8496,-0.2573986144093765,2.3573200992556,1.0093290087749063,6.8,1.4177,0.76,-1.6726,-0.4
2025-12-01,Ontario,26739658000.0,166.1,8274.5,7.9,16191372,2025-10-01,True,-1.5111,2.0897,0.7856,1651.4757,-0.2573986144093765,2.3573200992556,1.0093290087749063,6.8,-1.2537,-0.2676,-0.2237,1.1
2025-12-01,Prince Edward Island,301180000.0,168.1,94.9,7.1,182508,2025-10-01,True,-0.1234,2.7506,0.6363,1650.229,-0.2573986144093765,2.3573200992556,1.0093290087749063,6.8,0.134,0.3933,-0.3731,0.3
2025-12-01,Quebec,15748859000.0,162.6,4666.0,5.3,9058089,2025-10-01,True,-0.4341,3.2381,0.8887,1738.6514,-0.2573986144093765,2.3573200992556,1.0093290087749063,6.8,-0.1767,0.8808,-0.1207,-1.5
2025-12-01,Saskatchewan,2186340000.0,166.4,617.5,6.4,1266234,2025-10-01,True,-1.0122,2.2113,1.3292,1726.6477,-0.2573986144093765,2.3573200992556,1.0093290087749063,6.8,-0.7548,-0.146,0.3198,-0.4
2026-01-01,Alberta,9379934000.0,173.5,2651.0,6.4,5048151,2026-01-01,False,5.253,1.9988,3.3689,1858.093,1.5257294840738345,2.293862368257904,0.6399229995854627,6.5,3.7273,-0.295,2.729,-0.1
2026-01-01,British Columbia,9764666000.0,159.1,2947.6,6.1,5658528,2026-01-01,False,-0.7402,1.9872,0.0238,1725.6548,1.5257294840738345,2.293862368257904,0.6399229995854627,6.5,-2.2659,-0.3067,-0.6162,-0.4
2026-01-01,Canada,71650547000.0,165.0,21121.2,6.5,41472081,2026-01-01,False,1.5257,2.2939,0.6399,1727.6815,1.5257294840738345,2.293862368257904,0.6399229995854627,6.5,0.0,0.0,0.0,0.0
2026-01-01,Manitoba,2380453000.0,165.9,744.1,6.3,1505117,2026-01-01,False,0.3922,2.5974,1.7642,1581.5734,1.5257294840738345,2.293862368257904,0.6399229995854627,6.5,-1.1335,0.3035,1.1243,-0.2
2026-01-01,New Brunswick,1608138000.0,164.6,409.6,6.7,867383,2026-01-01,False,3.8456,2.9393,1.6882,1854.0114,1.5257294840738345,2.293862368257904,0.6399229995854627,6.5,2.3198,0.6455,1.0483,0.2
2026-01-01,Newfoundland and Labrador,1042899000.0,164.9,247.3,9.2,548557,2026-01-01,False,-1.6154,2.4224,1.7277,1901.168,1.5257294840738345,2.293862368257904,0.6399229995854627,6.5,-3.1412,0.1285,1.0878,2.7
2026-01-01,Nova Scotia,1938055000.0,168.5,524.7,6.9,1090074,2026-01-01,False,1.4577,2.6813,-0.304,1777.9114,1.5257294840738345,2.293862368257904,0.6399229995854627,6.5,-0.068,0.3874,-0.9439,0.4
2026-01-01,Ontario,26922746000.0,165.9,8208.0,7.3,16136480,2026-01-01,False,0.8952,2.0295,-0.3182,1668.4398,1.5257294840738345,2.293862368257904,0.6399229995854627,6.5,-0.6306,-0.2643,-0.9581,0.8
2026-01-01,Prince Edward Island,312868000.0,167.6,95.5,7.6,182001,2026-01-01,False,3.4712,1.7608,1.5957,1719.0455,1.5257294840738345,2.293862368257904,0.6399229995854627,6.5,1.9455,-0.5331,0.9558,1.1
2026-01-01,Quebec,15817860000.0,162.3,4669.7,5.2,9033887,2026-01-01,False,2.2407,2.9822,0.7313,1750.9473,1.5257294840738345,2.293862368257904,0.6399229995854627,6.5,0.7149,0.6884,0.0913,-1.3
2026-01-01,Saskatchewan,2229074000.0,166.5,623.6,5.3,1265936,2026-01-01,False,0.0066,1.8349,2.5658,1760.811,1.5257294840738345,2.293862368257904,0.6399229995854627,6.5,-1.5192,-0.459,1.9259,-1.2
2026-02-01,Alberta,9241585000.0,174.4,2649.2,6.3,5048151,2026-01-01,True,5.6604,1.7503,3.3149,1830.6871,3.8233698010102346,1.7791411042944905,0.2468371018083948,6.7,1.8371,-0.0288,3.068,-0.4
2026-02-01,British Columbia,9706874000.0,160.3,2927.4,6.1,5658528,2026-01-01,True,2.7343,1.7132,-0.4421,1715.4415,3.8233698010102346,1.7791411042944905,0.2468371018083948,6.7,-1.0891,-0.0659,-0.689,-0.6
2026-02-01,Canada,72053890000.0,165.9,21037.3,6.7,41472081,2026-01-01,True,3.8234,1.7791,0.2468,1737.4071,3.8233698010102346,1.7791411042944905,0.2468371018083948,6.7,0.0,0.0,0.0,0.0
2026-02-01,Manitoba,2426790000.0,167.1,740.1,5.7,1505117,2026-01-01,True,1.7298,2.0147,0.9686,1612.3597,3.8233698010102346,1.7791411042944905,0.2468371018083948,6.7,-2.0936,0.2355,0.7218,-1.0
2026-02-01,New Brunswick,1621641000.0,165.5,409.3,7.0,867383,2026-01-01,True,5.1082,2.1605,1.892,1869.579,3.8233698010102346,1.7791411042944905,0.2468371018083948,6.7,1.2848,0.3814,1.6451,0.3
2026-02-01,Newfoundland and Labrador,1048012000.0,165.5,249.4,9.2,548557,2026-01-01,True,-1.9866,1.8462,2.6337,1910.4888,3.8233698010102346,1.7791411042944905,0.2468371018083948,6.7,-5.81,0.067,2.3869,2.5
2026-02-01,Nova Scotia,1966003000.0,169.2,524.1,7.1,1090074,2026-01-01,True,6.9479,1.7438,0.3831,1803.55,3.8233698010102346,1.7791411042944905,0.2468371018083948,6.7,3.1245,-0.0353,0.1362,0.4
2026-02-01,Ontario,27146489000.0,166.7,8211.3,7.6,16136480,2026-01-01,True,2.9065,1.2758,-0.4172,1682.3055,3.8233698010102346,1.7791411042944905,0.2468371018083948,6.7,-0.9168,-0.5033,-0.664,0.9
2026-02-01,Prince Edward Island,315633000.0,168.4,96.2,7.2,182001,2026-01-01,True,5.0027,0.8383,2.7778,1734.2377,3.8233698010102346,1.7791411042944905,0.2468371018083948,6.7,1.1794,-0.9408,2.5309,0.5
2026-02-01,Quebec,16075953000.0,163.1,4612.4,5.9,9033887,2026-01-01,True,5.5541,2.8373,-0.4446,1779.5167,3.8233698010102346,1.7791411042944905,0.2468371018083948,6.7,1.7308,1.0582,-0.6915,-0.8
2026-02-01,Saskatchewan,2254648000.0,167.8,618.1,5.6,1265936,2026-01-01,True,1.8804,1.5738,1.5109,1781.0126,3.8233698010102346,1.7791411042944905,0.2468371018083948,6.7,-1.943,-0.2053,1.2641,-1.1
2026-03-01,Alberta,9473476000.0,175.9,2655.6,6.5,5048151,2026-01-01,True,6.0145,2.2674,3.9537,1876.6229,3.4954706619429565,2.3853211009174258,0.4154682007031063,6.7,2.519,-0.1179,3.5382,-0.2
2026-03-01,British Columbia,9716105000.0,161.7,2908.2,6.7,5658528,2026-01-01,True,2.7214,2.4715,-1.2462,1717.0729,3.4954706619429565,2.3853211009174258,0.4154682007031063,6.7,-0.774,0.0862,-1.6617,0.0
2026-03-01,Canada,72725905000.0,167.4,21051.4,6.7,41472081,2026-01-01,True,3.4955,2.3853,0.4155,1753.6112,3.4954706619429565,2.3853211009174258,0.4154682007031063,6.7,0.0,0.0,0.0,0.0
2026-03-01,Manitoba,2473924000.0,168.7,750.9,5.6,1505117,2026-01-01,True,4.175,2.9915,2.5119,1643.6755,3.4954706619429565,2.3853211009174258,0.4154682007031063,6.7,0.6795,0.6061,2.0965,-1.1
2026-03-01,New Brunswick,1632335000.0,167.6,411.3,7.0,867383,2026-01-01,True,3.7103,2.9484,2.2371,1881.908,3.4954706619429565,2.3853211009174258,0.4154682007031063,6.7,0.2148,0.5631,1.8217,0.3
2026-03-01,Newfoundland and Labrador,1096248000.0,167.8,249.6,9.5,548557,2026-01-01,True,2.2111,2.5672,2.0025,1998.4213,3.4954706619429565,2.3853211009174258,0.4154682007031063,6.7,-1.2843,0.1819,1.587,2.8
2026-03-01,Nova Scotia,1970303000.0,172.4,528.0,6.6,1090074,2026-01-01,True,3.4681,2.9869,0.8596,1807.4947,3.4954706619429565,2.3853211009174258,0.4154682007031063,6.7,-0.0274,0.6015,0.4441,-0.1
2026-03-01,Ontario,27565851000.0,168.2,8205.5,7.6,16136480,2026-01-01,True,3.3086,1.8776,-0.1958,1708.2939,3.4954706619429565,2.3853211009174258,0.4154682007031063,6.7,-0.1868,-0.5077,-0.6113,0.9
2026-03-01,Prince Edward Island,323779000.0,171.5,96.0,7.3,182001,2026-01-01,True,5.7317,2.266,2.7837,1778.9957,3.4954706619429565,2.3853211009174258,0.4154682007031063,6.7,2.2362,-0.1194,2.3683,0.6
2026-03-01,Quebec,15965095000.0,164.3,4622.3,5.4,9033887,2026-01-01,True,2.9823,2.8804,-0.2008,1767.2454,3.4954706619429565,2.3853211009174258,0.4154682007031063,6.7,-0.5132,0.4951,-0.6163,-1.3
2026-03-01,Saskatchewan,2242857000.0,170.0,623.9,5.0,1265936,2026-01-01,True,1.5421,2.9056,1.4142,1771.6986,3.4954706619429565,2.3853211009174258,0.4154682007031063,6.7,-1.9534,0.5202,0.9987,-1.7
2026-04-01,Alberta,9577696000.0,176.6,2656.6,7.0,5057077,2026-04-01,False,9.1837,3.2145,3.4703,1893.9194,3.7662565906344536,2.8151774785801775,0.31955434093109414,6.9,5.4174,0.3993,3.1507,0.1
2026-04-01,British Columbia,9744017000.0,161.7,2903.9,6.8,5646420,2026-04-01,False,0.9482,2.4715,-1.516,1725.6982,3.7662565906344536,2.8151774785801775,0.31955434093109414,6.9,-2.8181,-0.3437,-1.8355,-0.1
2026-04-01,Canada,73065313000.0,168.0,21033.7,6.9,41417056,2026-04-01,False,3.7663,2.8152,0.3196,1764.1358,3.7662565906344536,2.8151774785801775,0.31955434093109414,6.9,0.0,0.0,0.0,0.0
2026-04-01,Manitoba,2423335000.0,170.3,749.3,5.0,1503865,2026-04-01,False,2.1489,4.2866,1.6551,1611.4046,3.7662565906344536,2.8151774785801775,0.31955434093109414,6.9,-1.6174,1.4714,1.3356,-1.9
2026-04-01,New Brunswick,1622928000.0,169.2,408.6,7.2,866497,2026-04-01,False,5.4675,4.1872,1.9461,1872.9759,3.7662565906344536,2.8151774785801775,0.31955434093109414,6.9,1.7012,1.372,1.6266,0.3
2026-04-01,Newfoundland and Labrador,1095384000.0,168.9,244.4,10.0,547910,2026-04-01,False,3.1051,3.6196,-1.4516,1999.2042,3.7662565906344536,2.8151774785801775,0.31955434093109414,6.9,-0.6612,0.8045,-1.7712,3.1
2026-04-01,Nova Scotia,1979985000.0,173.7,528.7,6.3,1090852,2026-04-01,False,5.7155,4.3243,2.4017,1815.0812,3.7662565906344536,2.8151774785801775,0.31955434093109414,6.9,1.9492,1.5091,2.0822,-0.6
2026-04-01,Ontario,27814258000.0,168.8,8247.9,7.5,16103890,2026-04-01,False,3.9592,2.4272,0.6627,1727.1764,3.7662565906344536,2.8151774785801775,0.31955434093109414,6.9,0.193,-0.388,0.3432,0.6
2026-04-01,Prince Edward Island,326422000.0,172.6,95.5,8.0,181715,2026-04-01,False,8.8266,3.4152,2.0299,1796.3404,3.7662565906344536,2.8151774785801775,0.31955434093109414,6.9,5.0603,0.6,1.7104,1.1
2026-04-01,Quebec,16019539000.0,165.2,4579.0,6.2,9016222,2026-04-01,False,2.7101,2.9925,-1.3954,1776.7463,3.7662565906344536,2.8151774785801775,0.31955434093109414,6.9,-1.0561,0.1773,-1.715,-0.7
2026-04-01,Saskatchewan,2204647000.0,171.3,619.9,5.6,1266092,2026-04-01,False,-1.5598,3.8182,0.4049,1741.3008,3.7662565906344536,2.8151774785801775,0.31955434093109414,6.9,-5.3261,1.003,0.0854,-1.3
2026-05-01,Alberta,9711467000.0,178.3,2670.5,6.6,5057077,2026-04-01,True,9.6847,3.7231,4.0684,1920.3716,6.070657042232197,3.2258064516129004,0.7013311465405403,6.6,3.614,0.4973,3.3671,0.0
2026-05-01,British Columbia,9983827000.0,163.6,2929.1,6.8,5646420,2026-04-01,True,4.1062,2.8931,-1.0004,1768.1694,6.070657042232197,3.2258064516129004,0.7013311465405403,6.6,-1.9644,-0.3327,-1.7018,0.2
2026-05-01,Canada,73838626000.0,169.6,21121.5,6.6,41417056,2026-04-01,True,6.0707,3.2258,0.7013,1782.8072,6.070657042232197,3.2258064516129004,0.7013311465405403,6.6,0.0,0.0,0.0,0.0
2026-05-01,Manitoba,2481557000.0,171.8,749.6,5.5,1503865,2026-04-01,True,5.5098,4.6285,2.5725,1650.1195,6.070657042232197,3.2258064516129004,0.7013311465405403,6.6,-0.5609,1.4027,1.8712,-1.1
2026-05-01,New Brunswick,1638442000.0,171.0,408.1,7.2,866497,2026-04-01,True,7.5786,4.6512,0.049,1890.8802,6.070657042232197,3.2258064516129004,0.7013311465405403,6.6,1.508,1.4254,-0.6523,0.6
2026-05-01,Newfoundland and Labrador,1118561000.0,170.7,243.2,9.6,547910,2026-04-01,True,5.9828,4.4037,-1.6977,2041.505,6.070657042232197,3.2258064516129004,0.7013311465405403,6.6,-0.0878,1.1779,-2.399,3.0
2026-05-01,Nova Scotia,1962110000.0,175.5,528.5,7.1,1090852,2026-04-01,True,4.7259,5.1528,0.4371,1798.695,6.070657042232197,3.2258064516129004,0.7013311465405403,6.6,-1.3448,1.927,-0.2642,0.5
2026-05-01,Ontario,27964979000.0,170.2,8289.7,7.0,16103890,2026-04-01,True,6.7047,2.5919,1.1173,1736.5356,6.070657042232197,3.2258064516129004,0.7013311465405403,6.6,0.6341,-0.6339,0.416,0.4
2026-05-01,Prince Edward Island,329817000.0,173.9,96.7,6.7,181715,2026-04-01,True,9.2989,3.8209,5.1087,1815.0235,6.070657042232197,3.2258064516129004,0.7013311465405403,6.6,3.2282,0.5951,4.4074,0.1
2026-05-01,Quebec,16126580000.0,166.7,4592.2,5.6,9016222,2026-04-01,True,4.626,3.6047,-0.8014,1788.6183,6.070657042232197,3.2258064516129004,0.7013311465405403,6.6,-1.4447,0.3789,-1.5027,-1.0
2026-05-01,Saskatchewan,2262538000.0,172.7,613.8,6.2,1266092,2026-04-01,True,3.0102,4.4135,-0.6635,1787.025,6.070657042232197,3.2258064516129004,0.7013311465405403,6.6,-3.0605,1.1877,-1.3649,-0.4
2026-06-01,Alberta,9586926000.0,178.2,2677.3,7.0,5057077,2026-04-01,True,7.4188,3.4243,3.0206,1895.7445,5.2476390892645774,2.7980535279805263,0.4705166653200754,6.5,2.1711,0.6262,2.5501,0.5
2026-06-01,British Columbia,9998292000.0,163.3,2936.9,6.5,5646420,2026-04-01,True,1.7208,2.8338,-0.8005,1770.7312,5.2476390892645774,2.7980535279805263,0.4705166653200754,6.5,-3.5268,0.0357,-1.271,0.0
2026-06-01,Canada,74282968000.0,169.0,21139.7,6.5,41417056,2026-04-01,True,5.2476,2.7981,0.4705,1793.5357,5.2476390892645774,2.7980535279805263,0.4705166653200754,6.5,0.0,0.0,0.0,0.0
2026-06-01,Manitoba,2498027000.0,170.9,749.7,5.4,1503865,2026-04-01,True,7.1564,4.017,1.5578,1661.0713,5.2476390892645774,2.7980535279805263,0.4705166653200754,6.5,1.9088,1.219,1.0873,-1.1
2026-06-01,New Brunswick,1626737000.0,170.3,406.0,7.3,866497,2026-04-01,True,4.1784,3.8415,-0.0492,1877.3718,5.2476390892645774,2.7980535279805263,0.4705166653200754,6.5,-1.0693,1.0434,-0.5198,0.8
2026-06-01,Newfoundland and Labrador,1132269000.0,170.6,243.8,8.2,547910,2026-04-01,True,6.8944,3.7713,-0.4085,2066.5237,5.2476390892645774,2.7980535279805263,0.4705166653200754,6.5,1.6467,0.9732,-0.879,1.7
2026-06-01,Nova Scotia,1980648000.0,175.5,533.3,6.5,1090852,2026-04-01,True,8.0391,4.6512,2.1452,1815.689,5.2476390892645774,2.7980535279805263,0.4705166653200754,6.5,2.7914,1.8531,1.6747,0.0
2026-06-01,Ontario,28407539000.0,169.3,8273.0,7.0,16103890,2026-04-01,True,5.9258,1.988,0.7882,1764.0172,5.2476390892645774,2.7980535279805263,0.4705166653200754,6.5,0.6782,-0.8101,0.3177,0.5
2026-06-01,Prince Edward Island,334175000.0,174.0,96.6,7.6,181715,2026-04-01,True,10.5705,3.7567,5.0,1839.0061,5.2476390892645774,2.7980535279805263,0.4705166653200754,6.5,5.3229,0.9587,4.5295,1.1
2026-06-01,Quebec,16205625000.0,166.2,4606.5,5.4,9016222,2026-04-01,True,4.5265,3.2298,-0.9312,1797.3853,5.2476390892645774,2.7980535279805263,0.4705166653200754,6.5,-0.7212,0.4318,-1.4017,-1.1
2026-06-01,Saskatchewan,2256370000.0,172.2,616.7,6.1,1266092,2026-04-01,True,3.7931,4.0483,-0.5002,1782.1533,5.2476390892645774,2.7980535279805263,0.4705166653200754,6.5,-1.4545,1.2503,-0.9707,-0.4
2026-07-01,Alberta,,179.8,2670.0,7.0,5057077,2026-04-01,True,,4.1715,3.5285,,,3.032140691328067,0.9348995875023247,6.4,,1.1394,2.5936,0.6
2026-07-01,British Columbia,,163.7,2954.7,6.2,5646420,2026-04-01,True,,2.8913,0.0779,,,3.032140691328067,0.9348995875023247,6.4,,-0.1409,-0.857,-0.2
2026-07-01,Canada,,169.9,21214.8,6.4,41417056,2026-04-01,True,,3.0321,0.9349,,,3.032140691328067,0.9348995875023247,6.4,,0.0,0.0,0.0
2026-07-01,Manitoba,,172.2,755.6,5.0,1503865,2026-04-01,True,,4.1742,1.9016,,,3.032140691328067,0.9348995875023247,6.4,,1.1421,0.9667,-1.4
2026-07-01,New Brunswick,,172.2,406.2,7.0,866497,2026-04-01,True,,4.5537,-0.2456,,,3.032140691328067,0.9348995875023247,6.4,,1.5216,-1.1805,0.6
2026-07-01,Newfoundland and Labrador,,172.7,243.6,9.3,547910,2026-04-01,True,,4.2245,-0.8547,,,3.032140691328067,0.9348995875023247,6.4,,1.1924,-1.7896,2.9
2026-07-01,Nova Scotia,,177.1,537.9,6.2,1090852,2026-04-01,True,,5.0415,2.3597,,,3.032140691328067,0.9348995875023247,6.4,,2.0094,1.4248,-0.2
2026-07-01,Ontario,,169.9,8324.6,6.8,16103890,2026-04-01,True,,2.042,1.3181,,,3.032140691328067,0.9348995875023247,6.4,,-0.9901,0.3832,0.4
2026-07-01,Prince Edward Island,,175.8,96.0,6.8,181715,2026-04-01,True,,3.9622,3.3369,,,3.032140691328067,0.9348995875023247,6.4,,0.93,2.402,0.4
2026-07-01,Quebec,,167.0,4607.2,5.6,9016222,2026-04-01,True,,3.3416,-0.5998,,,3.032140691328067,0.9348995875023247,6.4,,0.3094,-1.5347,-0.8
2026-07-01,Saskatchewan,,172.7,619.2,6.0,1266092,2026-04-01,True,,4.0989,-0.61,,,3.032140691328067,0.9348995875023247,6.4,,1.0667,-1.5449,-0.4
